=== Starting Judgment Formatting Batch Job ===
(node:50174) Warning: SECURITY WARNING: The SSL modes 'prefer', 'require', and 'verify-ca' are treated as aliases for 'verify-full'.
In the next major version (pg-connection-string v3.0.0 and pg v9.0.0), these modes will adopt standard libpq semantics, which have weaker security guarantees.

To prepare for this change:
- If you want the current behavior, explicitly use 'sslmode=verify-full'
- If you want libpq compatibility now, use 'uselibpqcompat=true&sslmode=require'

See https://www.postgresql.org/docs/current/libpq-ssl.html for libpq SSL mode definitions.
(Use `node --trace-warnings ...` to show where the warning was created)
Found 234837 judgments to format.
Processing in batches of 50...
Progress: 50 / 234837 | Success: 40 | Failed: 10 (0.0%)
Progress: 100 / 234837 | Success: 85 | Failed: 15 (0.0%)
Progress: 150 / 234837 | Success: 128 | Failed: 22 (0.1%)
Progress: 200 / 234837 | Success: 171 | Failed: 29 (0.1%)
Progress: 250 / 234837 | Success: 208 | Failed: 42 (0.1%)
Progress: 300 / 234837 | Success: 248 | Failed: 52 (0.1%)
Progress: 350 / 234837 | Success: 288 | Failed: 62 (0.1%)
Progress: 400 / 234837 | Success: 319 | Failed: 81 (0.2%)
Progress: 450 / 234837 | Success: 351 | Failed: 99 (0.2%)
Progress: 500 / 234837 | Success: 385 | Failed: 115 (0.2%)
Progress: 550 / 234837 | Success: 429 | Failed: 121 (0.2%)
Progress: 600 / 234837 | Success: 460 | Failed: 140 (0.3%)
Progress: 650 / 234837 | Success: 502 | Failed: 148 (0.3%)
Progress: 700 / 234837 | Success: 550 | Failed: 150 (0.3%)
Progress: 750 / 234837 | Success: 593 | Failed: 157 (0.3%)
Progress: 800 / 234837 | Success: 635 | Failed: 165 (0.3%)
Progress: 850 / 234837 | Success: 678 | Failed: 172 (0.4%)
Progress: 900 / 234837 | Success: 728 | Failed: 172 (0.4%)
Progress: 950 / 234837 | Success: 776 | Failed: 174 (0.4%)
Progress: 1000 / 234837 | Success: 824 | Failed: 176 (0.4%)
Progress: 1050 / 234837 | Success: 872 | Failed: 178 (0.4%)
Progress: 1100 / 234837 | Success: 922 | Failed: 178 (0.5%)
Progress: 1150 / 234837 | Success: 972 | Failed: 178 (0.5%)
Progress: 1200 / 234837 | Success: 1021 | Failed: 179 (0.5%)
Progress: 1250 / 234837 | Success: 1071 | Failed: 179 (0.5%)
Progress: 1300 / 234837 | Success: 1120 | Failed: 180 (0.6%)
Progress: 1350 / 234837 | Success: 1168 | Failed: 182 (0.6%)
Progress: 1400 / 234837 | Success: 1216 | Failed: 184 (0.6%)
Progress: 1450 / 234837 | Success: 1265 | Failed: 185 (0.6%)
Progress: 1500 / 234837 | Success: 1313 | Failed: 187 (0.6%)
Progress: 1550 / 234837 | Success: 1360 | Failed: 190 (0.7%)
Progress: 1600 / 234837 | Success: 1407 | Failed: 193 (0.7%)
Progress: 1650 / 234837 | Success: 1457 | Failed: 193 (0.7%)
Progress: 1700 / 234837 | Success: 1507 | Failed: 193 (0.7%)
Progress: 1750 / 234837 | Success: 1557 | Failed: 193 (0.7%)
Progress: 1800 / 234837 | Success: 1607 | Failed: 193 (0.8%)
Progress: 1850 / 234837 | Success: 1654 | Failed: 196 (0.8%)
Progress: 1900 / 234837 | Success: 1701 | Failed: 199 (0.8%)
Progress: 1950 / 234837 | Success: 1749 | Failed: 201 (0.8%)
Progress: 2000 / 234837 | Success: 1796 | Failed: 204 (0.9%)
Progress: 2050 / 234837 | Success: 1843 | Failed: 207 (0.9%)
Progress: 2100 / 234837 | Success: 1889 | Failed: 211 (0.9%)
Progress: 2150 / 234837 | Success: 1939 | Failed: 211 (0.9%)
Progress: 2200 / 234837 | Success: 1988 | Failed: 212 (0.9%)
Progress: 2250 / 234837 | Success: 2035 | Failed: 215 (1.0%)
Progress: 2300 / 234837 | Success: 2082 | Failed: 218 (1.0%)
Progress: 2350 / 234837 | Success: 2129 | Failed: 221 (1.0%)
Progress: 2400 / 234837 | Success: 2176 | Failed: 224 (1.0%)
Progress: 2450 / 234837 | Success: 2222 | Failed: 228 (1.0%)
Progress: 2500 / 234837 | Success: 2266 | Failed: 234 (1.1%)
Progress: 2550 / 234837 | Success: 2310 | Failed: 240 (1.1%)
Progress: 2600 / 234837 | Success: 2360 | Failed: 240 (1.1%)
Progress: 2650 / 234837 | Success: 2410 | Failed: 240 (1.1%)
Progress: 2700 / 234837 | Success: 2459 | Failed: 241 (1.1%)
Progress: 2750 / 234837 | Success: 2508 | Failed: 242 (1.2%)
Progress: 2800 / 234837 | Success: 2557 | Failed: 243 (1.2%)
Progress: 2850 / 234837 | Success: 2607 | Failed: 243 (1.2%)
Progress: 2900 / 234837 | Success: 2655 | Failed: 245 (1.2%)
Progress: 2950 / 234837 | Success: 2703 | Failed: 247 (1.3%)
Progress: 3000 / 234837 | Success: 2750 | Failed: 250 (1.3%)
Progress: 3050 / 234837 | Success: 2799 | Failed: 251 (1.3%)
Progress: 3100 / 234837 | Success: 2848 | Failed: 252 (1.3%)
Progress: 3150 / 234837 | Success: 2897 | Failed: 253 (1.3%)
Progress: 3200 / 234837 | Success: 2945 | Failed: 255 (1.4%)
Progress: 3250 / 234837 | Success: 2995 | Failed: 255 (1.4%)
Progress: 3300 / 234837 | Success: 3044 | Failed: 256 (1.4%)
Progress: 3350 / 234837 | Success: 3093 | Failed: 257 (1.4%)
Progress: 3400 / 234837 | Success: 3140 | Failed: 260 (1.4%)
Progress: 3450 / 234837 | Success: 3189 | Failed: 261 (1.5%)
Progress: 3500 / 234837 | Success: 3237 | Failed: 263 (1.5%)
Progress: 3550 / 234837 | Success: 3284 | Failed: 266 (1.5%)
Progress: 3600 / 234837 | Success: 3334 | Failed: 266 (1.5%)
Progress: 3650 / 234837 | Success: 3382 | Failed: 268 (1.6%)
Progress: 3700 / 234837 | Success: 3429 | Failed: 271 (1.6%)
Progress: 3750 / 234837 | Success: 3476 | Failed: 274 (1.6%)
Progress: 3800 / 234837 | Success: 3525 | Failed: 275 (1.6%)
Progress: 3850 / 234837 | Success: 3573 | Failed: 277 (1.6%)
Progress: 3900 / 234837 | Success: 3620 | Failed: 280 (1.7%)
Progress: 3950 / 234837 | Success: 3666 | Failed: 284 (1.7%)
Progress: 4000 / 234837 | Success: 3716 | Failed: 284 (1.7%)
Progress: 4050 / 234837 | Success: 3766 | Failed: 284 (1.7%)
Progress: 4100 / 234837 | Success: 3816 | Failed: 284 (1.7%)
Progress: 4150 / 234837 | Success: 3865 | Failed: 285 (1.8%)
Progress: 4200 / 234837 | Success: 3914 | Failed: 286 (1.8%)
Progress: 4250 / 234837 | Success: 3962 | Failed: 288 (1.8%)
Progress: 4300 / 234837 | Success: 4009 | Failed: 291 (1.8%)
Progress: 4350 / 234837 | Success: 4055 | Failed: 295 (1.9%)
Progress: 4400 / 234837 | Success: 4103 | Failed: 297 (1.9%)
Progress: 4450 / 234837 | Success: 4150 | Failed: 300 (1.9%)
Progress: 4500 / 234837 | Success: 4195 | Failed: 305 (1.9%)
Progress: 4550 / 234837 | Success: 4240 | Failed: 310 (1.9%)
Progress: 4600 / 234837 | Success: 4283 | Failed: 317 (2.0%)
Progress: 4650 / 234837 | Success: 4331 | Failed: 319 (2.0%)
Progress: 4700 / 234837 | Success: 4377 | Failed: 323 (2.0%)
Progress: 4750 / 234837 | Success: 4422 | Failed: 328 (2.0%)
Progress: 4800 / 234837 | Success: 4472 | Failed: 328 (2.0%)
Progress: 4850 / 234837 | Success: 4521 | Failed: 329 (2.1%)
Progress: 4900 / 234837 | Success: 4570 | Failed: 330 (2.1%)
Progress: 4950 / 234837 | Success: 4618 | Failed: 332 (2.1%)
Progress: 5000 / 234837 | Success: 4667 | Failed: 333 (2.1%)
Progress: 5050 / 234837 | Success: 4715 | Failed: 335 (2.2%)
Progress: 5100 / 234837 | Success: 4763 | Failed: 337 (2.2%)
Progress: 5150 / 234837 | Success: 4811 | Failed: 339 (2.2%)
Progress: 5200 / 234837 | Success: 4859 | Failed: 341 (2.2%)
Progress: 5250 / 234837 | Success: 4906 | Failed: 344 (2.2%)
Progress: 5300 / 234837 | Success: 4953 | Failed: 347 (2.3%)
Progress: 5350 / 234837 | Success: 5000 | Failed: 350 (2.3%)
Progress: 5400 / 234837 | Success: 5049 | Failed: 351 (2.3%)
Progress: 5450 / 234837 | Success: 5098 | Failed: 352 (2.3%)
Progress: 5500 / 234837 | Success: 5146 | Failed: 354 (2.3%)
Progress: 5550 / 234837 | Success: 5194 | Failed: 356 (2.4%)
Progress: 5600 / 234837 | Success: 5241 | Failed: 359 (2.4%)
Progress: 5650 / 234837 | Success: 5291 | Failed: 359 (2.4%)
Progress: 5700 / 234837 | Success: 5341 | Failed: 359 (2.4%)
Progress: 5750 / 234837 | Success: 5388 | Failed: 362 (2.4%)
Progress: 5800 / 234837 | Success: 5437 | Failed: 363 (2.5%)
Progress: 5850 / 234837 | Success: 5484 | Failed: 366 (2.5%)
Progress: 5900 / 234837 | Success: 5528 | Failed: 372 (2.5%)
Progress: 5950 / 234837 | Success: 5571 | Failed: 379 (2.5%)
Progress: 6000 / 234837 | Success: 5620 | Failed: 380 (2.6%)
Progress: 6050 / 234837 | Success: 5668 | Failed: 382 (2.6%)
Progress: 6100 / 234837 | Success: 5713 | Failed: 387 (2.6%)
Progress: 6150 / 234837 | Success: 5752 | Failed: 398 (2.6%)
Progress: 6200 / 234837 | Success: 5801 | Failed: 399 (2.6%)
Progress: 6250 / 234837 | Success: 5845 | Failed: 405 (2.7%)
Progress: 6300 / 234837 | Success: 5886 | Failed: 414 (2.7%)
Progress: 6350 / 234837 | Success: 5926 | Failed: 424 (2.7%)
Progress: 6400 / 234837 | Success: 5966 | Failed: 434 (2.7%)
Progress: 6450 / 234837 | Success: 6015 | Failed: 435 (2.7%)
Progress: 6500 / 234837 | Success: 6062 | Failed: 438 (2.8%)
Progress: 6550 / 234837 | Success: 6109 | Failed: 441 (2.8%)
Progress: 6600 / 234837 | Success: 6156 | Failed: 444 (2.8%)
Progress: 6650 / 234837 | Success: 6205 | Failed: 445 (2.8%)
Progress: 6700 / 234837 | Success: 6253 | Failed: 447 (2.9%)
Progress: 6750 / 234837 | Success: 6300 | Failed: 450 (2.9%)
Progress: 6800 / 234837 | Success: 6345 | Failed: 455 (2.9%)
Progress: 6850 / 234837 | Success: 6387 | Failed: 463 (2.9%)
Progress: 6900 / 234837 | Success: 6433 | Failed: 467 (2.9%)
Progress: 6950 / 234837 | Success: 6479 | Failed: 471 (3.0%)
Progress: 7000 / 234837 | Success: 6524 | Failed: 476 (3.0%)
Progress: 7050 / 234837 | Success: 6574 | Failed: 476 (3.0%)
Progress: 7100 / 234837 | Success: 6620 | Failed: 480 (3.0%)
Progress: 7150 / 234837 | Success: 6665 | Failed: 485 (3.0%)
Progress: 7200 / 234837 | Success: 6713 | Failed: 487 (3.1%)
Progress: 7250 / 234837 | Success: 6760 | Failed: 490 (3.1%)
Progress: 7300 / 234837 | Success: 6807 | Failed: 493 (3.1%)
Progress: 7350 / 234837 | Success: 6854 | Failed: 496 (3.1%)
Progress: 7400 / 234837 | Success: 6902 | Failed: 498 (3.2%)
Progress: 7450 / 234837 | Success: 6948 | Failed: 502 (3.2%)
Progress: 7500 / 234837 | Success: 6994 | Failed: 506 (3.2%)
Progress: 7550 / 234837 | Success: 7038 | Failed: 512 (3.2%)
Progress: 7600 / 234837 | Success: 7085 | Failed: 515 (3.2%)
Progress: 7650 / 234837 | Success: 7132 | Failed: 518 (3.3%)
Progress: 7700 / 234837 | Success: 7174 | Failed: 526 (3.3%)
Progress: 7750 / 234837 | Success: 7214 | Failed: 536 (3.3%)
Progress: 7800 / 234837 | Success: 7264 | Failed: 536 (3.3%)
Progress: 7850 / 234837 | Success: 7312 | Failed: 538 (3.3%)
Progress: 7900 / 234837 | Success: 7358 | Failed: 542 (3.4%)
Progress: 7950 / 234837 | Success: 7406 | Failed: 544 (3.4%)
Progress: 8000 / 234837 | Success: 7452 | Failed: 548 (3.4%)
Progress: 8050 / 234837 | Success: 7497 | Failed: 553 (3.4%)
Progress: 8100 / 234837 | Success: 7546 | Failed: 554 (3.4%)
Progress: 8150 / 234837 | Success: 7594 | Failed: 556 (3.5%)
Progress: 8200 / 234837 | Success: 7642 | Failed: 558 (3.5%)
Progress: 8250 / 234837 | Success: 7689 | Failed: 561 (3.5%)
Progress: 8300 / 234837 | Success: 7737 | Failed: 563 (3.5%)
Progress: 8350 / 234837 | Success: 7784 | Failed: 566 (3.6%)
Progress: 8400 / 234837 | Success: 7831 | Failed: 569 (3.6%)
Progress: 8450 / 234837 | Success: 7878 | Failed: 572 (3.6%)
Progress: 8500 / 234837 | Success: 7922 | Failed: 578 (3.6%)
Progress: 8550 / 234837 | Success: 7965 | Failed: 585 (3.6%)
Progress: 8600 / 234837 | Success: 8008 | Failed: 592 (3.7%)
Progress: 8650 / 234837 | Success: 8056 | Failed: 594 (3.7%)
Progress: 8700 / 234837 | Success: 8102 | Failed: 598 (3.7%)
Progress: 8750 / 234837 | Success: 8151 | Failed: 599 (3.7%)
Progress: 8800 / 234837 | Success: 8199 | Failed: 601 (3.7%)
Progress: 8850 / 234837 | Success: 8247 | Failed: 603 (3.8%)
Progress: 8900 / 234837 | Success: 8295 | Failed: 605 (3.8%)
Progress: 8950 / 234837 | Success: 8342 | Failed: 608 (3.8%)
Progress: 9000 / 234837 | Success: 8387 | Failed: 613 (3.8%)
Progress: 9050 / 234837 | Success: 8437 | Failed: 613 (3.9%)
Progress: 9100 / 234837 | Success: 8485 | Failed: 615 (3.9%)
Progress: 9150 / 234837 | Success: 8533 | Failed: 617 (3.9%)
Progress: 9200 / 234837 | Success: 8580 | Failed: 620 (3.9%)
Progress: 9250 / 234837 | Success: 8628 | Failed: 622 (3.9%)
Progress: 9300 / 234837 | Success: 8674 | Failed: 626 (4.0%)
Progress: 9350 / 234837 | Success: 8717 | Failed: 633 (4.0%)
Progress: 9400 / 234837 | Success: 8758 | Failed: 642 (4.0%)
Progress: 9450 / 234837 | Success: 8806 | Failed: 644 (4.0%)
Progress: 9500 / 234837 | Success: 8850 | Failed: 650 (4.0%)
Progress: 9550 / 234837 | Success: 8891 | Failed: 659 (4.1%)
Progress: 9600 / 234837 | Success: 8940 | Failed: 660 (4.1%)
Progress: 9650 / 234837 | Success: 8986 | Failed: 664 (4.1%)
Progress: 9700 / 234837 | Success: 9031 | Failed: 669 (4.1%)
Progress: 9750 / 234837 | Success: 9072 | Failed: 678 (4.2%)
Progress: 9800 / 234837 | Success: 9121 | Failed: 679 (4.2%)
Progress: 9850 / 234837 | Success: 9166 | Failed: 684 (4.2%)
Progress: 9900 / 234837 | Success: 9207 | Failed: 693 (4.2%)
Progress: 9950 / 234837 | Success: 9246 | Failed: 704 (4.2%)
Progress: 10000 / 234837 | Success: 9295 | Failed: 705 (4.3%)
Progress: 10050 / 234837 | Success: 9340 | Failed: 710 (4.3%)
Progress: 10100 / 234837 | Success: 9383 | Failed: 717 (4.3%)
Progress: 10150 / 234837 | Success: 9425 | Failed: 725 (4.3%)
Progress: 10200 / 234837 | Success: 9466 | Failed: 734 (4.3%)
Progress: 10250 / 234837 | Success: 9512 | Failed: 738 (4.4%)
Progress: 10300 / 234837 | Success: 9556 | Failed: 744 (4.4%)
Progress: 10350 / 234837 | Success: 9598 | Failed: 752 (4.4%)
Progress: 10400 / 234837 | Success: 9640 | Failed: 760 (4.4%)
Progress: 10450 / 234837 | Success: 9686 | Failed: 764 (4.4%)
Progress: 10500 / 234837 | Success: 9727 | Failed: 773 (4.5%)
Progress: 10550 / 234837 | Success: 9764 | Failed: 786 (4.5%)
Progress: 10600 / 234837 | Success: 9801 | Failed: 799 (4.5%)
Progress: 10650 / 234837 | Success: 9838 | Failed: 812 (4.5%)
Progress: 10700 / 234837 | Success: 9884 | Failed: 816 (4.6%)
Progress: 10750 / 234837 | Success: 9927 | Failed: 823 (4.6%)
Progress: 10800 / 234837 | Success: 9968 | Failed: 832 (4.6%)
Progress: 10850 / 234837 | Success: 10006 | Failed: 844 (4.6%)
Progress: 10900 / 234837 | Success: 10044 | Failed: 856 (4.6%)
Progress: 10950 / 234837 | Success: 10092 | Failed: 858 (4.7%)
Progress: 11000 / 234837 | Success: 10137 | Failed: 863 (4.7%)
Progress: 11050 / 234837 | Success: 10177 | Failed: 873 (4.7%)
Progress: 11100 / 234837 | Success: 10215 | Failed: 885 (4.7%)
Progress: 11150 / 234837 | Success: 10262 | Failed: 888 (4.7%)
Progress: 11200 / 234837 | Success: 10306 | Failed: 894 (4.8%)
Progress: 11250 / 234837 | Success: 10349 | Failed: 901 (4.8%)
Progress: 11300 / 234837 | Success: 10391 | Failed: 909 (4.8%)
Progress: 11350 / 234837 | Success: 10432 | Failed: 918 (4.8%)
Progress: 11400 / 234837 | Success: 10472 | Failed: 928 (4.9%)
Progress: 11450 / 234837 | Success: 10510 | Failed: 940 (4.9%)
Progress: 11500 / 234837 | Success: 10560 | Failed: 940 (4.9%)
Progress: 11550 / 234837 | Success: 10610 | Failed: 940 (4.9%)
Progress: 11600 / 234837 | Success: 10660 | Failed: 940 (4.9%)
Progress: 11650 / 234837 | Success: 10709 | Failed: 941 (5.0%)
Progress: 11700 / 234837 | Success: 10756 | Failed: 944 (5.0%)
Progress: 11750 / 234837 | Success: 10802 | Failed: 948 (5.0%)
Progress: 11800 / 234837 | Success: 10849 | Failed: 951 (5.0%)
Progress: 11850 / 234837 | Success: 10895 | Failed: 955 (5.0%)
Progress: 11900 / 234837 | Success: 10941 | Failed: 959 (5.1%)
Progress: 11950 / 234837 | Success: 10989 | Failed: 961 (5.1%)
Progress: 12000 / 234837 | Success: 11037 | Failed: 963 (5.1%)
Progress: 12050 / 234837 | Success: 11084 | Failed: 966 (5.1%)
Progress: 12100 / 234837 | Success: 11129 | Failed: 971 (5.2%)
Progress: 12150 / 234837 | Success: 11178 | Failed: 972 (5.2%)
Progress: 12200 / 234837 | Success: 11226 | Failed: 974 (5.2%)
Progress: 12250 / 234837 | Success: 11272 | Failed: 978 (5.2%)
Progress: 12300 / 234837 | Success: 11318 | Failed: 982 (5.2%)
Progress: 12350 / 234837 | Success: 11368 | Failed: 982 (5.3%)
Progress: 12400 / 234837 | Success: 11417 | Failed: 983 (5.3%)
Progress: 12450 / 234837 | Success: 11464 | Failed: 986 (5.3%)
Progress: 12500 / 234837 | Success: 11509 | Failed: 991 (5.3%)
Progress: 12550 / 234837 | Success: 11559 | Failed: 991 (5.3%)
Progress: 12600 / 234837 | Success: 11608 | Failed: 992 (5.4%)
Progress: 12650 / 234837 | Success: 11654 | Failed: 996 (5.4%)
Progress: 12700 / 234837 | Success: 11703 | Failed: 997 (5.4%)
Progress: 12750 / 234837 | Success: 11750 | Failed: 1000 (5.4%)
Progress: 12800 / 234837 | Success: 11797 | Failed: 1003 (5.5%)
Progress: 12850 / 234837 | Success: 11842 | Failed: 1008 (5.5%)
Progress: 12900 / 234837 | Success: 11889 | Failed: 1011 (5.5%)
Progress: 12950 / 234837 | Success: 11934 | Failed: 1016 (5.5%)
Progress: 13000 / 234837 | Success: 11978 | Failed: 1022 (5.5%)
Progress: 13050 / 234837 | Success: 12020 | Failed: 1030 (5.6%)
Progress: 13100 / 234837 | Success: 12069 | Failed: 1031 (5.6%)
Progress: 13150 / 234837 | Success: 12117 | Failed: 1033 (5.6%)
Progress: 13200 / 234837 | Success: 12165 | Failed: 1035 (5.6%)
Progress: 13250 / 234837 | Success: 12215 | Failed: 1035 (5.6%)
Progress: 13300 / 234837 | Success: 12264 | Failed: 1036 (5.7%)
Progress: 13350 / 234837 | Success: 12313 | Failed: 1037 (5.7%)
Progress: 13400 / 234837 | Success: 12361 | Failed: 1039 (5.7%)
Progress: 13450 / 234837 | Success: 12405 | Failed: 1045 (5.7%)
Progress: 13500 / 234837 | Success: 12449 | Failed: 1051 (5.7%)
Progress: 13550 / 234837 | Success: 12492 | Failed: 1058 (5.8%)
Progress: 13600 / 234837 | Success: 12535 | Failed: 1065 (5.8%)
Progress: 13650 / 234837 | Success: 12581 | Failed: 1069 (5.8%)
Progress: 13700 / 234837 | Success: 12625 | Failed: 1075 (5.8%)
Progress: 13750 / 234837 | Success: 12664 | Failed: 1086 (5.9%)
Progress: 13800 / 234837 | Success: 12712 | Failed: 1088 (5.9%)
Progress: 13850 / 234837 | Success: 12760 | Failed: 1090 (5.9%)
Progress: 13900 / 234837 | Success: 12809 | Failed: 1091 (5.9%)
Progress: 13950 / 234837 | Success: 12857 | Failed: 1093 (5.9%)
Progress: 14000 / 234837 | Success: 12904 | Failed: 1096 (6.0%)
Progress: 14050 / 234837 | Success: 12949 | Failed: 1101 (6.0%)
Progress: 14100 / 234837 | Success: 12998 | Failed: 1102 (6.0%)
Progress: 14150 / 234837 | Success: 13045 | Failed: 1105 (6.0%)
Progress: 14200 / 234837 | Success: 13091 | Failed: 1109 (6.0%)
Progress: 14250 / 234837 | Success: 13133 | Failed: 1117 (6.1%)
Progress: 14300 / 234837 | Success: 13172 | Failed: 1128 (6.1%)
Progress: 14350 / 234837 | Success: 13211 | Failed: 1139 (6.1%)
Progress: 14400 / 234837 | Success: 13259 | Failed: 1141 (6.1%)
Progress: 14450 / 234837 | Success: 13305 | Failed: 1145 (6.2%)
Progress: 14500 / 234837 | Success: 13351 | Failed: 1149 (6.2%)
Progress: 14550 / 234837 | Success: 13396 | Failed: 1154 (6.2%)
Progress: 14600 / 234837 | Success: 13445 | Failed: 1155 (6.2%)
Progress: 14650 / 234837 | Success: 13494 | Failed: 1156 (6.2%)
Progress: 14700 / 234837 | Success: 13541 | Failed: 1159 (6.3%)
Progress: 14750 / 234837 | Success: 13587 | Failed: 1163 (6.3%)
Progress: 14800 / 234837 | Success: 13635 | Failed: 1165 (6.3%)
Progress: 14850 / 234837 | Success: 13681 | Failed: 1169 (6.3%)
Progress: 14900 / 234837 | Success: 13727 | Failed: 1173 (6.3%)
Progress: 14950 / 234837 | Success: 13773 | Failed: 1177 (6.4%)
Progress: 15000 / 234837 | Success: 13823 | Failed: 1177 (6.4%)
Progress: 15050 / 234837 | Success: 13857 | Failed: 1193 (6.4%)
Progress: 15100 / 234837 | Success: 13902 | Failed: 1198 (6.4%)
Progress: 15150 / 234837 | Success: 13947 | Failed: 1203 (6.5%)
Progress: 15200 / 234837 | Success: 13972 | Failed: 1228 (6.5%)
Progress: 15250 / 234837 | Success: 14002 | Failed: 1248 (6.5%)
Progress: 15300 / 234837 | Success: 14031 | Failed: 1269 (6.5%)
Progress: 15350 / 234837 | Success: 14065 | Failed: 1285 (6.5%)
Progress: 15400 / 234837 | Success: 14090 | Failed: 1310 (6.6%)
Progress: 15450 / 234837 | Success: 14103 | Failed: 1347 (6.6%)
Progress: 15500 / 234837 | Success: 14121 | Failed: 1379 (6.6%)
Progress: 15550 / 234837 | Success: 14169 | Failed: 1381 (6.6%)
Progress: 15600 / 234837 | Success: 14211 | Failed: 1389 (6.6%)
Progress: 15650 / 234837 | Success: 14248 | Failed: 1402 (6.7%)
Progress: 15700 / 234837 | Success: 14288 | Failed: 1412 (6.7%)
Progress: 15750 / 234837 | Success: 14318 | Failed: 1432 (6.7%)
Progress: 15800 / 234837 | Success: 14359 | Failed: 1441 (6.7%)
Progress: 15850 / 234837 | Success: 14397 | Failed: 1453 (6.7%)
Progress: 15900 / 234837 | Success: 14436 | Failed: 1464 (6.8%)
Progress: 15950 / 234837 | Success: 14484 | Failed: 1466 (6.8%)
Progress: 16000 / 234837 | Success: 14532 | Failed: 1468 (6.8%)
Progress: 16050 / 234837 | Success: 14580 | Failed: 1470 (6.8%)
Progress: 16100 / 234837 | Success: 14629 | Failed: 1471 (6.9%)
Progress: 16150 / 234837 | Success: 14678 | Failed: 1472 (6.9%)
Progress: 16200 / 234837 | Success: 14727 | Failed: 1473 (6.9%)
Progress: 16250 / 234837 | Success: 14775 | Failed: 1475 (6.9%)
Progress: 16300 / 234837 | Success: 14823 | Failed: 1477 (6.9%)
Progress: 16350 / 234837 | Success: 14872 | Failed: 1478 (7.0%)
Progress: 16400 / 234837 | Success: 14921 | Failed: 1479 (7.0%)
Progress: 16450 / 234837 | Success: 14968 | Failed: 1482 (7.0%)
Progress: 16500 / 234837 | Success: 15013 | Failed: 1487 (7.0%)
Progress: 16550 / 234837 | Success: 15062 | Failed: 1488 (7.0%)
Progress: 16600 / 234837 | Success: 15110 | Failed: 1490 (7.1%)
Progress: 16650 / 234837 | Success: 15156 | Failed: 1494 (7.1%)
Progress: 16700 / 234837 | Success: 15202 | Failed: 1498 (7.1%)
Progress: 16750 / 234837 | Success: 15247 | Failed: 1503 (7.1%)
Progress: 16800 / 234837 | Success: 15290 | Failed: 1510 (7.2%)
Progress: 16850 / 234837 | Success: 15338 | Failed: 1512 (7.2%)
Progress: 16900 / 234837 | Success: 15385 | Failed: 1515 (7.2%)
Progress: 16950 / 234837 | Success: 15430 | Failed: 1520 (7.2%)
Progress: 17000 / 234837 | Success: 15473 | Failed: 1527 (7.2%)
Progress: 17050 / 234837 | Success: 15523 | Failed: 1527 (7.3%)
Progress: 17100 / 234837 | Success: 15573 | Failed: 1527 (7.3%)
Progress: 17150 / 234837 | Success: 15623 | Failed: 1527 (7.3%)
Progress: 17200 / 234837 | Success: 15673 | Failed: 1527 (7.3%)
Progress: 17250 / 234837 | Success: 15723 | Failed: 1527 (7.3%)
Progress: 17300 / 234837 | Success: 15773 | Failed: 1527 (7.4%)
Progress: 17350 / 234837 | Success: 15823 | Failed: 1527 (7.4%)
Progress: 17400 / 234837 | Success: 15870 | Failed: 1530 (7.4%)
Progress: 17450 / 234837 | Success: 15916 | Failed: 1534 (7.4%)
Progress: 17500 / 234837 | Success: 15961 | Failed: 1539 (7.5%)
Progress: 17550 / 234837 | Success: 16005 | Failed: 1545 (7.5%)
Progress: 17600 / 234837 | Success: 16053 | Failed: 1547 (7.5%)
Progress: 17650 / 234837 | Success: 16101 | Failed: 1549 (7.5%)
Progress: 17700 / 234837 | Success: 16147 | Failed: 1553 (7.5%)
Progress: 17750 / 234837 | Success: 16192 | Failed: 1558 (7.6%)
Progress: 17800 / 234837 | Success: 16242 | Failed: 1558 (7.6%)
Progress: 17850 / 234837 | Success: 16292 | Failed: 1558 (7.6%)
Progress: 17900 / 234837 | Success: 16342 | Failed: 1558 (7.6%)
Progress: 17950 / 234837 | Success: 16391 | Failed: 1559 (7.6%)
Progress: 18000 / 234837 | Success: 16437 | Failed: 1563 (7.7%)
Progress: 18050 / 234837 | Success: 16481 | Failed: 1569 (7.7%)
Progress: 18100 / 234837 | Success: 16524 | Failed: 1576 (7.7%)
Progress: 18150 / 234837 | Success: 16566 | Failed: 1584 (7.7%)
Progress: 18200 / 234837 | Success: 16616 | Failed: 1584 (7.8%)
Progress: 18250 / 234837 | Success: 16665 | Failed: 1585 (7.8%)
Progress: 18300 / 234837 | Success: 16713 | Failed: 1587 (7.8%)
Progress: 18350 / 234837 | Success: 16761 | Failed: 1589 (7.8%)
Progress: 18400 / 234837 | Success: 16808 | Failed: 1592 (7.8%)
Progress: 18450 / 234837 | Success: 16854 | Failed: 1596 (7.9%)
Progress: 18500 / 234837 | Success: 16900 | Failed: 1600 (7.9%)
Progress: 18550 / 234837 | Success: 16944 | Failed: 1606 (7.9%)
Progress: 18600 / 234837 | Success: 16987 | Failed: 1613 (7.9%)
Progress: 18650 / 234837 | Success: 17034 | Failed: 1616 (7.9%)
Progress: 18700 / 234837 | Success: 17081 | Failed: 1619 (8.0%)
Progress: 18750 / 234837 | Success: 17127 | Failed: 1623 (8.0%)
Progress: 18800 / 234837 | Success: 17176 | Failed: 1624 (8.0%)
Progress: 18850 / 234837 | Success: 17225 | Failed: 1625 (8.0%)
Progress: 18900 / 234837 | Success: 17273 | Failed: 1627 (8.0%)
Progress: 18950 / 234837 | Success: 17321 | Failed: 1629 (8.1%)
Progress: 19000 / 234837 | Success: 17367 | Failed: 1633 (8.1%)
Progress: 19050 / 234837 | Success: 17412 | Failed: 1638 (8.1%)
Progress: 19100 / 234837 | Success: 17456 | Failed: 1644 (8.1%)
Progress: 19150 / 234837 | Success: 17506 | Failed: 1644 (8.2%)
Progress: 19200 / 234837 | Success: 17554 | Failed: 1646 (8.2%)
Progress: 19250 / 234837 | Success: 17603 | Failed: 1647 (8.2%)
Progress: 19300 / 234837 | Success: 17649 | Failed: 1651 (8.2%)
Progress: 19350 / 234837 | Success: 17694 | Failed: 1656 (8.2%)
Progress: 19400 / 234837 | Success: 17738 | Failed: 1662 (8.3%)
Progress: 19450 / 234837 | Success: 17780 | Failed: 1670 (8.3%)
Progress: 19500 / 234837 | Success: 17826 | Failed: 1674 (8.3%)
Progress: 19550 / 234837 | Success: 17868 | Failed: 1682 (8.3%)
Progress: 19600 / 234837 | Success: 17909 | Failed: 1691 (8.3%)
Progress: 19650 / 234837 | Success: 17949 | Failed: 1701 (8.4%)
Progress: 19700 / 234837 | Success: 17998 | Failed: 1702 (8.4%)
Progress: 19750 / 234837 | Success: 18047 | Failed: 1703 (8.4%)
Progress: 19800 / 234837 | Success: 18095 | Failed: 1705 (8.4%)
Progress: 19850 / 234837 | Success: 18145 | Failed: 1705 (8.5%)
Progress: 19900 / 234837 | Success: 18195 | Failed: 1705 (8.5%)
Progress: 19950 / 234837 | Success: 18243 | Failed: 1707 (8.5%)
Progress: 20000 / 234837 | Success: 18291 | Failed: 1709 (8.5%)
Progress: 20050 / 234837 | Success: 18339 | Failed: 1711 (8.5%)
Progress: 20100 / 234837 | Success: 18385 | Failed: 1715 (8.6%)
Progress: 20150 / 234837 | Success: 18430 | Failed: 1720 (8.6%)
Progress: 20200 / 234837 | Success: 18474 | Failed: 1726 (8.6%)
Progress: 20250 / 234837 | Success: 18522 | Failed: 1728 (8.6%)
Progress: 20300 / 234837 | Success: 18570 | Failed: 1730 (8.6%)
Progress: 20350 / 234837 | Success: 18618 | Failed: 1732 (8.7%)
Progress: 20400 / 234837 | Success: 18664 | Failed: 1736 (8.7%)
Progress: 20450 / 234837 | Success: 18712 | Failed: 1738 (8.7%)
Progress: 20500 / 234837 | Success: 18759 | Failed: 1741 (8.7%)
Progress: 20550 / 234837 | Success: 18805 | Failed: 1745 (8.8%)
Progress: 20600 / 234837 | Success: 18847 | Failed: 1753 (8.8%)
Progress: 20650 / 234837 | Success: 18893 | Failed: 1757 (8.8%)
Progress: 20700 / 234837 | Success: 18938 | Failed: 1762 (8.8%)
Progress: 20750 / 234837 | Success: 18980 | Failed: 1770 (8.8%)
Progress: 20800 / 234837 | Success: 19022 | Failed: 1778 (8.9%)
Progress: 20850 / 234837 | Success: 19071 | Failed: 1779 (8.9%)
Progress: 20900 / 234837 | Success: 19115 | Failed: 1785 (8.9%)
Progress: 20950 / 234837 | Success: 19156 | Failed: 1794 (8.9%)
Progress: 21000 / 234837 | Success: 19205 | Failed: 1795 (8.9%)
Progress: 21050 / 234837 | Success: 19253 | Failed: 1797 (9.0%)
Progress: 21100 / 234837 | Success: 19299 | Failed: 1801 (9.0%)
Progress: 21150 / 234837 | Success: 19343 | Failed: 1807 (9.0%)
Progress: 21200 / 234837 | Success: 19389 | Failed: 1811 (9.0%)
Progress: 21250 / 234837 | Success: 19432 | Failed: 1818 (9.0%)
Progress: 21300 / 234837 | Success: 19474 | Failed: 1826 (9.1%)
Progress: 21350 / 234837 | Success: 19524 | Failed: 1826 (9.1%)
Progress: 21400 / 234837 | Success: 19572 | Failed: 1828 (9.1%)
Progress: 21450 / 234837 | Success: 19619 | Failed: 1831 (9.1%)
Progress: 21500 / 234837 | Success: 19665 | Failed: 1835 (9.2%)
Progress: 21550 / 234837 | Success: 19714 | Failed: 1836 (9.2%)
Progress: 21600 / 234837 | Success: 19763 | Failed: 1837 (9.2%)
Progress: 21650 / 234837 | Success: 19812 | Failed: 1838 (9.2%)
Progress: 21700 / 234837 | Success: 19860 | Failed: 1840 (9.2%)
Progress: 21750 / 234837 | Success: 19907 | Failed: 1843 (9.3%)
Progress: 21800 / 234837 | Success: 19952 | Failed: 1848 (9.3%)
Progress: 21850 / 234837 | Success: 20000 | Failed: 1850 (9.3%)
Progress: 21900 / 234837 | Success: 20048 | Failed: 1852 (9.3%)
Progress: 21950 / 234837 | Success: 20094 | Failed: 1856 (9.3%)
Progress: 22000 / 234837 | Success: 20139 | Failed: 1861 (9.4%)
Progress: 22050 / 234837 | Success: 20188 | Failed: 1862 (9.4%)
Progress: 22100 / 234837 | Success: 20237 | Failed: 1863 (9.4%)
Progress: 22150 / 234837 | Success: 20285 | Failed: 1865 (9.4%)
Progress: 22200 / 234837 | Success: 20333 | Failed: 1867 (9.5%)
Progress: 22250 / 234837 | Success: 20383 | Failed: 1867 (9.5%)
Progress: 22300 / 234837 | Success: 20432 | Failed: 1868 (9.5%)
Progress: 22350 / 234837 | Success: 20481 | Failed: 1869 (9.5%)
Progress: 22400 / 234837 | Success: 20530 | Failed: 1870 (9.5%)
Progress: 22450 / 234837 | Success: 20579 | Failed: 1871 (9.6%)
Progress: 22500 / 234837 | Success: 20628 | Failed: 1872 (9.6%)
Progress: 22550 / 234837 | Success: 20677 | Failed: 1873 (9.6%)
Progress: 22600 / 234837 | Success: 20726 | Failed: 1874 (9.6%)
Progress: 22650 / 234837 | Success: 20775 | Failed: 1875 (9.6%)
Progress: 22700 / 234837 | Success: 20823 | Failed: 1877 (9.7%)
Progress: 22750 / 234837 | Success: 20868 | Failed: 1882 (9.7%)
Progress: 22800 / 234837 | Success: 20918 | Failed: 1882 (9.7%)
Progress: 22850 / 234837 | Success: 20968 | Failed: 1882 (9.7%)
Progress: 22900 / 234837 | Success: 21016 | Failed: 1884 (9.8%)
Progress: 22950 / 234837 | Success: 21064 | Failed: 1886 (9.8%)
Progress: 23000 / 234837 | Success: 21114 | Failed: 1886 (9.8%)
Progress: 23050 / 234837 | Success: 21164 | Failed: 1886 (9.8%)
Progress: 23100 / 234837 | Success: 21214 | Failed: 1886 (9.8%)
Progress: 23150 / 234837 | Success: 21264 | Failed: 1886 (9.9%)
Progress: 23200 / 234837 | Success: 21313 | Failed: 1887 (9.9%)
Progress: 23250 / 234837 | Success: 21361 | Failed: 1889 (9.9%)
Progress: 23300 / 234837 | Success: 21409 | Failed: 1891 (9.9%)
Progress: 23350 / 234837 | Success: 21456 | Failed: 1894 (9.9%)
Progress: 23400 / 234837 | Success: 21506 | Failed: 1894 (10.0%)
Progress: 23450 / 234837 | Success: 21556 | Failed: 1894 (10.0%)
Progress: 23500 / 234837 | Success: 21605 | Failed: 1895 (10.0%)
Progress: 23550 / 234837 | Success: 21652 | Failed: 1898 (10.0%)
Progress: 23600 / 234837 | Success: 21701 | Failed: 1899 (10.0%)
Progress: 23650 / 234837 | Success: 21748 | Failed: 1902 (10.1%)
Progress: 23700 / 234837 | Success: 21794 | Failed: 1906 (10.1%)
Progress: 23750 / 234837 | Success: 21839 | Failed: 1911 (10.1%)
Progress: 23800 / 234837 | Success: 21884 | Failed: 1916 (10.1%)
Progress: 23850 / 234837 | Success: 21932 | Failed: 1918 (10.2%)
Progress: 23900 / 234837 | Success: 21977 | Failed: 1923 (10.2%)
Progress: 23950 / 234837 | Success: 22026 | Failed: 1924 (10.2%)
Progress: 24000 / 234837 | Success: 22075 | Failed: 1925 (10.2%)
Progress: 24050 / 234837 | Success: 22124 | Failed: 1926 (10.2%)
Progress: 24100 / 234837 | Success: 22174 | Failed: 1926 (10.3%)
Progress: 24150 / 234837 | Success: 22223 | Failed: 1927 (10.3%)
Progress: 24200 / 234837 | Success: 22271 | Failed: 1929 (10.3%)
Progress: 24250 / 234837 | Success: 22320 | Failed: 1930 (10.3%)
Progress: 24300 / 234837 | Success: 22369 | Failed: 1931 (10.3%)
Progress: 24350 / 234837 | Success: 22417 | Failed: 1933 (10.4%)
Progress: 24400 / 234837 | Success: 22464 | Failed: 1936 (10.4%)
Progress: 24450 / 234837 | Success: 22512 | Failed: 1938 (10.4%)
Progress: 24500 / 234837 | Success: 22559 | Failed: 1941 (10.4%)
Progress: 24550 / 234837 | Success: 22605 | Failed: 1945 (10.5%)
Progress: 24600 / 234837 | Success: 22649 | Failed: 1951 (10.5%)
Progress: 24650 / 234837 | Success: 22698 | Failed: 1952 (10.5%)
Progress: 24700 / 234837 | Success: 22746 | Failed: 1954 (10.5%)
Progress: 24750 / 234837 | Success: 22791 | Failed: 1959 (10.5%)
Progress: 24800 / 234837 | Success: 22839 | Failed: 1961 (10.6%)
Progress: 24850 / 234837 | Success: 22887 | Failed: 1963 (10.6%)
Progress: 24900 / 234837 | Success: 22935 | Failed: 1965 (10.6%)
Progress: 24950 / 234837 | Success: 22981 | Failed: 1969 (10.6%)
Progress: 25000 / 234837 | Success: 23029 | Failed: 1971 (10.6%)
Progress: 25050 / 234837 | Success: 23076 | Failed: 1974 (10.7%)
Progress: 25100 / 234837 | Success: 23120 | Failed: 1980 (10.7%)
Progress: 25150 / 234837 | Success: 23163 | Failed: 1987 (10.7%)
Progress: 25200 / 234837 | Success: 23211 | Failed: 1989 (10.7%)
Progress: 25250 / 234837 | Success: 23256 | Failed: 1994 (10.8%)
Progress: 25300 / 234837 | Success: 23300 | Failed: 2000 (10.8%)
Progress: 25350 / 234837 | Success: 23342 | Failed: 2008 (10.8%)
Progress: 25400 / 234837 | Success: 23390 | Failed: 2010 (10.8%)
Progress: 25450 / 234837 | Success: 23437 | Failed: 2013 (10.8%)
Progress: 25500 / 234837 | Success: 23483 | Failed: 2017 (10.9%)
Progress: 25550 / 234837 | Success: 23529 | Failed: 2021 (10.9%)
Progress: 25600 / 234837 | Success: 23570 | Failed: 2030 (10.9%)
Progress: 25650 / 234837 | Success: 23618 | Failed: 2032 (10.9%)
Progress: 25700 / 234837 | Success: 23665 | Failed: 2035 (10.9%)
Progress: 25750 / 234837 | Success: 23709 | Failed: 2041 (11.0%)
Progress: 25800 / 234837 | Success: 23752 | Failed: 2048 (11.0%)
Progress: 25850 / 234837 | Success: 23798 | Failed: 2052 (11.0%)
Progress: 25900 / 234837 | Success: 23843 | Failed: 2057 (11.0%)
Progress: 25950 / 234837 | Success: 23887 | Failed: 2063 (11.1%)
Progress: 26000 / 234837 | Success: 23930 | Failed: 2070 (11.1%)
Progress: 26050 / 234837 | Success: 23972 | Failed: 2078 (11.1%)
Progress: 26100 / 234837 | Success: 24019 | Failed: 2081 (11.1%)
Progress: 26150 / 234837 | Success: 24065 | Failed: 2085 (11.1%)
Progress: 26200 / 234837 | Success: 24109 | Failed: 2091 (11.2%)
Progress: 26250 / 234837 | Success: 24150 | Failed: 2100 (11.2%)
Progress: 26300 / 234837 | Success: 24200 | Failed: 2100 (11.2%)
Progress: 26350 / 234837 | Success: 24245 | Failed: 2105 (11.2%)
Progress: 26400 / 234837 | Success: 24290 | Failed: 2110 (11.2%)
Progress: 26450 / 234837 | Success: 24333 | Failed: 2117 (11.3%)
Progress: 26500 / 234837 | Success: 24381 | Failed: 2119 (11.3%)
Progress: 26550 / 234837 | Success: 24428 | Failed: 2122 (11.3%)
Progress: 26600 / 234837 | Success: 24473 | Failed: 2127 (11.3%)
Progress: 26650 / 234837 | Success: 24516 | Failed: 2134 (11.3%)
Progress: 26700 / 234837 | Success: 24557 | Failed: 2143 (11.4%)
Progress: 26750 / 234837 | Success: 24606 | Failed: 2144 (11.4%)
Progress: 26800 / 234837 | Success: 24652 | Failed: 2148 (11.4%)
Progress: 26850 / 234837 | Success: 24696 | Failed: 2154 (11.4%)
Progress: 26900 / 234837 | Success: 24739 | Failed: 2161 (11.5%)
Progress: 26950 / 234837 | Success: 24789 | Failed: 2161 (11.5%)
Progress: 27000 / 234837 | Success: 24837 | Failed: 2163 (11.5%)
Progress: 27050 / 234837 | Success: 24883 | Failed: 2167 (11.5%)
Progress: 27100 / 234837 | Success: 24925 | Failed: 2175 (11.5%)
Progress: 27150 / 234837 | Success: 24966 | Failed: 2184 (11.6%)
Progress: 27200 / 234837 | Success: 25013 | Failed: 2187 (11.6%)
Progress: 27250 / 234837 | Success: 25057 | Failed: 2193 (11.6%)
Progress: 27300 / 234837 | Success: 25099 | Failed: 2201 (11.6%)
Progress: 27350 / 234837 | Success: 25139 | Failed: 2211 (11.6%)
Progress: 27400 / 234837 | Success: 25188 | Failed: 2212 (11.7%)
Progress: 27450 / 234837 | Success: 25234 | Failed: 2216 (11.7%)
Progress: 27500 / 234837 | Success: 25276 | Failed: 2224 (11.7%)
Progress: 27550 / 234837 | Success: 25317 | Failed: 2233 (11.7%)
Progress: 27600 / 234837 | Success: 25366 | Failed: 2234 (11.8%)
Progress: 27650 / 234837 | Success: 25415 | Failed: 2235 (11.8%)
Progress: 27700 / 234837 | Success: 25462 | Failed: 2238 (11.8%)
Progress: 27750 / 234837 | Success: 25507 | Failed: 2243 (11.8%)
Progress: 27800 / 234837 | Success: 25555 | Failed: 2245 (11.8%)
Progress: 27850 / 234837 | Success: 25601 | Failed: 2249 (11.9%)
Progress: 27900 / 234837 | Success: 25645 | Failed: 2255 (11.9%)
Progress: 27950 / 234837 | Success: 25687 | Failed: 2263 (11.9%)
Progress: 28000 / 234837 | Success: 25729 | Failed: 2271 (11.9%)
Progress: 28050 / 234837 | Success: 25777 | Failed: 2273 (11.9%)
Progress: 28100 / 234837 | Success: 25825 | Failed: 2275 (12.0%)
Progress: 28150 / 234837 | Success: 25872 | Failed: 2278 (12.0%)
Progress: 28200 / 234837 | Success: 25917 | Failed: 2283 (12.0%)
Progress: 28250 / 234837 | Success: 25967 | Failed: 2283 (12.0%)
Progress: 28300 / 234837 | Success: 26015 | Failed: 2285 (12.1%)
Progress: 28350 / 234837 | Success: 26062 | Failed: 2288 (12.1%)
Progress: 28400 / 234837 | Success: 26106 | Failed: 2294 (12.1%)
Progress: 28450 / 234837 | Success: 26153 | Failed: 2297 (12.1%)
Progress: 28500 / 234837 | Success: 26200 | Failed: 2300 (12.1%)
Progress: 28550 / 234837 | Success: 26243 | Failed: 2307 (12.2%)
Progress: 28600 / 234837 | Success: 26286 | Failed: 2314 (12.2%)
Progress: 28650 / 234837 | Success: 26329 | Failed: 2321 (12.2%)
Progress: 28700 / 234837 | Success: 26377 | Failed: 2323 (12.2%)
Progress: 28750 / 234837 | Success: 26423 | Failed: 2327 (12.2%)
Progress: 28800 / 234837 | Success: 26467 | Failed: 2333 (12.3%)
Progress: 28850 / 234837 | Success: 26509 | Failed: 2341 (12.3%)
Progress: 28900 / 234837 | Success: 26559 | Failed: 2341 (12.3%)
Progress: 28950 / 234837 | Success: 26606 | Failed: 2344 (12.3%)
Progress: 29000 / 234837 | Success: 26652 | Failed: 2348 (12.3%)
Progress: 29050 / 234837 | Success: 26693 | Failed: 2357 (12.4%)
Progress: 29100 / 234837 | Success: 26731 | Failed: 2369 (12.4%)
Progress: 29150 / 234837 | Success: 26780 | Failed: 2370 (12.4%)
Progress: 29200 / 234837 | Success: 26826 | Failed: 2374 (12.4%)
Progress: 29250 / 234837 | Success: 26871 | Failed: 2379 (12.5%)
Progress: 29300 / 234837 | Success: 26913 | Failed: 2387 (12.5%)
Progress: 29350 / 234837 | Success: 26960 | Failed: 2390 (12.5%)
Progress: 29400 / 234837 | Success: 27004 | Failed: 2396 (12.5%)
Progress: 29450 / 234837 | Success: 27047 | Failed: 2403 (12.5%)
Progress: 29500 / 234837 | Success: 27093 | Failed: 2407 (12.6%)
Progress: 29550 / 234837 | Success: 27138 | Failed: 2412 (12.6%)
Progress: 29600 / 234837 | Success: 27178 | Failed: 2422 (12.6%)
Progress: 29650 / 234837 | Success: 27212 | Failed: 2438 (12.6%)
Progress: 29700 / 234837 | Success: 27244 | Failed: 2456 (12.6%)
Progress: 29750 / 234837 | Success: 27275 | Failed: 2475 (12.7%)
Progress: 29800 / 234837 | Success: 27319 | Failed: 2481 (12.7%)
Progress: 29850 / 234837 | Success: 27362 | Failed: 2488 (12.7%)
Progress: 29900 / 234837 | Success: 27404 | Failed: 2496 (12.7%)
Progress: 29950 / 234837 | Success: 27443 | Failed: 2507 (12.8%)
Progress: 30000 / 234837 | Success: 27480 | Failed: 2520 (12.8%)
Progress: 30050 / 234837 | Success: 27527 | Failed: 2523 (12.8%)
Progress: 30100 / 234837 | Success: 27573 | Failed: 2527 (12.8%)
Progress: 30150 / 234837 | Success: 27616 | Failed: 2534 (12.8%)
Progress: 30200 / 234837 | Success: 27657 | Failed: 2543 (12.9%)
Progress: 30250 / 234837 | Success: 27706 | Failed: 2544 (12.9%)
Progress: 30300 / 234837 | Success: 27754 | Failed: 2546 (12.9%)
Progress: 30350 / 234837 | Success: 27802 | Failed: 2548 (12.9%)
Progress: 30400 / 234837 | Success: 27849 | Failed: 2551 (12.9%)
Progress: 30450 / 234837 | Success: 27894 | Failed: 2556 (13.0%)
Progress: 30500 / 234837 | Success: 27943 | Failed: 2557 (13.0%)
Progress: 30550 / 234837 | Success: 27991 | Failed: 2559 (13.0%)
Progress: 30600 / 234837 | Success: 28039 | Failed: 2561 (13.0%)
Progress: 30650 / 234837 | Success: 28085 | Failed: 2565 (13.1%)
Progress: 30700 / 234837 | Success: 28130 | Failed: 2570 (13.1%)
Progress: 30750 / 234837 | Success: 28177 | Failed: 2573 (13.1%)
Progress: 30800 / 234837 | Success: 28222 | Failed: 2578 (13.1%)
Progress: 30850 / 234837 | Success: 28265 | Failed: 2585 (13.1%)
Progress: 30900 / 234837 | Success: 28307 | Failed: 2593 (13.2%)
Progress: 30950 / 234837 | Success: 28354 | Failed: 2596 (13.2%)
Progress: 31000 / 234837 | Success: 28394 | Failed: 2606 (13.2%)
Progress: 31050 / 234837 | Success: 28432 | Failed: 2618 (13.2%)
Progress: 31100 / 234837 | Success: 28468 | Failed: 2632 (13.2%)
Progress: 31150 / 234837 | Success: 28502 | Failed: 2648 (13.3%)
Progress: 31200 / 234837 | Success: 28534 | Failed: 2666 (13.3%)
Progress: 31250 / 234837 | Success: 28578 | Failed: 2672 (13.3%)
Progress: 31300 / 234837 | Success: 28620 | Failed: 2680 (13.3%)
Progress: 31350 / 234837 | Success: 28659 | Failed: 2691 (13.3%)
Progress: 31400 / 234837 | Success: 28695 | Failed: 2705 (13.4%)
Progress: 31450 / 234837 | Success: 28730 | Failed: 2720 (13.4%)
Progress: 31500 / 234837 | Success: 28778 | Failed: 2722 (13.4%)
Progress: 31550 / 234837 | Success: 28824 | Failed: 2726 (13.4%)
Progress: 31600 / 234837 | Success: 28870 | Failed: 2730 (13.5%)
Progress: 31650 / 234837 | Success: 28912 | Failed: 2738 (13.5%)
Progress: 31700 / 234837 | Success: 28952 | Failed: 2748 (13.5%)
Progress: 31750 / 234837 | Success: 29000 | Failed: 2750 (13.5%)
Progress: 31800 / 234837 | Success: 29045 | Failed: 2755 (13.5%)
Progress: 31850 / 234837 | Success: 29088 | Failed: 2762 (13.6%)
Progress: 31900 / 234837 | Success: 29128 | Failed: 2772 (13.6%)
Progress: 31950 / 234837 | Success: 29178 | Failed: 2772 (13.6%)
Progress: 32000 / 234837 | Success: 29224 | Failed: 2776 (13.6%)
Progress: 32050 / 234837 | Success: 29265 | Failed: 2785 (13.6%)
Progress: 32100 / 234837 | Success: 29304 | Failed: 2796 (13.7%)
Progress: 32150 / 234837 | Success: 29340 | Failed: 2810 (13.7%)
Progress: 32200 / 234837 | Success: 29387 | Failed: 2813 (13.7%)
Progress: 32250 / 234837 | Success: 29434 | Failed: 2816 (13.7%)
Progress: 32300 / 234837 | Success: 29479 | Failed: 2821 (13.8%)
Progress: 32350 / 234837 | Success: 29524 | Failed: 2826 (13.8%)
Progress: 32400 / 234837 | Success: 29567 | Failed: 2833 (13.8%)
Progress: 32450 / 234837 | Success: 29615 | Failed: 2835 (13.8%)
Progress: 32500 / 234837 | Success: 29663 | Failed: 2837 (13.8%)
Progress: 32550 / 234837 | Success: 29710 | Failed: 2840 (13.9%)
Progress: 32600 / 234837 | Success: 29754 | Failed: 2846 (13.9%)
Progress: 32650 / 234837 | Success: 29802 | Failed: 2848 (13.9%)
Progress: 32700 / 234837 | Success: 29848 | Failed: 2852 (13.9%)
Progress: 32750 / 234837 | Success: 29893 | Failed: 2857 (13.9%)
Progress: 32800 / 234837 | Success: 29935 | Failed: 2865 (14.0%)
Progress: 32850 / 234837 | Success: 29984 | Failed: 2866 (14.0%)
Progress: 32900 / 234837 | Success: 30032 | Failed: 2868 (14.0%)
Progress: 32950 / 234837 | Success: 30078 | Failed: 2872 (14.0%)
Progress: 33000 / 234837 | Success: 30122 | Failed: 2878 (14.1%)
Progress: 33050 / 234837 | Success: 30166 | Failed: 2884 (14.1%)
Progress: 33100 / 234837 | Success: 30213 | Failed: 2887 (14.1%)
Progress: 33150 / 234837 | Success: 30258 | Failed: 2892 (14.1%)
Progress: 33200 / 234837 | Success: 30302 | Failed: 2898 (14.1%)
Progress: 33250 / 234837 | Success: 30343 | Failed: 2907 (14.2%)
Progress: 33300 / 234837 | Success: 30391 | Failed: 2909 (14.2%)
Progress: 33350 / 234837 | Success: 30437 | Failed: 2913 (14.2%)
Progress: 33400 / 234837 | Success: 30480 | Failed: 2920 (14.2%)
Progress: 33450 / 234837 | Success: 30522 | Failed: 2928 (14.2%)
Progress: 33500 / 234837 | Success: 30570 | Failed: 2930 (14.3%)
Progress: 33550 / 234837 | Success: 30617 | Failed: 2933 (14.3%)
Progress: 33600 / 234837 | Success: 30662 | Failed: 2938 (14.3%)
Progress: 33650 / 234837 | Success: 30707 | Failed: 2943 (14.3%)
Progress: 33700 / 234837 | Success: 30753 | Failed: 2947 (14.4%)
Progress: 33750 / 234837 | Success: 30796 | Failed: 2954 (14.4%)
Progress: 33800 / 234837 | Success: 30838 | Failed: 2962 (14.4%)
Progress: 33850 / 234837 | Success: 30879 | Failed: 2971 (14.4%)
Progress: 33900 / 234837 | Success: 30919 | Failed: 2981 (14.4%)
Progress: 33950 / 234837 | Success: 30966 | Failed: 2984 (14.5%)
Progress: 34000 / 234837 | Success: 31010 | Failed: 2990 (14.5%)
Progress: 34050 / 234837 | Success: 31052 | Failed: 2998 (14.5%)
Progress: 34100 / 234837 | Success: 31090 | Failed: 3010 (14.5%)
Progress: 34150 / 234837 | Success: 31124 | Failed: 3026 (14.5%)
Progress: 34200 / 234837 | Success: 31170 | Failed: 3030 (14.6%)
Progress: 34250 / 234837 | Success: 31213 | Failed: 3037 (14.6%)
Progress: 34300 / 234837 | Success: 31254 | Failed: 3046 (14.6%)
Progress: 34350 / 234837 | Success: 31293 | Failed: 3057 (14.6%)
Progress: 34400 / 234837 | Success: 31339 | Failed: 3061 (14.6%)
Progress: 34450 / 234837 | Success: 31379 | Failed: 3071 (14.7%)
Progress: 34500 / 234837 | Success: 31416 | Failed: 3084 (14.7%)
Progress: 34550 / 234837 | Success: 31453 | Failed: 3097 (14.7%)
Progress: 34600 / 234837 | Success: 31500 | Failed: 3100 (14.7%)
Progress: 34650 / 234837 | Success: 31544 | Failed: 3106 (14.8%)
Progress: 34700 / 234837 | Success: 31582 | Failed: 3118 (14.8%)
Progress: 34750 / 234837 | Success: 31620 | Failed: 3130 (14.8%)
Progress: 34800 / 234837 | Success: 31656 | Failed: 3144 (14.8%)
Progress: 34850 / 234837 | Success: 31703 | Failed: 3147 (14.8%)
Progress: 34900 / 234837 | Success: 31749 | Failed: 3151 (14.9%)
Progress: 34950 / 234837 | Success: 31792 | Failed: 3158 (14.9%)
Progress: 35000 / 234837 | Success: 31833 | Failed: 3167 (14.9%)
Progress: 35050 / 234837 | Success: 31878 | Failed: 3172 (14.9%)
Progress: 35100 / 234837 | Success: 31922 | Failed: 3178 (14.9%)
Progress: 35150 / 234837 | Success: 31965 | Failed: 3185 (15.0%)
Progress: 35200 / 234837 | Success: 32007 | Failed: 3193 (15.0%)
Progress: 35250 / 234837 | Success: 32056 | Failed: 3194 (15.0%)
Progress: 35300 / 234837 | Success: 32101 | Failed: 3199 (15.0%)
Progress: 35350 / 234837 | Success: 32145 | Failed: 3205 (15.1%)
Progress: 35400 / 234837 | Success: 32188 | Failed: 3212 (15.1%)
Progress: 35450 / 234837 | Success: 32231 | Failed: 3219 (15.1%)
Progress: 35500 / 234837 | Success: 32279 | Failed: 3221 (15.1%)
Progress: 35550 / 234837 | Success: 32327 | Failed: 3223 (15.1%)
Progress: 35600 / 234837 | Success: 32372 | Failed: 3228 (15.2%)
Progress: 35650 / 234837 | Success: 32415 | Failed: 3235 (15.2%)
Progress: 35700 / 234837 | Success: 32457 | Failed: 3243 (15.2%)
Progress: 35750 / 234837 | Success: 32506 | Failed: 3244 (15.2%)
Progress: 35800 / 234837 | Success: 32554 | Failed: 3246 (15.2%)
Progress: 35850 / 234837 | Success: 32601 | Failed: 3249 (15.3%)
Progress: 35900 / 234837 | Success: 32647 | Failed: 3253 (15.3%)
Progress: 35950 / 234837 | Success: 32694 | Failed: 3256 (15.3%)
Progress: 36000 / 234837 | Success: 32739 | Failed: 3261 (15.3%)
Progress: 36050 / 234837 | Success: 32781 | Failed: 3269 (15.4%)
Progress: 36100 / 234837 | Success: 32823 | Failed: 3277 (15.4%)
Progress: 36150 / 234837 | Success: 32871 | Failed: 3279 (15.4%)
Progress: 36200 / 234837 | Success: 32918 | Failed: 3282 (15.4%)
Progress: 36250 / 234837 | Success: 32964 | Failed: 3286 (15.4%)
Progress: 36300 / 234837 | Success: 33010 | Failed: 3290 (15.5%)
Progress: 36350 / 234837 | Success: 33056 | Failed: 3294 (15.5%)
Progress: 36400 / 234837 | Success: 33104 | Failed: 3296 (15.5%)
Progress: 36450 / 234837 | Success: 33151 | Failed: 3299 (15.5%)
Progress: 36500 / 234837 | Success: 33197 | Failed: 3303 (15.5%)
Progress: 36550 / 234837 | Success: 33242 | Failed: 3308 (15.6%)
Progress: 36600 / 234837 | Success: 33290 | Failed: 3310 (15.6%)
Progress: 36650 / 234837 | Success: 33337 | Failed: 3313 (15.6%)
Progress: 36700 / 234837 | Success: 33383 | Failed: 3317 (15.6%)
Progress: 36750 / 234837 | Success: 33428 | Failed: 3322 (15.6%)
Progress: 36800 / 234837 | Success: 33477 | Failed: 3323 (15.7%)
Progress: 36850 / 234837 | Success: 33525 | Failed: 3325 (15.7%)
Progress: 36900 / 234837 | Success: 33572 | Failed: 3328 (15.7%)
Progress: 36950 / 234837 | Success: 33622 | Failed: 3328 (15.7%)
Progress: 37000 / 234837 | Success: 33670 | Failed: 3330 (15.8%)
Progress: 37050 / 234837 | Success: 33717 | Failed: 3333 (15.8%)
Progress: 37100 / 234837 | Success: 33764 | Failed: 3336 (15.8%)
Progress: 37150 / 234837 | Success: 33811 | Failed: 3339 (15.8%)
Progress: 37200 / 234837 | Success: 33860 | Failed: 3340 (15.8%)
Progress: 37250 / 234837 | Success: 33909 | Failed: 3341 (15.9%)
Progress: 37300 / 234837 | Success: 33957 | Failed: 3343 (15.9%)
Progress: 37350 / 234837 | Success: 34004 | Failed: 3346 (15.9%)
Progress: 37400 / 234837 | Success: 34054 | Failed: 3346 (15.9%)
Progress: 37450 / 234837 | Success: 34104 | Failed: 3346 (15.9%)
Progress: 37500 / 234837 | Success: 34154 | Failed: 3346 (16.0%)
Progress: 37550 / 234837 | Success: 34202 | Failed: 3348 (16.0%)
Progress: 37600 / 234837 | Success: 34251 | Failed: 3349 (16.0%)
Progress: 37650 / 234837 | Success: 34300 | Failed: 3350 (16.0%)
Progress: 37700 / 234837 | Success: 34349 | Failed: 3351 (16.1%)
Progress: 37750 / 234837 | Success: 34396 | Failed: 3354 (16.1%)
Progress: 37800 / 234837 | Success: 34440 | Failed: 3360 (16.1%)
Progress: 37850 / 234837 | Success: 34486 | Failed: 3364 (16.1%)
Progress: 37900 / 234837 | Success: 34531 | Failed: 3369 (16.1%)
Progress: 37950 / 234837 | Success: 34573 | Failed: 3377 (16.2%)
Progress: 38000 / 234837 | Success: 34614 | Failed: 3386 (16.2%)
Progress: 38050 / 234837 | Success: 34663 | Failed: 3387 (16.2%)
Progress: 38100 / 234837 | Success: 34711 | Failed: 3389 (16.2%)
Progress: 38150 / 234837 | Success: 34757 | Failed: 3393 (16.2%)
Progress: 38200 / 234837 | Success: 34805 | Failed: 3395 (16.3%)
Progress: 38250 / 234837 | Success: 34851 | Failed: 3399 (16.3%)
Progress: 38300 / 234837 | Success: 34893 | Failed: 3407 (16.3%)
Progress: 38350 / 234837 | Success: 34933 | Failed: 3417 (16.3%)
Progress: 38400 / 234837 | Success: 34983 | Failed: 3417 (16.4%)
Progress: 38450 / 234837 | Success: 35031 | Failed: 3419 (16.4%)
Progress: 38500 / 234837 | Success: 35077 | Failed: 3423 (16.4%)
Progress: 38550 / 234837 | Success: 35127 | Failed: 3423 (16.4%)
Progress: 38600 / 234837 | Success: 35177 | Failed: 3423 (16.4%)
Progress: 38650 / 234837 | Success: 35227 | Failed: 3423 (16.5%)
Progress: 38700 / 234837 | Success: 35277 | Failed: 3423 (16.5%)
Progress: 38750 / 234837 | Success: 35327 | Failed: 3423 (16.5%)
Progress: 38800 / 234837 | Success: 35377 | Failed: 3423 (16.5%)
Progress: 38850 / 234837 | Success: 35427 | Failed: 3423 (16.5%)
Progress: 38900 / 234837 | Success: 35475 | Failed: 3425 (16.6%)
Progress: 38950 / 234837 | Success: 35523 | Failed: 3427 (16.6%)
Progress: 39000 / 234837 | Success: 35569 | Failed: 3431 (16.6%)
Progress: 39050 / 234837 | Success: 35619 | Failed: 3431 (16.6%)
Progress: 39100 / 234837 | Success: 35669 | Failed: 3431 (16.6%)
Progress: 39150 / 234837 | Success: 35719 | Failed: 3431 (16.7%)
Progress: 39200 / 234837 | Success: 35768 | Failed: 3432 (16.7%)
Progress: 39250 / 234837 | Success: 35818 | Failed: 3432 (16.7%)
Progress: 39300 / 234837 | Success: 35868 | Failed: 3432 (16.7%)
Progress: 39350 / 234837 | Success: 35918 | Failed: 3432 (16.8%)
Progress: 39400 / 234837 | Success: 35968 | Failed: 3432 (16.8%)
Progress: 39450 / 234837 | Success: 36018 | Failed: 3432 (16.8%)
Progress: 39500 / 234837 | Success: 36068 | Failed: 3432 (16.8%)
Progress: 39550 / 234837 | Success: 36118 | Failed: 3432 (16.8%)
Progress: 39600 / 234837 | Success: 36168 | Failed: 3432 (16.9%)
Progress: 39650 / 234837 | Success: 36218 | Failed: 3432 (16.9%)
Progress: 39700 / 234837 | Success: 36268 | Failed: 3432 (16.9%)
Progress: 39750 / 234837 | Success: 36318 | Failed: 3432 (16.9%)
Progress: 39800 / 234837 | Success: 36368 | Failed: 3432 (16.9%)
Progress: 39850 / 234837 | Success: 36418 | Failed: 3432 (17.0%)
Progress: 39900 / 234837 | Success: 36468 | Failed: 3432 (17.0%)
Progress: 39950 / 234837 | Success: 36518 | Failed: 3432 (17.0%)
Progress: 40000 / 234837 | Success: 36568 | Failed: 3432 (17.0%)
Progress: 40050 / 234837 | Success: 36618 | Failed: 3432 (17.1%)
Progress: 40100 / 234837 | Success: 36668 | Failed: 3432 (17.1%)
Progress: 40150 / 234837 | Success: 36718 | Failed: 3432 (17.1%)
Progress: 40200 / 234837 | Success: 36768 | Failed: 3432 (17.1%)
Progress: 40250 / 234837 | Success: 36818 | Failed: 3432 (17.1%)
Progress: 40300 / 234837 | Success: 36868 | Failed: 3432 (17.2%)
Progress: 40350 / 234837 | Success: 36918 | Failed: 3432 (17.2%)
Progress: 40400 / 234837 | Success: 36968 | Failed: 3432 (17.2%)
Progress: 40450 / 234837 | Success: 37018 | Failed: 3432 (17.2%)
Progress: 40500 / 234837 | Success: 37068 | Failed: 3432 (17.2%)
Progress: 40550 / 234837 | Success: 37118 | Failed: 3432 (17.3%)
Progress: 40600 / 234837 | Success: 37168 | Failed: 3432 (17.3%)
Progress: 40650 / 234837 | Success: 37218 | Failed: 3432 (17.3%)
Progress: 40700 / 234837 | Success: 37268 | Failed: 3432 (17.3%)
Progress: 40750 / 234837 | Success: 37318 | Failed: 3432 (17.4%)
Progress: 40800 / 234837 | Success: 37368 | Failed: 3432 (17.4%)
Progress: 40850 / 234837 | Success: 37418 | Failed: 3432 (17.4%)
Progress: 40900 / 234837 | Success: 37468 | Failed: 3432 (17.4%)
Progress: 40950 / 234837 | Success: 37518 | Failed: 3432 (17.4%)
Progress: 41000 / 234837 | Success: 37568 | Failed: 3432 (17.5%)
Progress: 41050 / 234837 | Success: 37618 | Failed: 3432 (17.5%)
Progress: 41100 / 234837 | Success: 37668 | Failed: 3432 (17.5%)
Progress: 41150 / 234837 | Success: 37718 | Failed: 3432 (17.5%)
Progress: 41200 / 234837 | Success: 37768 | Failed: 3432 (17.5%)
Progress: 41250 / 234837 | Success: 37818 | Failed: 3432 (17.6%)
Progress: 41300 / 234837 | Success: 37868 | Failed: 3432 (17.6%)
Progress: 41350 / 234837 | Success: 37918 | Failed: 3432 (17.6%)
Progress: 41400 / 234837 | Success: 37968 | Failed: 3432 (17.6%)
Progress: 41450 / 234837 | Success: 38018 | Failed: 3432 (17.7%)
Progress: 41500 / 234837 | Success: 38068 | Failed: 3432 (17.7%)
Progress: 41550 / 234837 | Success: 38118 | Failed: 3432 (17.7%)
Progress: 41600 / 234837 | Success: 38168 | Failed: 3432 (17.7%)
Progress: 41650 / 234837 | Success: 38218 | Failed: 3432 (17.7%)
Progress: 41700 / 234837 | Success: 38268 | Failed: 3432 (17.8%)
Progress: 41750 / 234837 | Success: 38318 | Failed: 3432 (17.8%)
Progress: 41800 / 234837 | Success: 38368 | Failed: 3432 (17.8%)
Progress: 41850 / 234837 | Success: 38418 | Failed: 3432 (17.8%)
Progress: 41900 / 234837 | Success: 38468 | Failed: 3432 (17.8%)
Progress: 41950 / 234837 | Success: 38518 | Failed: 3432 (17.9%)
Progress: 42000 / 234837 | Success: 38568 | Failed: 3432 (17.9%)
Progress: 42050 / 234837 | Success: 38618 | Failed: 3432 (17.9%)
Progress: 42100 / 234837 | Success: 38668 | Failed: 3432 (17.9%)
Progress: 42150 / 234837 | Success: 38718 | Failed: 3432 (17.9%)
Progress: 42200 / 234837 | Success: 38768 | Failed: 3432 (18.0%)
Progress: 42250 / 234837 | Success: 38818 | Failed: 3432 (18.0%)
Progress: 42300 / 234837 | Success: 38868 | Failed: 3432 (18.0%)
Progress: 42350 / 234837 | Success: 38918 | Failed: 3432 (18.0%)
Progress: 42400 / 234837 | Success: 38968 | Failed: 3432 (18.1%)
Progress: 42450 / 234837 | Success: 39018 | Failed: 3432 (18.1%)
Progress: 42500 / 234837 | Success: 39068 | Failed: 3432 (18.1%)
Progress: 42550 / 234837 | Success: 39118 | Failed: 3432 (18.1%)
Progress: 42600 / 234837 | Success: 39168 | Failed: 3432 (18.1%)
Progress: 42650 / 234837 | Success: 39218 | Failed: 3432 (18.2%)
Progress: 42700 / 234837 | Success: 39268 | Failed: 3432 (18.2%)
Progress: 42750 / 234837 | Success: 39318 | Failed: 3432 (18.2%)
Progress: 42800 / 234837 | Success: 39368 | Failed: 3432 (18.2%)
Progress: 42850 / 234837 | Success: 39418 | Failed: 3432 (18.2%)
Progress: 42900 / 234837 | Success: 39468 | Failed: 3432 (18.3%)
Progress: 42950 / 234837 | Success: 39518 | Failed: 3432 (18.3%)
Progress: 43000 / 234837 | Success: 39568 | Failed: 3432 (18.3%)
Progress: 43050 / 234837 | Success: 39618 | Failed: 3432 (18.3%)
Progress: 43100 / 234837 | Success: 39668 | Failed: 3432 (18.4%)
Progress: 43150 / 234837 | Success: 39718 | Failed: 3432 (18.4%)
Progress: 43200 / 234837 | Success: 39768 | Failed: 3432 (18.4%)
Progress: 43250 / 234837 | Success: 39818 | Failed: 3432 (18.4%)
Progress: 43300 / 234837 | Success: 39868 | Failed: 3432 (18.4%)
Progress: 43350 / 234837 | Success: 39918 | Failed: 3432 (18.5%)
Progress: 43400 / 234837 | Success: 39968 | Failed: 3432 (18.5%)
Progress: 43450 / 234837 | Success: 40018 | Failed: 3432 (18.5%)
Progress: 43500 / 234837 | Success: 40068 | Failed: 3432 (18.5%)
Progress: 43550 / 234837 | Success: 40118 | Failed: 3432 (18.5%)
Progress: 43600 / 234837 | Success: 40168 | Failed: 3432 (18.6%)
Progress: 43650 / 234837 | Success: 40218 | Failed: 3432 (18.6%)
Progress: 43700 / 234837 | Success: 40268 | Failed: 3432 (18.6%)
Progress: 43750 / 234837 | Success: 40318 | Failed: 3432 (18.6%)
Progress: 43800 / 234837 | Success: 40368 | Failed: 3432 (18.7%)
Progress: 43850 / 234837 | Success: 40418 | Failed: 3432 (18.7%)
Progress: 43900 / 234837 | Success: 40468 | Failed: 3432 (18.7%)
Progress: 43950 / 234837 | Success: 40518 | Failed: 3432 (18.7%)
Progress: 44000 / 234837 | Success: 40568 | Failed: 3432 (18.7%)
Progress: 44050 / 234837 | Success: 40618 | Failed: 3432 (18.8%)
Progress: 44100 / 234837 | Success: 40668 | Failed: 3432 (18.8%)
Progress: 44150 / 234837 | Success: 40718 | Failed: 3432 (18.8%)
Progress: 44200 / 234837 | Success: 40768 | Failed: 3432 (18.8%)
Progress: 44250 / 234837 | Success: 40818 | Failed: 3432 (18.8%)
Progress: 44300 / 234837 | Success: 40868 | Failed: 3432 (18.9%)
Progress: 44350 / 234837 | Success: 40918 | Failed: 3432 (18.9%)
Progress: 44400 / 234837 | Success: 40968 | Failed: 3432 (18.9%)
Progress: 44450 / 234837 | Success: 41018 | Failed: 3432 (18.9%)
Progress: 44500 / 234837 | Success: 41068 | Failed: 3432 (18.9%)
Progress: 44550 / 234837 | Success: 41118 | Failed: 3432 (19.0%)
Progress: 44600 / 234837 | Success: 41168 | Failed: 3432 (19.0%)
Progress: 44650 / 234837 | Success: 41218 | Failed: 3432 (19.0%)
Progress: 44700 / 234837 | Success: 41268 | Failed: 3432 (19.0%)
Progress: 44750 / 234837 | Success: 41318 | Failed: 3432 (19.1%)
Progress: 44800 / 234837 | Success: 41368 | Failed: 3432 (19.1%)
Progress: 44850 / 234837 | Success: 41418 | Failed: 3432 (19.1%)
Progress: 44900 / 234837 | Success: 41468 | Failed: 3432 (19.1%)
Progress: 44950 / 234837 | Success: 41518 | Failed: 3432 (19.1%)
Progress: 45000 / 234837 | Success: 41568 | Failed: 3432 (19.2%)
Progress: 45050 / 234837 | Success: 41618 | Failed: 3432 (19.2%)
Progress: 45100 / 234837 | Success: 41668 | Failed: 3432 (19.2%)
Progress: 45150 / 234837 | Success: 41718 | Failed: 3432 (19.2%)
Progress: 45200 / 234837 | Success: 41768 | Failed: 3432 (19.2%)
Progress: 45250 / 234837 | Success: 41818 | Failed: 3432 (19.3%)
Progress: 45300 / 234837 | Success: 41868 | Failed: 3432 (19.3%)
Progress: 45350 / 234837 | Success: 41918 | Failed: 3432 (19.3%)
Progress: 45400 / 234837 | Success: 41968 | Failed: 3432 (19.3%)
Progress: 45450 / 234837 | Success: 42018 | Failed: 3432 (19.4%)
Progress: 45500 / 234837 | Success: 42068 | Failed: 3432 (19.4%)
Progress: 45550 / 234837 | Success: 42118 | Failed: 3432 (19.4%)
Progress: 45600 / 234837 | Success: 42168 | Failed: 3432 (19.4%)
Progress: 45650 / 234837 | Success: 42218 | Failed: 3432 (19.4%)
Progress: 45700 / 234837 | Success: 42268 | Failed: 3432 (19.5%)
Progress: 45750 / 234837 | Success: 42318 | Failed: 3432 (19.5%)
Progress: 45800 / 234837 | Success: 42368 | Failed: 3432 (19.5%)
Progress: 45850 / 234837 | Success: 42418 | Failed: 3432 (19.5%)
Progress: 45900 / 234837 | Success: 42468 | Failed: 3432 (19.5%)
Progress: 45950 / 234837 | Success: 42518 | Failed: 3432 (19.6%)
Progress: 46000 / 234837 | Success: 42568 | Failed: 3432 (19.6%)
Progress: 46050 / 234837 | Success: 42618 | Failed: 3432 (19.6%)
Progress: 46100 / 234837 | Success: 42668 | Failed: 3432 (19.6%)
Progress: 46150 / 234837 | Success: 42717 | Failed: 3433 (19.7%)
Progress: 46200 / 234837 | Success: 42766 | Failed: 3434 (19.7%)
Progress: 46250 / 234837 | Success: 42816 | Failed: 3434 (19.7%)
Progress: 46300 / 234837 | Success: 42866 | Failed: 3434 (19.7%)
Progress: 46350 / 234837 | Success: 42916 | Failed: 3434 (19.7%)
Progress: 46400 / 234837 | Success: 42966 | Failed: 3434 (19.8%)
Progress: 46450 / 234837 | Success: 43016 | Failed: 3434 (19.8%)
Progress: 46500 / 234837 | Success: 43066 | Failed: 3434 (19.8%)
Progress: 46550 / 234837 | Success: 43116 | Failed: 3434 (19.8%)
Progress: 46600 / 234837 | Success: 43166 | Failed: 3434 (19.8%)
Progress: 46650 / 234837 | Success: 43216 | Failed: 3434 (19.9%)
Progress: 46700 / 234837 | Success: 43266 | Failed: 3434 (19.9%)
Progress: 46750 / 234837 | Success: 43316 | Failed: 3434 (19.9%)
Progress: 46800 / 234837 | Success: 43366 | Failed: 3434 (19.9%)
Progress: 46850 / 234837 | Success: 43416 | Failed: 3434 (20.0%)
Progress: 46900 / 234837 | Success: 43466 | Failed: 3434 (20.0%)
Progress: 46950 / 234837 | Success: 43516 | Failed: 3434 (20.0%)
Progress: 47000 / 234837 | Success: 43566 | Failed: 3434 (20.0%)
Progress: 47050 / 234837 | Success: 43616 | Failed: 3434 (20.0%)
Progress: 47100 / 234837 | Success: 43666 | Failed: 3434 (20.1%)
Progress: 47150 / 234837 | Success: 43716 | Failed: 3434 (20.1%)
Progress: 47200 / 234837 | Success: 43766 | Failed: 3434 (20.1%)
Progress: 47250 / 234837 | Success: 43816 | Failed: 3434 (20.1%)
Progress: 47300 / 234837 | Success: 43866 | Failed: 3434 (20.1%)
Progress: 47350 / 234837 | Success: 43916 | Failed: 3434 (20.2%)
Progress: 47400 / 234837 | Success: 43966 | Failed: 3434 (20.2%)
Progress: 47450 / 234837 | Success: 44016 | Failed: 3434 (20.2%)
Progress: 47500 / 234837 | Success: 44066 | Failed: 3434 (20.2%)
Progress: 47550 / 234837 | Success: 44116 | Failed: 3434 (20.2%)
Progress: 47600 / 234837 | Success: 44166 | Failed: 3434 (20.3%)
Progress: 47650 / 234837 | Success: 44216 | Failed: 3434 (20.3%)
Progress: 47700 / 234837 | Success: 44266 | Failed: 3434 (20.3%)
Progress: 47750 / 234837 | Success: 44316 | Failed: 3434 (20.3%)
Progress: 47800 / 234837 | Success: 44366 | Failed: 3434 (20.4%)
Progress: 47850 / 234837 | Success: 44416 | Failed: 3434 (20.4%)
Progress: 47900 / 234837 | Success: 44466 | Failed: 3434 (20.4%)
Progress: 47950 / 234837 | Success: 44516 | Failed: 3434 (20.4%)
Progress: 48000 / 234837 | Success: 44566 | Failed: 3434 (20.4%)
Progress: 48050 / 234837 | Success: 44616 | Failed: 3434 (20.5%)
Progress: 48100 / 234837 | Success: 44666 | Failed: 3434 (20.5%)
Progress: 48150 / 234837 | Success: 44716 | Failed: 3434 (20.5%)
Progress: 48200 / 234837 | Success: 44766 | Failed: 3434 (20.5%)
Progress: 48250 / 234837 | Success: 44816 | Failed: 3434 (20.5%)
Progress: 48300 / 234837 | Success: 44866 | Failed: 3434 (20.6%)
Progress: 48350 / 234837 | Success: 44916 | Failed: 3434 (20.6%)
Progress: 48400 / 234837 | Success: 44966 | Failed: 3434 (20.6%)
Progress: 48450 / 234837 | Success: 45016 | Failed: 3434 (20.6%)
Progress: 48500 / 234837 | Success: 45066 | Failed: 3434 (20.7%)
Progress: 48550 / 234837 | Success: 45116 | Failed: 3434 (20.7%)
Progress: 48600 / 234837 | Success: 45166 | Failed: 3434 (20.7%)
Progress: 48650 / 234837 | Success: 45216 | Failed: 3434 (20.7%)
Progress: 48700 / 234837 | Success: 45266 | Failed: 3434 (20.7%)
Progress: 48750 / 234837 | Success: 45316 | Failed: 3434 (20.8%)
Progress: 48800 / 234837 | Success: 45366 | Failed: 3434 (20.8%)
Progress: 48850 / 234837 | Success: 45416 | Failed: 3434 (20.8%)
Progress: 48900 / 234837 | Success: 45466 | Failed: 3434 (20.8%)
Progress: 48950 / 234837 | Success: 45516 | Failed: 3434 (20.8%)
Progress: 49000 / 234837 | Success: 45566 | Failed: 3434 (20.9%)
Progress: 49050 / 234837 | Success: 45616 | Failed: 3434 (20.9%)
Progress: 49100 / 234837 | Success: 45666 | Failed: 3434 (20.9%)
Progress: 49150 / 234837 | Success: 45716 | Failed: 3434 (20.9%)
Progress: 49200 / 234837 | Success: 45766 | Failed: 3434 (21.0%)
Progress: 49250 / 234837 | Success: 45816 | Failed: 3434 (21.0%)
Progress: 49300 / 234837 | Success: 45866 | Failed: 3434 (21.0%)
Progress: 49350 / 234837 | Success: 45916 | Failed: 3434 (21.0%)
Progress: 49400 / 234837 | Success: 45966 | Failed: 3434 (21.0%)
Progress: 49450 / 234837 | Success: 46016 | Failed: 3434 (21.1%)
Progress: 49500 / 234837 | Success: 46066 | Failed: 3434 (21.1%)
Progress: 49550 / 234837 | Success: 46116 | Failed: 3434 (21.1%)
Progress: 49600 / 234837 | Success: 46166 | Failed: 3434 (21.1%)
Progress: 49650 / 234837 | Success: 46216 | Failed: 3434 (21.1%)
Progress: 49700 / 234837 | Success: 46266 | Failed: 3434 (21.2%)
Progress: 49750 / 234837 | Success: 46316 | Failed: 3434 (21.2%)
Progress: 49800 / 234837 | Success: 46366 | Failed: 3434 (21.2%)
Progress: 49850 / 234837 | Success: 46416 | Failed: 3434 (21.2%)
Progress: 49900 / 234837 | Success: 46466 | Failed: 3434 (21.2%)
Progress: 49950 / 234837 | Success: 46516 | Failed: 3434 (21.3%)
Progress: 50000 / 234837 | Success: 46566 | Failed: 3434 (21.3%)
Progress: 50050 / 234837 | Success: 46616 | Failed: 3434 (21.3%)
Progress: 50100 / 234837 | Success: 46666 | Failed: 3434 (21.3%)
Progress: 50150 / 234837 | Success: 46716 | Failed: 3434 (21.4%)
Progress: 50200 / 234837 | Success: 46766 | Failed: 3434 (21.4%)
Progress: 50250 / 234837 | Success: 46816 | Failed: 3434 (21.4%)
Progress: 50300 / 234837 | Success: 46866 | Failed: 3434 (21.4%)
Progress: 50350 / 234837 | Success: 46916 | Failed: 3434 (21.4%)
Progress: 50400 / 234837 | Success: 46966 | Failed: 3434 (21.5%)
Progress: 50450 / 234837 | Success: 47016 | Failed: 3434 (21.5%)
Progress: 50500 / 234837 | Success: 47066 | Failed: 3434 (21.5%)
Progress: 50550 / 234837 | Success: 47116 | Failed: 3434 (21.5%)
Progress: 50600 / 234837 | Success: 47166 | Failed: 3434 (21.5%)
Progress: 50650 / 234837 | Success: 47216 | Failed: 3434 (21.6%)
Progress: 50700 / 234837 | Success: 47265 | Failed: 3435 (21.6%)
Progress: 50750 / 234837 | Success: 47314 | Failed: 3436 (21.6%)
Progress: 50800 / 234837 | Success: 47364 | Failed: 3436 (21.6%)
Progress: 50850 / 234837 | Success: 47414 | Failed: 3436 (21.7%)
Progress: 50900 / 234837 | Success: 47464 | Failed: 3436 (21.7%)
Progress: 50950 / 234837 | Success: 47514 | Failed: 3436 (21.7%)
Progress: 51000 / 234837 | Success: 47564 | Failed: 3436 (21.7%)
Progress: 51050 / 234837 | Success: 47614 | Failed: 3436 (21.7%)
Progress: 51100 / 234837 | Success: 47664 | Failed: 3436 (21.8%)
Progress: 51150 / 234837 | Success: 47714 | Failed: 3436 (21.8%)
Progress: 51200 / 234837 | Success: 47764 | Failed: 3436 (21.8%)
Progress: 51250 / 234837 | Success: 47814 | Failed: 3436 (21.8%)
Progress: 51300 / 234837 | Success: 47864 | Failed: 3436 (21.8%)
Progress: 51350 / 234837 | Success: 47914 | Failed: 3436 (21.9%)
Progress: 51400 / 234837 | Success: 47964 | Failed: 3436 (21.9%)
Progress: 51450 / 234837 | Success: 48014 | Failed: 3436 (21.9%)
Progress: 51500 / 234837 | Success: 48064 | Failed: 3436 (21.9%)
Progress: 51550 / 234837 | Success: 48114 | Failed: 3436 (22.0%)
Progress: 51600 / 234837 | Success: 48164 | Failed: 3436 (22.0%)
Progress: 51650 / 234837 | Success: 48214 | Failed: 3436 (22.0%)
Progress: 51700 / 234837 | Success: 48264 | Failed: 3436 (22.0%)
Progress: 51750 / 234837 | Success: 48314 | Failed: 3436 (22.0%)
Progress: 51800 / 234837 | Success: 48364 | Failed: 3436 (22.1%)
Progress: 51850 / 234837 | Success: 48414 | Failed: 3436 (22.1%)
Progress: 51900 / 234837 | Success: 48464 | Failed: 3436 (22.1%)
Progress: 51950 / 234837 | Success: 48514 | Failed: 3436 (22.1%)
Progress: 52000 / 234837 | Success: 48563 | Failed: 3437 (22.1%)
Progress: 52050 / 234837 | Success: 48612 | Failed: 3438 (22.2%)
Progress: 52100 / 234837 | Success: 48661 | Failed: 3439 (22.2%)
Progress: 52150 / 234837 | Success: 48711 | Failed: 3439 (22.2%)
Progress: 52200 / 234837 | Success: 48761 | Failed: 3439 (22.2%)
Progress: 52250 / 234837 | Success: 48811 | Failed: 3439 (22.2%)
Progress: 52300 / 234837 | Success: 48861 | Failed: 3439 (22.3%)
Progress: 52350 / 234837 | Success: 48911 | Failed: 3439 (22.3%)
Progress: 52400 / 234837 | Success: 48961 | Failed: 3439 (22.3%)
Progress: 52450 / 234837 | Success: 49011 | Failed: 3439 (22.3%)
Progress: 52500 / 234837 | Success: 49061 | Failed: 3439 (22.4%)
Progress: 52550 / 234837 | Success: 49111 | Failed: 3439 (22.4%)
Progress: 52600 / 234837 | Success: 49161 | Failed: 3439 (22.4%)
Progress: 52650 / 234837 | Success: 49211 | Failed: 3439 (22.4%)
Progress: 52700 / 234837 | Success: 49261 | Failed: 3439 (22.4%)
Progress: 52750 / 234837 | Success: 49311 | Failed: 3439 (22.5%)
Progress: 52800 / 234837 | Success: 49361 | Failed: 3439 (22.5%)
Progress: 52850 / 234837 | Success: 49411 | Failed: 3439 (22.5%)
Progress: 52900 / 234837 | Success: 49461 | Failed: 3439 (22.5%)
Progress: 52950 / 234837 | Success: 49511 | Failed: 3439 (22.5%)
Progress: 53000 / 234837 | Success: 49561 | Failed: 3439 (22.6%)
Progress: 53050 / 234837 | Success: 49611 | Failed: 3439 (22.6%)
Progress: 53100 / 234837 | Success: 49661 | Failed: 3439 (22.6%)
Progress: 53150 / 234837 | Success: 49710 | Failed: 3440 (22.6%)
Progress: 53200 / 234837 | Success: 49759 | Failed: 3441 (22.7%)
Progress: 53250 / 234837 | Success: 49809 | Failed: 3441 (22.7%)
Progress: 53300 / 234837 | Success: 49859 | Failed: 3441 (22.7%)
Progress: 53350 / 234837 | Success: 49909 | Failed: 3441 (22.7%)
Progress: 53400 / 234837 | Success: 49959 | Failed: 3441 (22.7%)
Progress: 53450 / 234837 | Success: 50009 | Failed: 3441 (22.8%)
Progress: 53500 / 234837 | Success: 50059 | Failed: 3441 (22.8%)
Progress: 53550 / 234837 | Success: 50109 | Failed: 3441 (22.8%)
Progress: 53600 / 234837 | Success: 50159 | Failed: 3441 (22.8%)
Progress: 53650 / 234837 | Success: 50209 | Failed: 3441 (22.8%)
Progress: 53700 / 234837 | Success: 50259 | Failed: 3441 (22.9%)
Progress: 53750 / 234837 | Success: 50309 | Failed: 3441 (22.9%)
Progress: 53800 / 234837 | Success: 50359 | Failed: 3441 (22.9%)
Progress: 53850 / 234837 | Success: 50409 | Failed: 3441 (22.9%)
Progress: 53900 / 234837 | Success: 50459 | Failed: 3441 (23.0%)
Progress: 53950 / 234837 | Success: 50509 | Failed: 3441 (23.0%)
Progress: 54000 / 234837 | Success: 50559 | Failed: 3441 (23.0%)
Progress: 54050 / 234837 | Success: 50609 | Failed: 3441 (23.0%)
Progress: 54100 / 234837 | Success: 50659 | Failed: 3441 (23.0%)
Progress: 54150 / 234837 | Success: 50709 | Failed: 3441 (23.1%)
Progress: 54200 / 234837 | Success: 50759 | Failed: 3441 (23.1%)
Progress: 54250 / 234837 | Success: 50809 | Failed: 3441 (23.1%)
Progress: 54300 / 234837 | Success: 50859 | Failed: 3441 (23.1%)
Progress: 54350 / 234837 | Success: 50909 | Failed: 3441 (23.1%)
Progress: 54400 / 234837 | Success: 50959 | Failed: 3441 (23.2%)
Progress: 54450 / 234837 | Success: 51009 | Failed: 3441 (23.2%)
Progress: 54500 / 234837 | Success: 51059 | Failed: 3441 (23.2%)
Progress: 54550 / 234837 | Success: 51109 | Failed: 3441 (23.2%)
Progress: 54600 / 234837 | Success: 51159 | Failed: 3441 (23.3%)
Progress: 54650 / 234837 | Success: 51209 | Failed: 3441 (23.3%)
Progress: 54700 / 234837 | Success: 51259 | Failed: 3441 (23.3%)
Progress: 54750 / 234837 | Success: 51309 | Failed: 3441 (23.3%)
Progress: 54800 / 234837 | Success: 51359 | Failed: 3441 (23.3%)
Progress: 54850 / 234837 | Success: 51409 | Failed: 3441 (23.4%)
Progress: 54900 / 234837 | Success: 51459 | Failed: 3441 (23.4%)
Progress: 54950 / 234837 | Success: 51509 | Failed: 3441 (23.4%)
Progress: 55000 / 234837 | Success: 51559 | Failed: 3441 (23.4%)
Progress: 55050 / 234837 | Success: 51609 | Failed: 3441 (23.4%)
Progress: 55100 / 234837 | Success: 51659 | Failed: 3441 (23.5%)
Progress: 55150 / 234837 | Success: 51709 | Failed: 3441 (23.5%)
Progress: 55200 / 234837 | Success: 51759 | Failed: 3441 (23.5%)
Progress: 55250 / 234837 | Success: 51809 | Failed: 3441 (23.5%)
Progress: 55300 / 234837 | Success: 51859 | Failed: 3441 (23.5%)
Progress: 55350 / 234837 | Success: 51909 | Failed: 3441 (23.6%)
Progress: 55400 / 234837 | Success: 51959 | Failed: 3441 (23.6%)
Progress: 55450 / 234837 | Success: 52009 | Failed: 3441 (23.6%)
Progress: 55500 / 234837 | Success: 52059 | Failed: 3441 (23.6%)
Progress: 55550 / 234837 | Success: 52109 | Failed: 3441 (23.7%)
Progress: 55600 / 234837 | Success: 52159 | Failed: 3441 (23.7%)
Progress: 55650 / 234837 | Success: 52209 | Failed: 3441 (23.7%)
Progress: 55700 / 234837 | Success: 52259 | Failed: 3441 (23.7%)
Progress: 55750 / 234837 | Success: 52309 | Failed: 3441 (23.7%)
Progress: 55800 / 234837 | Success: 52359 | Failed: 3441 (23.8%)
Progress: 55850 / 234837 | Success: 52409 | Failed: 3441 (23.8%)
Progress: 55900 / 234837 | Success: 52459 | Failed: 3441 (23.8%)
Progress: 55950 / 234837 | Success: 52509 | Failed: 3441 (23.8%)
Progress: 56000 / 234837 | Success: 52559 | Failed: 3441 (23.8%)
Progress: 56050 / 234837 | Success: 52609 | Failed: 3441 (23.9%)
Progress: 56100 / 234837 | Success: 52659 | Failed: 3441 (23.9%)
Progress: 56150 / 234837 | Success: 52709 | Failed: 3441 (23.9%)
Progress: 56200 / 234837 | Success: 52759 | Failed: 3441 (23.9%)
Progress: 56250 / 234837 | Success: 52809 | Failed: 3441 (24.0%)
Progress: 56300 / 234837 | Success: 52859 | Failed: 3441 (24.0%)
Progress: 56350 / 234837 | Success: 52909 | Failed: 3441 (24.0%)
Progress: 56400 / 234837 | Success: 52959 | Failed: 3441 (24.0%)
Progress: 56450 / 234837 | Success: 53009 | Failed: 3441 (24.0%)
Progress: 56500 / 234837 | Success: 53059 | Failed: 3441 (24.1%)
Progress: 56550 / 234837 | Success: 53109 | Failed: 3441 (24.1%)
Progress: 56600 / 234837 | Success: 53159 | Failed: 3441 (24.1%)
Progress: 56650 / 234837 | Success: 53209 | Failed: 3441 (24.1%)
Progress: 56700 / 234837 | Success: 53259 | Failed: 3441 (24.1%)
Progress: 56750 / 234837 | Success: 53309 | Failed: 3441 (24.2%)
Progress: 56800 / 234837 | Success: 53359 | Failed: 3441 (24.2%)
Progress: 56850 / 234837 | Success: 53409 | Failed: 3441 (24.2%)
Progress: 56900 / 234837 | Success: 53459 | Failed: 3441 (24.2%)
Progress: 56950 / 234837 | Success: 53509 | Failed: 3441 (24.3%)
Progress: 57000 / 234837 | Success: 53559 | Failed: 3441 (24.3%)
Progress: 57050 / 234837 | Success: 53609 | Failed: 3441 (24.3%)
Progress: 57100 / 234837 | Success: 53659 | Failed: 3441 (24.3%)
Progress: 57150 / 234837 | Success: 53709 | Failed: 3441 (24.3%)
Progress: 57200 / 234837 | Success: 53759 | Failed: 3441 (24.4%)
Progress: 57250 / 234837 | Success: 53809 | Failed: 3441 (24.4%)
Progress: 57300 / 234837 | Success: 53859 | Failed: 3441 (24.4%)
Progress: 57350 / 234837 | Success: 53909 | Failed: 3441 (24.4%)
Progress: 57400 / 234837 | Success: 53959 | Failed: 3441 (24.4%)
Progress: 57450 / 234837 | Success: 54009 | Failed: 3441 (24.5%)
Progress: 57500 / 234837 | Success: 54059 | Failed: 3441 (24.5%)
Progress: 57550 / 234837 | Success: 54109 | Failed: 3441 (24.5%)
Progress: 57600 / 234837 | Success: 54159 | Failed: 3441 (24.5%)
Progress: 57650 / 234837 | Success: 54209 | Failed: 3441 (24.5%)
Progress: 57700 / 234837 | Success: 54259 | Failed: 3441 (24.6%)
Progress: 57750 / 234837 | Success: 54309 | Failed: 3441 (24.6%)
Progress: 57800 / 234837 | Success: 54359 | Failed: 3441 (24.6%)
Progress: 57850 / 234837 | Success: 54409 | Failed: 3441 (24.6%)
Progress: 57900 / 234837 | Success: 54459 | Failed: 3441 (24.7%)
Progress: 57950 / 234837 | Success: 54509 | Failed: 3441 (24.7%)
Progress: 58000 / 234837 | Success: 54559 | Failed: 3441 (24.7%)
Progress: 58050 / 234837 | Success: 54609 | Failed: 3441 (24.7%)
Progress: 58100 / 234837 | Success: 54659 | Failed: 3441 (24.7%)
Progress: 58150 / 234837 | Success: 54709 | Failed: 3441 (24.8%)
Progress: 58200 / 234837 | Success: 54759 | Failed: 3441 (24.8%)
Progress: 58250 / 234837 | Success: 54809 | Failed: 3441 (24.8%)
Progress: 58300 / 234837 | Success: 54859 | Failed: 3441 (24.8%)
Progress: 58350 / 234837 | Success: 54909 | Failed: 3441 (24.8%)
Progress: 58400 / 234837 | Success: 54959 | Failed: 3441 (24.9%)
Progress: 58450 / 234837 | Success: 55009 | Failed: 3441 (24.9%)
Progress: 58500 / 234837 | Success: 55059 | Failed: 3441 (24.9%)
Progress: 58550 / 234837 | Success: 55109 | Failed: 3441 (24.9%)
Progress: 58600 / 234837 | Success: 55159 | Failed: 3441 (25.0%)
Progress: 58650 / 234837 | Success: 55209 | Failed: 3441 (25.0%)
Progress: 58700 / 234837 | Success: 55259 | Failed: 3441 (25.0%)
Progress: 58750 / 234837 | Success: 55309 | Failed: 3441 (25.0%)
Progress: 58800 / 234837 | Success: 55359 | Failed: 3441 (25.0%)
Progress: 58850 / 234837 | Success: 55409 | Failed: 3441 (25.1%)
Progress: 58900 / 234837 | Success: 55459 | Failed: 3441 (25.1%)
Progress: 58950 / 234837 | Success: 55509 | Failed: 3441 (25.1%)
Progress: 59000 / 234837 | Success: 55559 | Failed: 3441 (25.1%)
Progress: 59050 / 234837 | Success: 55609 | Failed: 3441 (25.1%)
Progress: 59100 / 234837 | Success: 55659 | Failed: 3441 (25.2%)
Progress: 59150 / 234837 | Success: 55709 | Failed: 3441 (25.2%)
Progress: 59200 / 234837 | Success: 55759 | Failed: 3441 (25.2%)
Progress: 59250 / 234837 | Success: 55809 | Failed: 3441 (25.2%)
Progress: 59300 / 234837 | Success: 55859 | Failed: 3441 (25.3%)
Progress: 59350 / 234837 | Success: 55909 | Failed: 3441 (25.3%)
Progress: 59400 / 234837 | Success: 55959 | Failed: 3441 (25.3%)
Progress: 59450 / 234837 | Success: 56009 | Failed: 3441 (25.3%)
Progress: 59500 / 234837 | Success: 56059 | Failed: 3441 (25.3%)
Progress: 59550 / 234837 | Success: 56109 | Failed: 3441 (25.4%)
Progress: 59600 / 234837 | Success: 56159 | Failed: 3441 (25.4%)
Progress: 59650 / 234837 | Success: 56209 | Failed: 3441 (25.4%)
Progress: 59700 / 234837 | Success: 56259 | Failed: 3441 (25.4%)
Progress: 59750 / 234837 | Success: 56309 | Failed: 3441 (25.4%)
Progress: 59800 / 234837 | Success: 56359 | Failed: 3441 (25.5%)
Progress: 59850 / 234837 | Success: 56409 | Failed: 3441 (25.5%)
Progress: 59900 / 234837 | Success: 56459 | Failed: 3441 (25.5%)
Progress: 59950 / 234837 | Success: 56509 | Failed: 3441 (25.5%)
Progress: 60000 / 234837 | Success: 56559 | Failed: 3441 (25.5%)
Progress: 60050 / 234837 | Success: 56609 | Failed: 3441 (25.6%)
Progress: 60100 / 234837 | Success: 56659 | Failed: 3441 (25.6%)
Progress: 60150 / 234837 | Success: 56709 | Failed: 3441 (25.6%)
Progress: 60200 / 234837 | Success: 56759 | Failed: 3441 (25.6%)
Progress: 60250 / 234837 | Success: 56809 | Failed: 3441 (25.7%)
Progress: 60300 / 234837 | Success: 56859 | Failed: 3441 (25.7%)
Progress: 60350 / 234837 | Success: 56909 | Failed: 3441 (25.7%)
Progress: 60400 / 234837 | Success: 56959 | Failed: 3441 (25.7%)
Progress: 60450 / 234837 | Success: 57009 | Failed: 3441 (25.7%)
Progress: 60500 / 234837 | Success: 57059 | Failed: 3441 (25.8%)
Progress: 60550 / 234837 | Success: 57109 | Failed: 3441 (25.8%)
Progress: 60600 / 234837 | Success: 57159 | Failed: 3441 (25.8%)
Progress: 60650 / 234837 | Success: 57209 | Failed: 3441 (25.8%)
Progress: 60700 / 234837 | Success: 57259 | Failed: 3441 (25.8%)
Progress: 60750 / 234837 | Success: 57309 | Failed: 3441 (25.9%)
Progress: 60800 / 234837 | Success: 57359 | Failed: 3441 (25.9%)
Progress: 60850 / 234837 | Success: 57409 | Failed: 3441 (25.9%)
Progress: 60900 / 234837 | Success: 57459 | Failed: 3441 (25.9%)
Progress: 60950 / 234837 | Success: 57509 | Failed: 3441 (26.0%)
Progress: 61000 / 234837 | Success: 57559 | Failed: 3441 (26.0%)
Progress: 61050 / 234837 | Success: 57609 | Failed: 3441 (26.0%)
Progress: 61100 / 234837 | Success: 57659 | Failed: 3441 (26.0%)
Progress: 61150 / 234837 | Success: 57709 | Failed: 3441 (26.0%)
Progress: 61200 / 234837 | Success: 57759 | Failed: 3441 (26.1%)
Progress: 61250 / 234837 | Success: 57809 | Failed: 3441 (26.1%)
Progress: 61300 / 234837 | Success: 57859 | Failed: 3441 (26.1%)
Progress: 61350 / 234837 | Success: 57909 | Failed: 3441 (26.1%)
Progress: 61400 / 234837 | Success: 57959 | Failed: 3441 (26.1%)
Progress: 61450 / 234837 | Success: 58009 | Failed: 3441 (26.2%)
Progress: 61500 / 234837 | Success: 58059 | Failed: 3441 (26.2%)
Progress: 61550 / 234837 | Success: 58109 | Failed: 3441 (26.2%)
Progress: 61600 / 234837 | Success: 58159 | Failed: 3441 (26.2%)
Progress: 61650 / 234837 | Success: 58209 | Failed: 3441 (26.3%)
Progress: 61700 / 234837 | Success: 58259 | Failed: 3441 (26.3%)
Progress: 61750 / 234837 | Success: 58309 | Failed: 3441 (26.3%)
Progress: 61800 / 234837 | Success: 58359 | Failed: 3441 (26.3%)
Progress: 61850 / 234837 | Success: 58409 | Failed: 3441 (26.3%)
Progress: 61900 / 234837 | Success: 58459 | Failed: 3441 (26.4%)
Progress: 61950 / 234837 | Success: 58509 | Failed: 3441 (26.4%)
Progress: 62000 / 234837 | Success: 58559 | Failed: 3441 (26.4%)
Progress: 62050 / 234837 | Success: 58609 | Failed: 3441 (26.4%)
Progress: 62100 / 234837 | Success: 58659 | Failed: 3441 (26.4%)
Progress: 62150 / 234837 | Success: 58709 | Failed: 3441 (26.5%)
Progress: 62200 / 234837 | Success: 58759 | Failed: 3441 (26.5%)
Progress: 62250 / 234837 | Success: 58809 | Failed: 3441 (26.5%)
Progress: 62300 / 234837 | Success: 58859 | Failed: 3441 (26.5%)
Progress: 62350 / 234837 | Success: 58909 | Failed: 3441 (26.6%)
Progress: 62400 / 234837 | Success: 58959 | Failed: 3441 (26.6%)
Progress: 62450 / 234837 | Success: 59009 | Failed: 3441 (26.6%)
Progress: 62500 / 234837 | Success: 59059 | Failed: 3441 (26.6%)
Progress: 62550 / 234837 | Success: 59109 | Failed: 3441 (26.6%)
Progress: 62600 / 234837 | Success: 59159 | Failed: 3441 (26.7%)
Progress: 62650 / 234837 | Success: 59209 | Failed: 3441 (26.7%)
Progress: 62700 / 234837 | Success: 59259 | Failed: 3441 (26.7%)
Progress: 62750 / 234837 | Success: 59309 | Failed: 3441 (26.7%)
Progress: 62800 / 234837 | Success: 59359 | Failed: 3441 (26.7%)
Progress: 62850 / 234837 | Success: 59409 | Failed: 3441 (26.8%)
Progress: 62900 / 234837 | Success: 59459 | Failed: 3441 (26.8%)
Progress: 62950 / 234837 | Success: 59509 | Failed: 3441 (26.8%)
Progress: 63000 / 234837 | Success: 59559 | Failed: 3441 (26.8%)
Progress: 63050 / 234837 | Success: 59609 | Failed: 3441 (26.8%)
Progress: 63100 / 234837 | Success: 59659 | Failed: 3441 (26.9%)
Progress: 63150 / 234837 | Success: 59709 | Failed: 3441 (26.9%)
Progress: 63200 / 234837 | Success: 59759 | Failed: 3441 (26.9%)
Progress: 63250 / 234837 | Success: 59809 | Failed: 3441 (26.9%)
Progress: 63300 / 234837 | Success: 59859 | Failed: 3441 (27.0%)
Progress: 63350 / 234837 | Success: 59909 | Failed: 3441 (27.0%)
Progress: 63400 / 234837 | Success: 59959 | Failed: 3441 (27.0%)
Progress: 63450 / 234837 | Success: 60009 | Failed: 3441 (27.0%)
Progress: 63500 / 234837 | Success: 60059 | Failed: 3441 (27.0%)
Progress: 63550 / 234837 | Success: 60109 | Failed: 3441 (27.1%)
Progress: 63600 / 234837 | Success: 60159 | Failed: 3441 (27.1%)
Progress: 63650 / 234837 | Success: 60209 | Failed: 3441 (27.1%)
Progress: 63700 / 234837 | Success: 60259 | Failed: 3441 (27.1%)
Progress: 63750 / 234837 | Success: 60309 | Failed: 3441 (27.1%)
Progress: 63800 / 234837 | Success: 60359 | Failed: 3441 (27.2%)
Progress: 63850 / 234837 | Success: 60409 | Failed: 3441 (27.2%)
Progress: 63900 / 234837 | Success: 60459 | Failed: 3441 (27.2%)
Progress: 63950 / 234837 | Success: 60509 | Failed: 3441 (27.2%)
Progress: 64000 / 234837 | Success: 60559 | Failed: 3441 (27.3%)
Progress: 64050 / 234837 | Success: 60609 | Failed: 3441 (27.3%)
Progress: 64100 / 234837 | Success: 60659 | Failed: 3441 (27.3%)
Progress: 64150 / 234837 | Success: 60709 | Failed: 3441 (27.3%)
Progress: 64200 / 234837 | Success: 60759 | Failed: 3441 (27.3%)
Progress: 64250 / 234837 | Success: 60809 | Failed: 3441 (27.4%)
Progress: 64300 / 234837 | Success: 60859 | Failed: 3441 (27.4%)
Progress: 64350 / 234837 | Success: 60909 | Failed: 3441 (27.4%)
Progress: 64400 / 234837 | Success: 60959 | Failed: 3441 (27.4%)
Progress: 64450 / 234837 | Success: 61009 | Failed: 3441 (27.4%)
Progress: 64500 / 234837 | Success: 61059 | Failed: 3441 (27.5%)
Progress: 64550 / 234837 | Success: 61109 | Failed: 3441 (27.5%)
Progress: 64600 / 234837 | Success: 61159 | Failed: 3441 (27.5%)
Progress: 64650 / 234837 | Success: 61209 | Failed: 3441 (27.5%)
Progress: 64700 / 234837 | Success: 61259 | Failed: 3441 (27.6%)
Progress: 64750 / 234837 | Success: 61309 | Failed: 3441 (27.6%)
Progress: 64800 / 234837 | Success: 61359 | Failed: 3441 (27.6%)
Progress: 64850 / 234837 | Success: 61409 | Failed: 3441 (27.6%)
Progress: 64900 / 234837 | Success: 61459 | Failed: 3441 (27.6%)
Progress: 64950 / 234837 | Success: 61509 | Failed: 3441 (27.7%)
Progress: 65000 / 234837 | Success: 61559 | Failed: 3441 (27.7%)
Progress: 65050 / 234837 | Success: 61609 | Failed: 3441 (27.7%)
Progress: 65100 / 234837 | Success: 61659 | Failed: 3441 (27.7%)
Progress: 65150 / 234837 | Success: 61709 | Failed: 3441 (27.7%)
Progress: 65200 / 234837 | Success: 61759 | Failed: 3441 (27.8%)
Progress: 65250 / 234837 | Success: 61809 | Failed: 3441 (27.8%)
Progress: 65300 / 234837 | Success: 61859 | Failed: 3441 (27.8%)
Progress: 65350 / 234837 | Success: 61909 | Failed: 3441 (27.8%)
Progress: 65400 / 234837 | Success: 61959 | Failed: 3441 (27.8%)
Progress: 65450 / 234837 | Success: 62009 | Failed: 3441 (27.9%)
Progress: 65500 / 234837 | Success: 62059 | Failed: 3441 (27.9%)
Progress: 65550 / 234837 | Success: 62109 | Failed: 3441 (27.9%)
Progress: 65600 / 234837 | Success: 62159 | Failed: 3441 (27.9%)
Progress: 65650 / 234837 | Success: 62209 | Failed: 3441 (28.0%)
Progress: 65700 / 234837 | Success: 62259 | Failed: 3441 (28.0%)
Progress: 65750 / 234837 | Success: 62309 | Failed: 3441 (28.0%)
Progress: 65800 / 234837 | Success: 62359 | Failed: 3441 (28.0%)
Progress: 65850 / 234837 | Success: 62409 | Failed: 3441 (28.0%)
Progress: 65900 / 234837 | Success: 62459 | Failed: 3441 (28.1%)
Progress: 65950 / 234837 | Success: 62509 | Failed: 3441 (28.1%)
Progress: 66000 / 234837 | Success: 62558 | Failed: 3442 (28.1%)
Progress: 66050 / 234837 | Success: 62607 | Failed: 3443 (28.1%)
Progress: 66100 / 234837 | Success: 62656 | Failed: 3444 (28.1%)
Progress: 66150 / 234837 | Success: 62706 | Failed: 3444 (28.2%)
Progress: 66200 / 234837 | Success: 62756 | Failed: 3444 (28.2%)
Progress: 66250 / 234837 | Success: 62806 | Failed: 3444 (28.2%)
Progress: 66300 / 234837 | Success: 62856 | Failed: 3444 (28.2%)
Progress: 66350 / 234837 | Success: 62906 | Failed: 3444 (28.3%)
Progress: 66400 / 234837 | Success: 62956 | Failed: 3444 (28.3%)
Progress: 66450 / 234837 | Success: 63006 | Failed: 3444 (28.3%)
Progress: 66500 / 234837 | Success: 63056 | Failed: 3444 (28.3%)
Progress: 66550 / 234837 | Success: 63106 | Failed: 3444 (28.3%)
Progress: 66600 / 234837 | Success: 63156 | Failed: 3444 (28.4%)
Progress: 66650 / 234837 | Success: 63206 | Failed: 3444 (28.4%)
Progress: 66700 / 234837 | Success: 63256 | Failed: 3444 (28.4%)
Progress: 66750 / 234837 | Success: 63306 | Failed: 3444 (28.4%)
Progress: 66800 / 234837 | Success: 63356 | Failed: 3444 (28.4%)
Progress: 66850 / 234837 | Success: 63406 | Failed: 3444 (28.5%)
Progress: 66900 / 234837 | Success: 63456 | Failed: 3444 (28.5%)
Progress: 66950 / 234837 | Success: 63506 | Failed: 3444 (28.5%)
Progress: 67000 / 234837 | Success: 63556 | Failed: 3444 (28.5%)
Progress: 67050 / 234837 | Success: 63606 | Failed: 3444 (28.6%)
Progress: 67100 / 234837 | Success: 63656 | Failed: 3444 (28.6%)
Progress: 67150 / 234837 | Success: 63706 | Failed: 3444 (28.6%)
Progress: 67200 / 234837 | Success: 63756 | Failed: 3444 (28.6%)
Progress: 67250 / 234837 | Success: 63806 | Failed: 3444 (28.6%)
Progress: 67300 / 234837 | Success: 63856 | Failed: 3444 (28.7%)
Progress: 67350 / 234837 | Success: 63906 | Failed: 3444 (28.7%)
Progress: 67400 / 234837 | Success: 63956 | Failed: 3444 (28.7%)
Progress: 67450 / 234837 | Success: 64006 | Failed: 3444 (28.7%)
Progress: 67500 / 234837 | Success: 64056 | Failed: 3444 (28.7%)
Progress: 67550 / 234837 | Success: 64106 | Failed: 3444 (28.8%)
Progress: 67600 / 234837 | Success: 64156 | Failed: 3444 (28.8%)
Progress: 67650 / 234837 | Success: 64206 | Failed: 3444 (28.8%)
Progress: 67700 / 234837 | Success: 64256 | Failed: 3444 (28.8%)
Progress: 67750 / 234837 | Success: 64306 | Failed: 3444 (28.8%)
Progress: 67800 / 234837 | Success: 64356 | Failed: 3444 (28.9%)
Progress: 67850 / 234837 | Success: 64406 | Failed: 3444 (28.9%)
Progress: 67900 / 234837 | Success: 64456 | Failed: 3444 (28.9%)
Progress: 67950 / 234837 | Success: 64506 | Failed: 3444 (28.9%)
Progress: 68000 / 234837 | Success: 64556 | Failed: 3444 (29.0%)
Progress: 68050 / 234837 | Success: 64606 | Failed: 3444 (29.0%)
Progress: 68100 / 234837 | Success: 64656 | Failed: 3444 (29.0%)
Progress: 68150 / 234837 | Success: 64706 | Failed: 3444 (29.0%)
Progress: 68200 / 234837 | Success: 64756 | Failed: 3444 (29.0%)
Progress: 68250 / 234837 | Success: 64806 | Failed: 3444 (29.1%)
Progress: 68300 / 234837 | Success: 64856 | Failed: 3444 (29.1%)
Progress: 68350 / 234837 | Success: 64906 | Failed: 3444 (29.1%)
Progress: 68400 / 234837 | Success: 64956 | Failed: 3444 (29.1%)
Progress: 68450 / 234837 | Success: 65006 | Failed: 3444 (29.1%)
Progress: 68500 / 234837 | Success: 65056 | Failed: 3444 (29.2%)
Progress: 68550 / 234837 | Success: 65106 | Failed: 3444 (29.2%)
Progress: 68600 / 234837 | Success: 65156 | Failed: 3444 (29.2%)
Progress: 68650 / 234837 | Success: 65206 | Failed: 3444 (29.2%)
Progress: 68700 / 234837 | Success: 65256 | Failed: 3444 (29.3%)
Progress: 68750 / 234837 | Success: 65306 | Failed: 3444 (29.3%)
Progress: 68800 / 234837 | Success: 65356 | Failed: 3444 (29.3%)
Progress: 68850 / 234837 | Success: 65406 | Failed: 3444 (29.3%)
Progress: 68900 / 234837 | Success: 65456 | Failed: 3444 (29.3%)
Progress: 68950 / 234837 | Success: 65506 | Failed: 3444 (29.4%)
Progress: 69000 / 234837 | Success: 65556 | Failed: 3444 (29.4%)
Progress: 69050 / 234837 | Success: 65606 | Failed: 3444 (29.4%)
Progress: 69100 / 234837 | Success: 65656 | Failed: 3444 (29.4%)
Progress: 69150 / 234837 | Success: 65706 | Failed: 3444 (29.4%)
Progress: 69200 / 234837 | Success: 65756 | Failed: 3444 (29.5%)
Progress: 69250 / 234837 | Success: 65806 | Failed: 3444 (29.5%)
Progress: 69300 / 234837 | Success: 65856 | Failed: 3444 (29.5%)
Progress: 69350 / 234837 | Success: 65906 | Failed: 3444 (29.5%)
Progress: 69400 / 234837 | Success: 65956 | Failed: 3444 (29.6%)
Progress: 69450 / 234837 | Success: 66006 | Failed: 3444 (29.6%)
Progress: 69500 / 234837 | Success: 66056 | Failed: 3444 (29.6%)
Progress: 69550 / 234837 | Success: 66106 | Failed: 3444 (29.6%)
Progress: 69600 / 234837 | Success: 66156 | Failed: 3444 (29.6%)
Progress: 69650 / 234837 | Success: 66206 | Failed: 3444 (29.7%)
Progress: 69700 / 234837 | Success: 66256 | Failed: 3444 (29.7%)
Progress: 69750 / 234837 | Success: 66306 | Failed: 3444 (29.7%)
Progress: 69800 / 234837 | Success: 66356 | Failed: 3444 (29.7%)
Progress: 69850 / 234837 | Success: 66406 | Failed: 3444 (29.7%)
Progress: 69900 / 234837 | Success: 66456 | Failed: 3444 (29.8%)
Progress: 69950 / 234837 | Success: 66506 | Failed: 3444 (29.8%)
Progress: 70000 / 234837 | Success: 66556 | Failed: 3444 (29.8%)
Progress: 70050 / 234837 | Success: 66606 | Failed: 3444 (29.8%)
Progress: 70100 / 234837 | Success: 66656 | Failed: 3444 (29.9%)
Progress: 70150 / 234837 | Success: 66706 | Failed: 3444 (29.9%)
Progress: 70200 / 234837 | Success: 66756 | Failed: 3444 (29.9%)
Progress: 70250 / 234837 | Success: 66806 | Failed: 3444 (29.9%)
Progress: 70300 / 234837 | Success: 66856 | Failed: 3444 (29.9%)
Progress: 70350 / 234837 | Success: 66906 | Failed: 3444 (30.0%)
Progress: 70400 / 234837 | Success: 66956 | Failed: 3444 (30.0%)
Progress: 70450 / 234837 | Success: 67006 | Failed: 3444 (30.0%)
Progress: 70500 / 234837 | Success: 67056 | Failed: 3444 (30.0%)
Progress: 70550 / 234837 | Success: 67106 | Failed: 3444 (30.0%)
Progress: 70600 / 234837 | Success: 67156 | Failed: 3444 (30.1%)
Progress: 70650 / 234837 | Success: 67206 | Failed: 3444 (30.1%)
Progress: 70700 / 234837 | Success: 67256 | Failed: 3444 (30.1%)
Progress: 70750 / 234837 | Success: 67306 | Failed: 3444 (30.1%)
Progress: 70800 / 234837 | Success: 67356 | Failed: 3444 (30.1%)
Progress: 70850 / 234837 | Success: 67406 | Failed: 3444 (30.2%)
Progress: 70900 / 234837 | Success: 67456 | Failed: 3444 (30.2%)
Progress: 70950 / 234837 | Success: 67506 | Failed: 3444 (30.2%)
Progress: 71000 / 234837 | Success: 67556 | Failed: 3444 (30.2%)
Progress: 71050 / 234837 | Success: 67605 | Failed: 3445 (30.3%)
Progress: 71100 / 234837 | Success: 67654 | Failed: 3446 (30.3%)
Progress: 71150 / 234837 | Success: 67703 | Failed: 3447 (30.3%)
Progress: 71200 / 234837 | Success: 67752 | Failed: 3448 (30.3%)
Progress: 71250 / 234837 | Success: 67802 | Failed: 3448 (30.3%)
Progress: 71300 / 234837 | Success: 67852 | Failed: 3448 (30.4%)
Progress: 71350 / 234837 | Success: 67902 | Failed: 3448 (30.4%)
Progress: 71400 / 234837 | Success: 67952 | Failed: 3448 (30.4%)
Progress: 71450 / 234837 | Success: 68002 | Failed: 3448 (30.4%)
Progress: 71500 / 234837 | Success: 68052 | Failed: 3448 (30.4%)
Progress: 71550 / 234837 | Success: 68102 | Failed: 3448 (30.5%)
Progress: 71600 / 234837 | Success: 68152 | Failed: 3448 (30.5%)
Progress: 71650 / 234837 | Success: 68202 | Failed: 3448 (30.5%)
Progress: 71700 / 234837 | Success: 68252 | Failed: 3448 (30.5%)
Progress: 71750 / 234837 | Success: 68302 | Failed: 3448 (30.6%)
Progress: 71800 / 234837 | Success: 68352 | Failed: 3448 (30.6%)
Progress: 71850 / 234837 | Success: 68402 | Failed: 3448 (30.6%)
Progress: 71900 / 234837 | Success: 68452 | Failed: 3448 (30.6%)
Progress: 71950 / 234837 | Success: 68502 | Failed: 3448 (30.6%)
Progress: 72000 / 234837 | Success: 68552 | Failed: 3448 (30.7%)
Progress: 72050 / 234837 | Success: 68602 | Failed: 3448 (30.7%)
Progress: 72100 / 234837 | Success: 68652 | Failed: 3448 (30.7%)
Progress: 72150 / 234837 | Success: 68702 | Failed: 3448 (30.7%)
Progress: 72200 / 234837 | Success: 68752 | Failed: 3448 (30.7%)
Progress: 72250 / 234837 | Success: 68802 | Failed: 3448 (30.8%)
Progress: 72300 / 234837 | Success: 68852 | Failed: 3448 (30.8%)
Progress: 72350 / 234837 | Success: 68902 | Failed: 3448 (30.8%)
Progress: 72400 / 234837 | Success: 68952 | Failed: 3448 (30.8%)
Progress: 72450 / 234837 | Success: 69001 | Failed: 3449 (30.9%)
Progress: 72500 / 234837 | Success: 69051 | Failed: 3449 (30.9%)
Progress: 72550 / 234837 | Success: 69101 | Failed: 3449 (30.9%)
Progress: 72600 / 234837 | Success: 69151 | Failed: 3449 (30.9%)
Progress: 72650 / 234837 | Success: 69201 | Failed: 3449 (30.9%)
Progress: 72700 / 234837 | Success: 69251 | Failed: 3449 (31.0%)
Progress: 72750 / 234837 | Success: 69301 | Failed: 3449 (31.0%)
Progress: 72800 / 234837 | Success: 69351 | Failed: 3449 (31.0%)
Progress: 72850 / 234837 | Success: 69401 | Failed: 3449 (31.0%)
Progress: 72900 / 234837 | Success: 69451 | Failed: 3449 (31.0%)
Progress: 72950 / 234837 | Success: 69501 | Failed: 3449 (31.1%)
Progress: 73000 / 234837 | Success: 69551 | Failed: 3449 (31.1%)
Progress: 73050 / 234837 | Success: 69601 | Failed: 3449 (31.1%)
Progress: 73100 / 234837 | Success: 69651 | Failed: 3449 (31.1%)
Progress: 73150 / 234837 | Success: 69701 | Failed: 3449 (31.1%)
Progress: 73200 / 234837 | Success: 69751 | Failed: 3449 (31.2%)
Progress: 73250 / 234837 | Success: 69801 | Failed: 3449 (31.2%)
Progress: 73300 / 234837 | Success: 69851 | Failed: 3449 (31.2%)
Progress: 73350 / 234837 | Success: 69901 | Failed: 3449 (31.2%)
Progress: 73400 / 234837 | Success: 69951 | Failed: 3449 (31.3%)
Progress: 73450 / 234837 | Success: 70001 | Failed: 3449 (31.3%)
Progress: 73500 / 234837 | Success: 70051 | Failed: 3449 (31.3%)
Progress: 73550 / 234837 | Success: 70101 | Failed: 3449 (31.3%)
Progress: 73600 / 234837 | Success: 70151 | Failed: 3449 (31.3%)
Progress: 73650 / 234837 | Success: 70201 | Failed: 3449 (31.4%)
Progress: 73700 / 234837 | Success: 70251 | Failed: 3449 (31.4%)
Progress: 73750 / 234837 | Success: 70301 | Failed: 3449 (31.4%)
Progress: 73800 / 234837 | Success: 70351 | Failed: 3449 (31.4%)
Progress: 73850 / 234837 | Success: 70401 | Failed: 3449 (31.4%)
Progress: 73900 / 234837 | Success: 70451 | Failed: 3449 (31.5%)
Progress: 73950 / 234837 | Success: 70501 | Failed: 3449 (31.5%)
Progress: 74000 / 234837 | Success: 70551 | Failed: 3449 (31.5%)
Progress: 74050 / 234837 | Success: 70601 | Failed: 3449 (31.5%)
Progress: 74100 / 234837 | Success: 70651 | Failed: 3449 (31.6%)
Progress: 74150 / 234837 | Success: 70701 | Failed: 3449 (31.6%)
Progress: 74200 / 234837 | Success: 70751 | Failed: 3449 (31.6%)
Progress: 74250 / 234837 | Success: 70801 | Failed: 3449 (31.6%)
Progress: 74300 / 234837 | Success: 70851 | Failed: 3449 (31.6%)
Progress: 74350 / 234837 | Success: 70901 | Failed: 3449 (31.7%)
Progress: 74400 / 234837 | Success: 70951 | Failed: 3449 (31.7%)
Progress: 74450 / 234837 | Success: 71001 | Failed: 3449 (31.7%)
Progress: 74500 / 234837 | Success: 71051 | Failed: 3449 (31.7%)
Progress: 74550 / 234837 | Success: 71101 | Failed: 3449 (31.7%)
Progress: 74600 / 234837 | Success: 71151 | Failed: 3449 (31.8%)
Progress: 74650 / 234837 | Success: 71201 | Failed: 3449 (31.8%)
Progress: 74700 / 234837 | Success: 71251 | Failed: 3449 (31.8%)
Progress: 74750 / 234837 | Success: 71300 | Failed: 3450 (31.8%)
Progress: 74800 / 234837 | Success: 71350 | Failed: 3450 (31.9%)
Progress: 74850 / 234837 | Success: 71400 | Failed: 3450 (31.9%)
Progress: 74900 / 234837 | Success: 71450 | Failed: 3450 (31.9%)
Progress: 74950 / 234837 | Success: 71500 | Failed: 3450 (31.9%)
Progress: 75000 / 234837 | Success: 71550 | Failed: 3450 (31.9%)
Progress: 75050 / 234837 | Success: 71600 | Failed: 3450 (32.0%)
Progress: 75100 / 234837 | Success: 71650 | Failed: 3450 (32.0%)
Progress: 75150 / 234837 | Success: 71700 | Failed: 3450 (32.0%)
Progress: 75200 / 234837 | Success: 71750 | Failed: 3450 (32.0%)
Progress: 75250 / 234837 | Success: 71800 | Failed: 3450 (32.0%)
Progress: 75300 / 234837 | Success: 71850 | Failed: 3450 (32.1%)
Progress: 75350 / 234837 | Success: 71900 | Failed: 3450 (32.1%)
Progress: 75400 / 234837 | Success: 71950 | Failed: 3450 (32.1%)
Progress: 75450 / 234837 | Success: 72000 | Failed: 3450 (32.1%)
Progress: 75500 / 234837 | Success: 72050 | Failed: 3450 (32.1%)
Progress: 75550 / 234837 | Success: 72100 | Failed: 3450 (32.2%)
Progress: 75600 / 234837 | Success: 72150 | Failed: 3450 (32.2%)
Progress: 75650 / 234837 | Success: 72200 | Failed: 3450 (32.2%)
Progress: 75700 / 234837 | Success: 72250 | Failed: 3450 (32.2%)
Progress: 75750 / 234837 | Success: 72300 | Failed: 3450 (32.3%)
Progress: 75800 / 234837 | Success: 72350 | Failed: 3450 (32.3%)
Progress: 75850 / 234837 | Success: 72399 | Failed: 3451 (32.3%)
Progress: 75900 / 234837 | Success: 72448 | Failed: 3452 (32.3%)
Progress: 75950 / 234837 | Success: 72498 | Failed: 3452 (32.3%)
Progress: 76000 / 234837 | Success: 72548 | Failed: 3452 (32.4%)
Progress: 76050 / 234837 | Success: 72598 | Failed: 3452 (32.4%)
Progress: 76100 / 234837 | Success: 72648 | Failed: 3452 (32.4%)
Progress: 76150 / 234837 | Success: 72698 | Failed: 3452 (32.4%)
Progress: 76200 / 234837 | Success: 72748 | Failed: 3452 (32.4%)
Progress: 76250 / 234837 | Success: 72798 | Failed: 3452 (32.5%)
Progress: 76300 / 234837 | Success: 72848 | Failed: 3452 (32.5%)
Progress: 76350 / 234837 | Success: 72898 | Failed: 3452 (32.5%)
Progress: 76400 / 234837 | Success: 72948 | Failed: 3452 (32.5%)
Progress: 76450 / 234837 | Success: 72998 | Failed: 3452 (32.6%)
Progress: 76500 / 234837 | Success: 73048 | Failed: 3452 (32.6%)
Progress: 76550 / 234837 | Success: 73098 | Failed: 3452 (32.6%)
Progress: 76600 / 234837 | Success: 73148 | Failed: 3452 (32.6%)
Progress: 76650 / 234837 | Success: 73198 | Failed: 3452 (32.6%)
Progress: 76700 / 234837 | Success: 73248 | Failed: 3452 (32.7%)
Progress: 76750 / 234837 | Success: 73298 | Failed: 3452 (32.7%)
Progress: 76800 / 234837 | Success: 73348 | Failed: 3452 (32.7%)
Progress: 76850 / 234837 | Success: 73398 | Failed: 3452 (32.7%)
Progress: 76900 / 234837 | Success: 73448 | Failed: 3452 (32.7%)
Progress: 76950 / 234837 | Success: 73498 | Failed: 3452 (32.8%)
Progress: 77000 / 234837 | Success: 73548 | Failed: 3452 (32.8%)
Progress: 77050 / 234837 | Success: 73598 | Failed: 3452 (32.8%)
Progress: 77100 / 234837 | Success: 73648 | Failed: 3452 (32.8%)
Progress: 77150 / 234837 | Success: 73698 | Failed: 3452 (32.9%)
Progress: 77200 / 234837 | Success: 73748 | Failed: 3452 (32.9%)
Progress: 77250 / 234837 | Success: 73798 | Failed: 3452 (32.9%)
Progress: 77300 / 234837 | Success: 73848 | Failed: 3452 (32.9%)
Progress: 77350 / 234837 | Success: 73898 | Failed: 3452 (32.9%)
Progress: 77400 / 234837 | Success: 73948 | Failed: 3452 (33.0%)
Progress: 77450 / 234837 | Success: 73998 | Failed: 3452 (33.0%)
Progress: 77500 / 234837 | Success: 74048 | Failed: 3452 (33.0%)
Progress: 77550 / 234837 | Success: 74098 | Failed: 3452 (33.0%)
Progress: 77600 / 234837 | Success: 74148 | Failed: 3452 (33.0%)
Progress: 77650 / 234837 | Success: 74198 | Failed: 3452 (33.1%)
Progress: 77700 / 234837 | Success: 74248 | Failed: 3452 (33.1%)
Progress: 77750 / 234837 | Success: 74298 | Failed: 3452 (33.1%)
Progress: 77800 / 234837 | Success: 74348 | Failed: 3452 (33.1%)
Progress: 77850 / 234837 | Success: 74398 | Failed: 3452 (33.2%)
Progress: 77900 / 234837 | Success: 74448 | Failed: 3452 (33.2%)
Progress: 77950 / 234837 | Success: 74498 | Failed: 3452 (33.2%)
Progress: 78000 / 234837 | Success: 74548 | Failed: 3452 (33.2%)
Progress: 78050 / 234837 | Success: 74598 | Failed: 3452 (33.2%)
Progress: 78100 / 234837 | Success: 74648 | Failed: 3452 (33.3%)
Progress: 78150 / 234837 | Success: 74698 | Failed: 3452 (33.3%)
Progress: 78200 / 234837 | Success: 74748 | Failed: 3452 (33.3%)
Progress: 78250 / 234837 | Success: 74798 | Failed: 3452 (33.3%)
Progress: 78300 / 234837 | Success: 74848 | Failed: 3452 (33.3%)
Progress: 78350 / 234837 | Success: 74898 | Failed: 3452 (33.4%)
Progress: 78400 / 234837 | Success: 74948 | Failed: 3452 (33.4%)
Progress: 78450 / 234837 | Success: 74998 | Failed: 3452 (33.4%)
Progress: 78500 / 234837 | Success: 75048 | Failed: 3452 (33.4%)
Progress: 78550 / 234837 | Success: 75098 | Failed: 3452 (33.4%)
Progress: 78600 / 234837 | Success: 75148 | Failed: 3452 (33.5%)
Progress: 78650 / 234837 | Success: 75198 | Failed: 3452 (33.5%)
Progress: 78700 / 234837 | Success: 75248 | Failed: 3452 (33.5%)
Progress: 78750 / 234837 | Success: 75298 | Failed: 3452 (33.5%)
Progress: 78800 / 234837 | Success: 75348 | Failed: 3452 (33.6%)
Progress: 78850 / 234837 | Success: 75398 | Failed: 3452 (33.6%)
Progress: 78900 / 234837 | Success: 75448 | Failed: 3452 (33.6%)
Progress: 78950 / 234837 | Success: 75498 | Failed: 3452 (33.6%)
Progress: 79000 / 234837 | Success: 75548 | Failed: 3452 (33.6%)
Progress: 79050 / 234837 | Success: 75598 | Failed: 3452 (33.7%)
Progress: 79100 / 234837 | Success: 75648 | Failed: 3452 (33.7%)
Progress: 79150 / 234837 | Success: 75698 | Failed: 3452 (33.7%)
Progress: 79200 / 234837 | Success: 75748 | Failed: 3452 (33.7%)
Progress: 79250 / 234837 | Success: 75798 | Failed: 3452 (33.7%)
Progress: 79300 / 234837 | Success: 75848 | Failed: 3452 (33.8%)
Progress: 79350 / 234837 | Success: 75898 | Failed: 3452 (33.8%)
Progress: 79400 / 234837 | Success: 75948 | Failed: 3452 (33.8%)
Progress: 79450 / 234837 | Success: 75998 | Failed: 3452 (33.8%)
Progress: 79500 / 234837 | Success: 76047 | Failed: 3453 (33.9%)
Progress: 79550 / 234837 | Success: 76096 | Failed: 3454 (33.9%)
Progress: 79600 / 234837 | Success: 76146 | Failed: 3454 (33.9%)
Progress: 79650 / 234837 | Success: 76196 | Failed: 3454 (33.9%)
Progress: 79700 / 234837 | Success: 76246 | Failed: 3454 (33.9%)
Progress: 79750 / 234837 | Success: 76296 | Failed: 3454 (34.0%)
Progress: 79800 / 234837 | Success: 76346 | Failed: 3454 (34.0%)
Progress: 79850 / 234837 | Success: 76396 | Failed: 3454 (34.0%)
Progress: 79900 / 234837 | Success: 76446 | Failed: 3454 (34.0%)
Progress: 79950 / 234837 | Success: 76496 | Failed: 3454 (34.0%)
Progress: 80000 / 234837 | Success: 76546 | Failed: 3454 (34.1%)
Progress: 80050 / 234837 | Success: 76596 | Failed: 3454 (34.1%)
Progress: 80100 / 234837 | Success: 76646 | Failed: 3454 (34.1%)
Progress: 80150 / 234837 | Success: 76696 | Failed: 3454 (34.1%)
Progress: 80200 / 234837 | Success: 76746 | Failed: 3454 (34.2%)
Progress: 80250 / 234837 | Success: 76796 | Failed: 3454 (34.2%)
Progress: 80300 / 234837 | Success: 76846 | Failed: 3454 (34.2%)
Progress: 80350 / 234837 | Success: 76896 | Failed: 3454 (34.2%)
Progress: 80400 / 234837 | Success: 76946 | Failed: 3454 (34.2%)
Progress: 80450 / 234837 | Success: 76996 | Failed: 3454 (34.3%)
Progress: 80500 / 234837 | Success: 77046 | Failed: 3454 (34.3%)
Progress: 80550 / 234837 | Success: 77096 | Failed: 3454 (34.3%)
Progress: 80600 / 234837 | Success: 77146 | Failed: 3454 (34.3%)
Progress: 80650 / 234837 | Success: 77196 | Failed: 3454 (34.3%)
Progress: 80700 / 234837 | Success: 77246 | Failed: 3454 (34.4%)
Progress: 80750 / 234837 | Success: 77296 | Failed: 3454 (34.4%)
Progress: 80800 / 234837 | Success: 77346 | Failed: 3454 (34.4%)
Progress: 80850 / 234837 | Success: 77396 | Failed: 3454 (34.4%)
Progress: 80900 / 234837 | Success: 77446 | Failed: 3454 (34.4%)
Progress: 80950 / 234837 | Success: 77496 | Failed: 3454 (34.5%)
Progress: 81000 / 234837 | Success: 77546 | Failed: 3454 (34.5%)
Progress: 81050 / 234837 | Success: 77596 | Failed: 3454 (34.5%)
Progress: 81100 / 234837 | Success: 77646 | Failed: 3454 (34.5%)
Progress: 81150 / 234837 | Success: 77696 | Failed: 3454 (34.6%)
Progress: 81200 / 234837 | Success: 77746 | Failed: 3454 (34.6%)
Progress: 81250 / 234837 | Success: 77796 | Failed: 3454 (34.6%)
Progress: 81300 / 234837 | Success: 77846 | Failed: 3454 (34.6%)
Progress: 81350 / 234837 | Success: 77896 | Failed: 3454 (34.6%)
Progress: 81400 / 234837 | Success: 77944 | Failed: 3456 (34.7%)
Progress: 81450 / 234837 | Success: 77993 | Failed: 3457 (34.7%)
Progress: 81500 / 234837 | Success: 78043 | Failed: 3457 (34.7%)
Progress: 81550 / 234837 | Success: 78093 | Failed: 3457 (34.7%)
Progress: 81600 / 234837 | Success: 78142 | Failed: 3458 (34.7%)
Progress: 81650 / 234837 | Success: 78192 | Failed: 3458 (34.8%)
Progress: 81700 / 234837 | Success: 78242 | Failed: 3458 (34.8%)
Progress: 81750 / 234837 | Success: 78292 | Failed: 3458 (34.8%)
Progress: 81800 / 234837 | Success: 78342 | Failed: 3458 (34.8%)
Progress: 81850 / 234837 | Success: 78392 | Failed: 3458 (34.9%)
Progress: 81900 / 234837 | Success: 78442 | Failed: 3458 (34.9%)
Progress: 81950 / 234837 | Success: 78492 | Failed: 3458 (34.9%)
Progress: 82000 / 234837 | Success: 78542 | Failed: 3458 (34.9%)
Progress: 82050 / 234837 | Success: 78592 | Failed: 3458 (34.9%)
Progress: 82100 / 234837 | Success: 78642 | Failed: 3458 (35.0%)
Progress: 82150 / 234837 | Success: 78692 | Failed: 3458 (35.0%)
Progress: 82200 / 234837 | Success: 78742 | Failed: 3458 (35.0%)
Progress: 82250 / 234837 | Success: 78792 | Failed: 3458 (35.0%)
Progress: 82300 / 234837 | Success: 78842 | Failed: 3458 (35.0%)
Progress: 82350 / 234837 | Success: 78892 | Failed: 3458 (35.1%)
Progress: 82400 / 234837 | Success: 78942 | Failed: 3458 (35.1%)
Progress: 82450 / 234837 | Success: 78992 | Failed: 3458 (35.1%)
Progress: 82500 / 234837 | Success: 79042 | Failed: 3458 (35.1%)
Progress: 82550 / 234837 | Success: 79092 | Failed: 3458 (35.2%)
Progress: 82600 / 234837 | Success: 79142 | Failed: 3458 (35.2%)
Progress: 82650 / 234837 | Success: 79192 | Failed: 3458 (35.2%)
Progress: 82700 / 234837 | Success: 79242 | Failed: 3458 (35.2%)
Progress: 82750 / 234837 | Success: 79292 | Failed: 3458 (35.2%)
Progress: 82800 / 234837 | Success: 79342 | Failed: 3458 (35.3%)
Progress: 82850 / 234837 | Success: 79392 | Failed: 3458 (35.3%)
Progress: 82900 / 234837 | Success: 79442 | Failed: 3458 (35.3%)
Progress: 82950 / 234837 | Success: 79492 | Failed: 3458 (35.3%)
Progress: 83000 / 234837 | Success: 79542 | Failed: 3458 (35.3%)
Progress: 83050 / 234837 | Success: 79592 | Failed: 3458 (35.4%)
Progress: 83100 / 234837 | Success: 79642 | Failed: 3458 (35.4%)
Progress: 83150 / 234837 | Success: 79692 | Failed: 3458 (35.4%)
Progress: 83200 / 234837 | Success: 79742 | Failed: 3458 (35.4%)
Progress: 83250 / 234837 | Success: 79792 | Failed: 3458 (35.5%)
Progress: 83300 / 234837 | Success: 79842 | Failed: 3458 (35.5%)
Progress: 83350 / 234837 | Success: 79892 | Failed: 3458 (35.5%)
Progress: 83400 / 234837 | Success: 79942 | Failed: 3458 (35.5%)
Progress: 83450 / 234837 | Success: 79992 | Failed: 3458 (35.5%)
Progress: 83500 / 234837 | Success: 80042 | Failed: 3458 (35.6%)
Progress: 83550 / 234837 | Success: 80092 | Failed: 3458 (35.6%)
Progress: 83600 / 234837 | Success: 80142 | Failed: 3458 (35.6%)
Progress: 83650 / 234837 | Success: 80192 | Failed: 3458 (35.6%)
Progress: 83700 / 234837 | Success: 80242 | Failed: 3458 (35.6%)
Progress: 83750 / 234837 | Success: 80292 | Failed: 3458 (35.7%)
Progress: 83800 / 234837 | Success: 80342 | Failed: 3458 (35.7%)
Progress: 83850 / 234837 | Success: 80392 | Failed: 3458 (35.7%)
Progress: 83900 / 234837 | Success: 80442 | Failed: 3458 (35.7%)
Progress: 83950 / 234837 | Success: 80492 | Failed: 3458 (35.7%)
Progress: 84000 / 234837 | Success: 80542 | Failed: 3458 (35.8%)
Progress: 84050 / 234837 | Success: 80592 | Failed: 3458 (35.8%)
Progress: 84100 / 234837 | Success: 80642 | Failed: 3458 (35.8%)
Progress: 84150 / 234837 | Success: 80692 | Failed: 3458 (35.8%)
Progress: 84200 / 234837 | Success: 80741 | Failed: 3459 (35.9%)
Progress: 84250 / 234837 | Success: 80791 | Failed: 3459 (35.9%)
Progress: 84300 / 234837 | Success: 80841 | Failed: 3459 (35.9%)
Progress: 84350 / 234837 | Success: 80891 | Failed: 3459 (35.9%)
Progress: 84400 / 234837 | Success: 80941 | Failed: 3459 (35.9%)
Progress: 84450 / 234837 | Success: 80991 | Failed: 3459 (36.0%)
Progress: 84500 / 234837 | Success: 81041 | Failed: 3459 (36.0%)
Progress: 84550 / 234837 | Success: 81091 | Failed: 3459 (36.0%)
Progress: 84600 / 234837 | Success: 81141 | Failed: 3459 (36.0%)
Progress: 84650 / 234837 | Success: 81191 | Failed: 3459 (36.0%)
Progress: 84700 / 234837 | Success: 81241 | Failed: 3459 (36.1%)
Progress: 84750 / 234837 | Success: 81291 | Failed: 3459 (36.1%)
Progress: 84800 / 234837 | Success: 81341 | Failed: 3459 (36.1%)
Progress: 84850 / 234837 | Success: 81391 | Failed: 3459 (36.1%)
Progress: 84900 / 234837 | Success: 81441 | Failed: 3459 (36.2%)
Progress: 84950 / 234837 | Success: 81491 | Failed: 3459 (36.2%)
Progress: 85000 / 234837 | Success: 81541 | Failed: 3459 (36.2%)
Progress: 85050 / 234837 | Success: 81591 | Failed: 3459 (36.2%)
Progress: 85100 / 234837 | Success: 81641 | Failed: 3459 (36.2%)
Progress: 85150 / 234837 | Success: 81691 | Failed: 3459 (36.3%)
Progress: 85200 / 234837 | Success: 81741 | Failed: 3459 (36.3%)
Progress: 85250 / 234837 | Success: 81791 | Failed: 3459 (36.3%)
Progress: 85300 / 234837 | Success: 81841 | Failed: 3459 (36.3%)
Progress: 85350 / 234837 | Success: 81891 | Failed: 3459 (36.3%)
Progress: 85400 / 234837 | Success: 81941 | Failed: 3459 (36.4%)
Progress: 85450 / 234837 | Success: 81991 | Failed: 3459 (36.4%)
Progress: 85500 / 234837 | Success: 82041 | Failed: 3459 (36.4%)
Progress: 85550 / 234837 | Success: 82091 | Failed: 3459 (36.4%)
Progress: 85600 / 234837 | Success: 82141 | Failed: 3459 (36.5%)
Progress: 85650 / 234837 | Success: 82191 | Failed: 3459 (36.5%)
Progress: 85700 / 234837 | Success: 82241 | Failed: 3459 (36.5%)
Progress: 85750 / 234837 | Success: 82291 | Failed: 3459 (36.5%)
Progress: 85800 / 234837 | Success: 82341 | Failed: 3459 (36.5%)
Progress: 85850 / 234837 | Success: 82391 | Failed: 3459 (36.6%)
Progress: 85900 / 234837 | Success: 82441 | Failed: 3459 (36.6%)
Progress: 85950 / 234837 | Success: 82491 | Failed: 3459 (36.6%)
Progress: 86000 / 234837 | Success: 82541 | Failed: 3459 (36.6%)
Progress: 86050 / 234837 | Success: 82591 | Failed: 3459 (36.6%)
Progress: 86100 / 234837 | Success: 82641 | Failed: 3459 (36.7%)
Progress: 86150 / 234837 | Success: 82691 | Failed: 3459 (36.7%)
Progress: 86200 / 234837 | Success: 82741 | Failed: 3459 (36.7%)
Progress: 86250 / 234837 | Success: 82791 | Failed: 3459 (36.7%)
Progress: 86300 / 234837 | Success: 82841 | Failed: 3459 (36.7%)
Progress: 86350 / 234837 | Success: 82891 | Failed: 3459 (36.8%)
Progress: 86400 / 234837 | Success: 82941 | Failed: 3459 (36.8%)
Progress: 86450 / 234837 | Success: 82991 | Failed: 3459 (36.8%)
Progress: 86500 / 234837 | Success: 83041 | Failed: 3459 (36.8%)
Progress: 86550 / 234837 | Success: 83091 | Failed: 3459 (36.9%)
Progress: 86600 / 234837 | Success: 83141 | Failed: 3459 (36.9%)
Progress: 86650 / 234837 | Success: 83191 | Failed: 3459 (36.9%)
Progress: 86700 / 234837 | Success: 83241 | Failed: 3459 (36.9%)
Progress: 86750 / 234837 | Success: 83291 | Failed: 3459 (36.9%)
Progress: 86800 / 234837 | Success: 83341 | Failed: 3459 (37.0%)
Progress: 86850 / 234837 | Success: 83391 | Failed: 3459 (37.0%)
Progress: 86900 / 234837 | Success: 83441 | Failed: 3459 (37.0%)
Progress: 86950 / 234837 | Success: 83491 | Failed: 3459 (37.0%)
Progress: 87000 / 234837 | Success: 83541 | Failed: 3459 (37.0%)
Progress: 87050 / 234837 | Success: 83591 | Failed: 3459 (37.1%)
Progress: 87100 / 234837 | Success: 83641 | Failed: 3459 (37.1%)
Progress: 87150 / 234837 | Success: 83691 | Failed: 3459 (37.1%)
Progress: 87200 / 234837 | Success: 83741 | Failed: 3459 (37.1%)
Progress: 87250 / 234837 | Success: 83791 | Failed: 3459 (37.2%)
Progress: 87300 / 234837 | Success: 83841 | Failed: 3459 (37.2%)
Progress: 87350 / 234837 | Success: 83891 | Failed: 3459 (37.2%)
Progress: 87400 / 234837 | Success: 83941 | Failed: 3459 (37.2%)
Progress: 87450 / 234837 | Success: 83991 | Failed: 3459 (37.2%)
Progress: 87500 / 234837 | Success: 84041 | Failed: 3459 (37.3%)
Progress: 87550 / 234837 | Success: 84091 | Failed: 3459 (37.3%)
Progress: 87600 / 234837 | Success: 84141 | Failed: 3459 (37.3%)
Progress: 87650 / 234837 | Success: 84191 | Failed: 3459 (37.3%)
Progress: 87700 / 234837 | Success: 84241 | Failed: 3459 (37.3%)
Progress: 87750 / 234837 | Success: 84291 | Failed: 3459 (37.4%)
Progress: 87800 / 234837 | Success: 84341 | Failed: 3459 (37.4%)
Progress: 87850 / 234837 | Success: 84391 | Failed: 3459 (37.4%)
Progress: 87900 / 234837 | Success: 84441 | Failed: 3459 (37.4%)
Progress: 87950 / 234837 | Success: 84491 | Failed: 3459 (37.5%)
Progress: 88000 / 234837 | Success: 84541 | Failed: 3459 (37.5%)
Progress: 88050 / 234837 | Success: 84591 | Failed: 3459 (37.5%)
Progress: 88100 / 234837 | Success: 84640 | Failed: 3460 (37.5%)
Progress: 88150 / 234837 | Success: 84690 | Failed: 3460 (37.5%)
Progress: 88200 / 234837 | Success: 84740 | Failed: 3460 (37.6%)
Progress: 88250 / 234837 | Success: 84790 | Failed: 3460 (37.6%)
Progress: 88300 / 234837 | Success: 84840 | Failed: 3460 (37.6%)
Progress: 88350 / 234837 | Success: 84890 | Failed: 3460 (37.6%)
Progress: 88400 / 234837 | Success: 84940 | Failed: 3460 (37.6%)
Progress: 88450 / 234837 | Success: 84990 | Failed: 3460 (37.7%)
Progress: 88500 / 234837 | Success: 85040 | Failed: 3460 (37.7%)
Progress: 88550 / 234837 | Success: 85090 | Failed: 3460 (37.7%)
Progress: 88600 / 234837 | Success: 85140 | Failed: 3460 (37.7%)
Progress: 88650 / 234837 | Success: 85190 | Failed: 3460 (37.7%)
Progress: 88700 / 234837 | Success: 85240 | Failed: 3460 (37.8%)
Progress: 88750 / 234837 | Success: 85290 | Failed: 3460 (37.8%)
Progress: 88800 / 234837 | Success: 85340 | Failed: 3460 (37.8%)
Progress: 88850 / 234837 | Success: 85389 | Failed: 3461 (37.8%)
Progress: 88900 / 234837 | Success: 85439 | Failed: 3461 (37.9%)
Progress: 88950 / 234837 | Success: 85489 | Failed: 3461 (37.9%)
Progress: 89000 / 234837 | Success: 85539 | Failed: 3461 (37.9%)
Progress: 89050 / 234837 | Success: 85589 | Failed: 3461 (37.9%)
Progress: 89100 / 234837 | Success: 85639 | Failed: 3461 (37.9%)
Progress: 89150 / 234837 | Success: 85689 | Failed: 3461 (38.0%)
Progress: 89200 / 234837 | Success: 85739 | Failed: 3461 (38.0%)
Progress: 89250 / 234837 | Success: 85789 | Failed: 3461 (38.0%)
Progress: 89300 / 234837 | Success: 85839 | Failed: 3461 (38.0%)
Progress: 89350 / 234837 | Success: 85889 | Failed: 3461 (38.0%)
Progress: 89400 / 234837 | Success: 85939 | Failed: 3461 (38.1%)
Progress: 89450 / 234837 | Success: 85989 | Failed: 3461 (38.1%)
Progress: 89500 / 234837 | Success: 86039 | Failed: 3461 (38.1%)
Progress: 89550 / 234837 | Success: 86089 | Failed: 3461 (38.1%)
Progress: 89600 / 234837 | Success: 86139 | Failed: 3461 (38.2%)
Progress: 89650 / 234837 | Success: 86189 | Failed: 3461 (38.2%)
Progress: 89700 / 234837 | Success: 86239 | Failed: 3461 (38.2%)
Progress: 89750 / 234837 | Success: 86289 | Failed: 3461 (38.2%)
Progress: 89800 / 234837 | Success: 86339 | Failed: 3461 (38.2%)
Progress: 89850 / 234837 | Success: 86389 | Failed: 3461 (38.3%)
Progress: 89900 / 234837 | Success: 86439 | Failed: 3461 (38.3%)
Progress: 89950 / 234837 | Success: 86489 | Failed: 3461 (38.3%)
Progress: 90000 / 234837 | Success: 86539 | Failed: 3461 (38.3%)
Progress: 90050 / 234837 | Success: 86589 | Failed: 3461 (38.3%)
Progress: 90100 / 234837 | Success: 86639 | Failed: 3461 (38.4%)
Progress: 90150 / 234837 | Success: 86689 | Failed: 3461 (38.4%)
Progress: 90200 / 234837 | Success: 86739 | Failed: 3461 (38.4%)
Progress: 90250 / 234837 | Success: 86789 | Failed: 3461 (38.4%)
Progress: 90300 / 234837 | Success: 86839 | Failed: 3461 (38.5%)
Progress: 90350 / 234837 | Success: 86889 | Failed: 3461 (38.5%)
Progress: 90400 / 234837 | Success: 86939 | Failed: 3461 (38.5%)
Progress: 90450 / 234837 | Success: 86989 | Failed: 3461 (38.5%)
Progress: 90500 / 234837 | Success: 87039 | Failed: 3461 (38.5%)
Progress: 90550 / 234837 | Success: 87089 | Failed: 3461 (38.6%)
Progress: 90600 / 234837 | Success: 87139 | Failed: 3461 (38.6%)
Progress: 90650 / 234837 | Success: 87189 | Failed: 3461 (38.6%)
Progress: 90700 / 234837 | Success: 87239 | Failed: 3461 (38.6%)
Progress: 90750 / 234837 | Success: 87289 | Failed: 3461 (38.6%)
Progress: 90800 / 234837 | Success: 87339 | Failed: 3461 (38.7%)
Progress: 90850 / 234837 | Success: 87389 | Failed: 3461 (38.7%)
Progress: 90900 / 234837 | Success: 87439 | Failed: 3461 (38.7%)
Progress: 90950 / 234837 | Success: 87489 | Failed: 3461 (38.7%)
Progress: 91000 / 234837 | Success: 87539 | Failed: 3461 (38.8%)
Progress: 91050 / 234837 | Success: 87589 | Failed: 3461 (38.8%)
Progress: 91100 / 234837 | Success: 87639 | Failed: 3461 (38.8%)
Progress: 91150 / 234837 | Success: 87689 | Failed: 3461 (38.8%)
Progress: 91200 / 234837 | Success: 87739 | Failed: 3461 (38.8%)
Progress: 91250 / 234837 | Success: 87789 | Failed: 3461 (38.9%)
Progress: 91300 / 234837 | Success: 87839 | Failed: 3461 (38.9%)
Progress: 91350 / 234837 | Success: 87889 | Failed: 3461 (38.9%)
Progress: 91400 / 234837 | Success: 87939 | Failed: 3461 (38.9%)
Progress: 91450 / 234837 | Success: 87989 | Failed: 3461 (38.9%)
Progress: 91500 / 234837 | Success: 88039 | Failed: 3461 (39.0%)
Progress: 91550 / 234837 | Success: 88089 | Failed: 3461 (39.0%)
Progress: 91600 / 234837 | Success: 88139 | Failed: 3461 (39.0%)
Progress: 91650 / 234837 | Success: 88189 | Failed: 3461 (39.0%)
Progress: 91700 / 234837 | Success: 88239 | Failed: 3461 (39.0%)
Progress: 91750 / 234837 | Success: 88289 | Failed: 3461 (39.1%)
Progress: 91800 / 234837 | Success: 88339 | Failed: 3461 (39.1%)
Progress: 91850 / 234837 | Success: 88389 | Failed: 3461 (39.1%)
Progress: 91900 / 234837 | Success: 88439 | Failed: 3461 (39.1%)
Progress: 91950 / 234837 | Success: 88489 | Failed: 3461 (39.2%)
Progress: 92000 / 234837 | Success: 88539 | Failed: 3461 (39.2%)
Progress: 92050 / 234837 | Success: 88589 | Failed: 3461 (39.2%)
Progress: 92100 / 234837 | Success: 88639 | Failed: 3461 (39.2%)
Progress: 92150 / 234837 | Success: 88689 | Failed: 3461 (39.2%)
Progress: 92200 / 234837 | Success: 88739 | Failed: 3461 (39.3%)
Progress: 92250 / 234837 | Success: 88789 | Failed: 3461 (39.3%)
Progress: 92300 / 234837 | Success: 88839 | Failed: 3461 (39.3%)
Progress: 92350 / 234837 | Success: 88889 | Failed: 3461 (39.3%)
Progress: 92400 / 234837 | Success: 88939 | Failed: 3461 (39.3%)
Progress: 92450 / 234837 | Success: 88989 | Failed: 3461 (39.4%)
Progress: 92500 / 234837 | Success: 89039 | Failed: 3461 (39.4%)
Progress: 92550 / 234837 | Success: 89089 | Failed: 3461 (39.4%)
Progress: 92600 / 234837 | Success: 89139 | Failed: 3461 (39.4%)
Progress: 92650 / 234837 | Success: 89189 | Failed: 3461 (39.5%)
Progress: 92700 / 234837 | Success: 89239 | Failed: 3461 (39.5%)
Progress: 92750 / 234837 | Success: 89289 | Failed: 3461 (39.5%)
Progress: 92800 / 234837 | Success: 89339 | Failed: 3461 (39.5%)
Progress: 92850 / 234837 | Success: 89389 | Failed: 3461 (39.5%)
Progress: 92900 / 234837 | Success: 89439 | Failed: 3461 (39.6%)
Progress: 92950 / 234837 | Success: 89489 | Failed: 3461 (39.6%)
Progress: 93000 / 234837 | Success: 89539 | Failed: 3461 (39.6%)
Progress: 93050 / 234837 | Success: 89589 | Failed: 3461 (39.6%)
Progress: 93100 / 234837 | Success: 89639 | Failed: 3461 (39.6%)
Progress: 93150 / 234837 | Success: 89689 | Failed: 3461 (39.7%)
Progress: 93200 / 234837 | Success: 89739 | Failed: 3461 (39.7%)
Progress: 93250 / 234837 | Success: 89789 | Failed: 3461 (39.7%)
Progress: 93300 / 234837 | Success: 89839 | Failed: 3461 (39.7%)
Progress: 93350 / 234837 | Success: 89889 | Failed: 3461 (39.8%)
Progress: 93400 / 234837 | Success: 89939 | Failed: 3461 (39.8%)
Progress: 93450 / 234837 | Success: 89989 | Failed: 3461 (39.8%)
Progress: 93500 / 234837 | Success: 90039 | Failed: 3461 (39.8%)
Progress: 93550 / 234837 | Success: 90089 | Failed: 3461 (39.8%)
Progress: 93600 / 234837 | Success: 90139 | Failed: 3461 (39.9%)
Progress: 93650 / 234837 | Success: 90189 | Failed: 3461 (39.9%)
Progress: 93700 / 234837 | Success: 90239 | Failed: 3461 (39.9%)
Progress: 93750 / 234837 | Success: 90289 | Failed: 3461 (39.9%)
Progress: 93800 / 234837 | Success: 90339 | Failed: 3461 (39.9%)
Progress: 93850 / 234837 | Success: 90389 | Failed: 3461 (40.0%)
Progress: 93900 / 234837 | Success: 90439 | Failed: 3461 (40.0%)
Progress: 93950 / 234837 | Success: 90489 | Failed: 3461 (40.0%)
Progress: 94000 / 234837 | Success: 90539 | Failed: 3461 (40.0%)
Progress: 94050 / 234837 | Success: 90589 | Failed: 3461 (40.0%)
Progress: 94100 / 234837 | Success: 90639 | Failed: 3461 (40.1%)
Progress: 94150 / 234837 | Success: 90689 | Failed: 3461 (40.1%)
Progress: 94200 / 234837 | Success: 90739 | Failed: 3461 (40.1%)
Progress: 94250 / 234837 | Success: 90789 | Failed: 3461 (40.1%)
Progress: 94300 / 234837 | Success: 90839 | Failed: 3461 (40.2%)
Progress: 94350 / 234837 | Success: 90889 | Failed: 3461 (40.2%)
Progress: 94400 / 234837 | Success: 90939 | Failed: 3461 (40.2%)
Progress: 94450 / 234837 | Success: 90989 | Failed: 3461 (40.2%)
Progress: 94500 / 234837 | Success: 91039 | Failed: 3461 (40.2%)
Progress: 94550 / 234837 | Success: 91089 | Failed: 3461 (40.3%)
Progress: 94600 / 234837 | Success: 91139 | Failed: 3461 (40.3%)
Progress: 94650 / 234837 | Success: 91189 | Failed: 3461 (40.3%)
Progress: 94700 / 234837 | Success: 91239 | Failed: 3461 (40.3%)
Progress: 94750 / 234837 | Success: 91289 | Failed: 3461 (40.3%)
Progress: 94800 / 234837 | Success: 91339 | Failed: 3461 (40.4%)
Progress: 94850 / 234837 | Success: 91389 | Failed: 3461 (40.4%)
Progress: 94900 / 234837 | Success: 91439 | Failed: 3461 (40.4%)
Progress: 94950 / 234837 | Success: 91489 | Failed: 3461 (40.4%)
Progress: 95000 / 234837 | Success: 91538 | Failed: 3462 (40.5%)
Progress: 95050 / 234837 | Success: 91588 | Failed: 3462 (40.5%)
Progress: 95100 / 234837 | Success: 91638 | Failed: 3462 (40.5%)
Progress: 95150 / 234837 | Success: 91688 | Failed: 3462 (40.5%)
Progress: 95200 / 234837 | Success: 91738 | Failed: 3462 (40.5%)
Progress: 95250 / 234837 | Success: 91788 | Failed: 3462 (40.6%)
Progress: 95300 / 234837 | Success: 91838 | Failed: 3462 (40.6%)
Progress: 95350 / 234837 | Success: 91888 | Failed: 3462 (40.6%)
Progress: 95400 / 234837 | Success: 91938 | Failed: 3462 (40.6%)
Progress: 95450 / 234837 | Success: 91988 | Failed: 3462 (40.6%)
Progress: 95500 / 234837 | Success: 92038 | Failed: 3462 (40.7%)
Progress: 95550 / 234837 | Success: 92088 | Failed: 3462 (40.7%)
Progress: 95600 / 234837 | Success: 92138 | Failed: 3462 (40.7%)
Progress: 95650 / 234837 | Success: 92188 | Failed: 3462 (40.7%)
Progress: 95700 / 234837 | Success: 92238 | Failed: 3462 (40.8%)
Progress: 95750 / 234837 | Success: 92288 | Failed: 3462 (40.8%)
Progress: 95800 / 234837 | Success: 92338 | Failed: 3462 (40.8%)
Progress: 95850 / 234837 | Success: 92388 | Failed: 3462 (40.8%)
Progress: 95900 / 234837 | Success: 92438 | Failed: 3462 (40.8%)
Progress: 95950 / 234837 | Success: 92488 | Failed: 3462 (40.9%)
Progress: 96000 / 234837 | Success: 92538 | Failed: 3462 (40.9%)
Progress: 96050 / 234837 | Success: 92588 | Failed: 3462 (40.9%)
Progress: 96100 / 234837 | Success: 92638 | Failed: 3462 (40.9%)
Progress: 96150 / 234837 | Success: 92688 | Failed: 3462 (40.9%)
Progress: 96200 / 234837 | Success: 92738 | Failed: 3462 (41.0%)
Progress: 96250 / 234837 | Success: 92788 | Failed: 3462 (41.0%)
Progress: 96300 / 234837 | Success: 92838 | Failed: 3462 (41.0%)
Progress: 96350 / 234837 | Success: 92888 | Failed: 3462 (41.0%)
Progress: 96400 / 234837 | Success: 92937 | Failed: 3463 (41.0%)
Progress: 96450 / 234837 | Success: 92987 | Failed: 3463 (41.1%)
Progress: 96500 / 234837 | Success: 93036 | Failed: 3464 (41.1%)
Progress: 96550 / 234837 | Success: 93086 | Failed: 3464 (41.1%)
Progress: 96600 / 234837 | Success: 93136 | Failed: 3464 (41.1%)
Progress: 96650 / 234837 | Success: 93186 | Failed: 3464 (41.2%)
Progress: 96700 / 234837 | Success: 93236 | Failed: 3464 (41.2%)
Progress: 96750 / 234837 | Success: 93285 | Failed: 3465 (41.2%)
Progress: 96800 / 234837 | Success: 93335 | Failed: 3465 (41.2%)
Progress: 96850 / 234837 | Success: 93385 | Failed: 3465 (41.2%)
Progress: 96900 / 234837 | Success: 93435 | Failed: 3465 (41.3%)
Progress: 96950 / 234837 | Success: 93484 | Failed: 3466 (41.3%)
Progress: 97000 / 234837 | Success: 93534 | Failed: 3466 (41.3%)
Progress: 97050 / 234837 | Success: 93584 | Failed: 3466 (41.3%)
Progress: 97100 / 234837 | Success: 93633 | Failed: 3467 (41.3%)
Progress: 97150 / 234837 | Success: 93683 | Failed: 3467 (41.4%)
Progress: 97200 / 234837 | Success: 93733 | Failed: 3467 (41.4%)
Progress: 97250 / 234837 | Success: 93783 | Failed: 3467 (41.4%)
Progress: 97300 / 234837 | Success: 93833 | Failed: 3467 (41.4%)
Progress: 97350 / 234837 | Success: 93883 | Failed: 3467 (41.5%)
Progress: 97400 / 234837 | Success: 93932 | Failed: 3468 (41.5%)
Progress: 97450 / 234837 | Success: 93982 | Failed: 3468 (41.5%)
Progress: 97500 / 234837 | Success: 94032 | Failed: 3468 (41.5%)
Progress: 97550 / 234837 | Success: 94082 | Failed: 3468 (41.5%)
Progress: 97600 / 234837 | Success: 94132 | Failed: 3468 (41.6%)
Progress: 97650 / 234837 | Success: 94182 | Failed: 3468 (41.6%)
Progress: 97700 / 234837 | Success: 94232 | Failed: 3468 (41.6%)
Progress: 97750 / 234837 | Success: 94282 | Failed: 3468 (41.6%)
Progress: 97800 / 234837 | Success: 94332 | Failed: 3468 (41.6%)
Progress: 97850 / 234837 | Success: 94382 | Failed: 3468 (41.7%)
Progress: 97900 / 234837 | Success: 94432 | Failed: 3468 (41.7%)
Progress: 97950 / 234837 | Success: 94481 | Failed: 3469 (41.7%)
Progress: 98000 / 234837 | Success: 94529 | Failed: 3471 (41.7%)
Progress: 98050 / 234837 | Success: 94578 | Failed: 3472 (41.8%)
Progress: 98100 / 234837 | Success: 94628 | Failed: 3472 (41.8%)
Progress: 98150 / 234837 | Success: 94678 | Failed: 3472 (41.8%)
Progress: 98200 / 234837 | Success: 94728 | Failed: 3472 (41.8%)
Progress: 98250 / 234837 | Success: 94778 | Failed: 3472 (41.8%)
Progress: 98300 / 234837 | Success: 94827 | Failed: 3473 (41.9%)
Progress: 98350 / 234837 | Success: 94875 | Failed: 3475 (41.9%)
Progress: 98400 / 234837 | Success: 94925 | Failed: 3475 (41.9%)
Progress: 98450 / 234837 | Success: 94975 | Failed: 3475 (41.9%)
Progress: 98500 / 234837 | Success: 95022 | Failed: 3478 (41.9%)
Progress: 98550 / 234837 | Success: 95068 | Failed: 3482 (42.0%)
Progress: 98600 / 234837 | Success: 95118 | Failed: 3482 (42.0%)
Progress: 98650 / 234837 | Success: 95167 | Failed: 3483 (42.0%)
Progress: 98700 / 234837 | Success: 95217 | Failed: 3483 (42.0%)
Progress: 98750 / 234837 | Success: 95267 | Failed: 3483 (42.1%)
Progress: 98800 / 234837 | Success: 95317 | Failed: 3483 (42.1%)
Progress: 98850 / 234837 | Success: 95366 | Failed: 3484 (42.1%)
Progress: 98900 / 234837 | Success: 95416 | Failed: 3484 (42.1%)
Progress: 98950 / 234837 | Success: 95465 | Failed: 3485 (42.1%)
Progress: 99000 / 234837 | Success: 95515 | Failed: 3485 (42.2%)
Progress: 99050 / 234837 | Success: 95564 | Failed: 3486 (42.2%)
Progress: 99100 / 234837 | Success: 95612 | Failed: 3488 (42.2%)
Progress: 99150 / 234837 | Success: 95660 | Failed: 3490 (42.2%)
Progress: 99200 / 234837 | Success: 95710 | Failed: 3490 (42.2%)
Progress: 99250 / 234837 | Success: 95759 | Failed: 3491 (42.3%)
Progress: 99300 / 234837 | Success: 95808 | Failed: 3492 (42.3%)
Progress: 99350 / 234837 | Success: 95857 | Failed: 3493 (42.3%)
Progress: 99400 / 234837 | Success: 95907 | Failed: 3493 (42.3%)
Progress: 99450 / 234837 | Success: 95957 | Failed: 3493 (42.3%)
Progress: 99500 / 234837 | Success: 96007 | Failed: 3493 (42.4%)
Progress: 99550 / 234837 | Success: 96053 | Failed: 3497 (42.4%)
Progress: 99600 / 234837 | Success: 96103 | Failed: 3497 (42.4%)
Progress: 99650 / 234837 | Success: 96153 | Failed: 3497 (42.4%)
Progress: 99700 / 234837 | Success: 96203 | Failed: 3497 (42.5%)
Progress: 99750 / 234837 | Success: 96250 | Failed: 3500 (42.5%)
Progress: 99800 / 234837 | Success: 96295 | Failed: 3505 (42.5%)
Progress: 99850 / 234837 | Success: 96345 | Failed: 3505 (42.5%)
Progress: 99900 / 234837 | Success: 96394 | Failed: 3506 (42.5%)
Progress: 99950 / 234837 | Success: 96443 | Failed: 3507 (42.6%)
Progress: 100000 / 234837 | Success: 96493 | Failed: 3507 (42.6%)
Progress: 100050 / 234837 | Success: 96541 | Failed: 3509 (42.6%)
Progress: 100100 / 234837 | Success: 96586 | Failed: 3514 (42.6%)
Progress: 100150 / 234837 | Success: 96628 | Failed: 3522 (42.6%)
Progress: 100200 / 234837 | Success: 96678 | Failed: 3522 (42.7%)
Progress: 100250 / 234837 | Success: 96728 | Failed: 3522 (42.7%)
Progress: 100300 / 234837 | Success: 96777 | Failed: 3523 (42.7%)
Progress: 100350 / 234837 | Success: 96825 | Failed: 3525 (42.7%)
Progress: 100400 / 234837 | Success: 96872 | Failed: 3528 (42.8%)
Progress: 100450 / 234837 | Success: 96918 | Failed: 3532 (42.8%)
Progress: 100500 / 234837 | Success: 96968 | Failed: 3532 (42.8%)
Progress: 100550 / 234837 | Success: 97018 | Failed: 3532 (42.8%)
Progress: 100600 / 234837 | Success: 97067 | Failed: 3533 (42.8%)
Progress: 100650 / 234837 | Success: 97117 | Failed: 3533 (42.9%)
Progress: 100700 / 234837 | Success: 97167 | Failed: 3533 (42.9%)
Progress: 100750 / 234837 | Success: 97216 | Failed: 3534 (42.9%)
Progress: 100800 / 234837 | Success: 97265 | Failed: 3535 (42.9%)
Progress: 100850 / 234837 | Success: 97312 | Failed: 3538 (42.9%)
Progress: 100900 / 234837 | Success: 97362 | Failed: 3538 (43.0%)
Progress: 100950 / 234837 | Success: 97412 | Failed: 3538 (43.0%)
Progress: 101000 / 234837 | Success: 97462 | Failed: 3538 (43.0%)
Progress: 101050 / 234837 | Success: 97511 | Failed: 3539 (43.0%)
Progress: 101100 / 234837 | Success: 97561 | Failed: 3539 (43.1%)
Progress: 101150 / 234837 | Success: 97611 | Failed: 3539 (43.1%)
Progress: 101200 / 234837 | Success: 97660 | Failed: 3540 (43.1%)
Progress: 101250 / 234837 | Success: 97709 | Failed: 3541 (43.1%)
Progress: 101300 / 234837 | Success: 97757 | Failed: 3543 (43.1%)
Progress: 101350 / 234837 | Success: 97804 | Failed: 3546 (43.2%)
Progress: 101400 / 234837 | Success: 97850 | Failed: 3550 (43.2%)
Progress: 101450 / 234837 | Success: 97899 | Failed: 3551 (43.2%)
Progress: 101500 / 234837 | Success: 97949 | Failed: 3551 (43.2%)
Progress: 101550 / 234837 | Success: 97998 | Failed: 3552 (43.2%)
Progress: 101600 / 234837 | Success: 98048 | Failed: 3552 (43.3%)
Progress: 101650 / 234837 | Success: 98094 | Failed: 3556 (43.3%)
Progress: 101700 / 234837 | Success: 98140 | Failed: 3560 (43.3%)
Progress: 101750 / 234837 | Success: 98183 | Failed: 3567 (43.3%)
Progress: 101800 / 234837 | Success: 98224 | Failed: 3576 (43.3%)
Progress: 101850 / 234837 | Success: 98274 | Failed: 3576 (43.4%)
Progress: 101900 / 234837 | Success: 98324 | Failed: 3576 (43.4%)
Progress: 101950 / 234837 | Success: 98374 | Failed: 3576 (43.4%)
Progress: 102000 / 234837 | Success: 98421 | Failed: 3579 (43.4%)
Progress: 102050 / 234837 | Success: 98468 | Failed: 3582 (43.5%)
Progress: 102100 / 234837 | Success: 98515 | Failed: 3585 (43.5%)
Progress: 102150 / 234837 | Success: 98561 | Failed: 3589 (43.5%)
Progress: 102200 / 234837 | Success: 98611 | Failed: 3589 (43.5%)
Progress: 102250 / 234837 | Success: 98661 | Failed: 3589 (43.5%)
Progress: 102300 / 234837 | Success: 98710 | Failed: 3590 (43.6%)
Progress: 102350 / 234837 | Success: 98760 | Failed: 3590 (43.6%)
Progress: 102400 / 234837 | Success: 98809 | Failed: 3591 (43.6%)
Progress: 102450 / 234837 | Success: 98859 | Failed: 3591 (43.6%)
Progress: 102500 / 234837 | Success: 98908 | Failed: 3592 (43.6%)
Progress: 102550 / 234837 | Success: 98956 | Failed: 3594 (43.7%)
Progress: 102600 / 234837 | Success: 99003 | Failed: 3597 (43.7%)
Progress: 102650 / 234837 | Success: 99050 | Failed: 3600 (43.7%)
Progress: 102700 / 234837 | Success: 99098 | Failed: 3602 (43.7%)
Progress: 102750 / 234837 | Success: 99148 | Failed: 3602 (43.8%)
Progress: 102800 / 234837 | Success: 99198 | Failed: 3602 (43.8%)
Progress: 102850 / 234837 | Success: 99248 | Failed: 3602 (43.8%)
Progress: 102900 / 234837 | Success: 99297 | Failed: 3603 (43.8%)
Progress: 102950 / 234837 | Success: 99347 | Failed: 3603 (43.8%)
Progress: 103000 / 234837 | Success: 99397 | Failed: 3603 (43.9%)
Progress: 103050 / 234837 | Success: 99447 | Failed: 3603 (43.9%)
Progress: 103100 / 234837 | Success: 99496 | Failed: 3604 (43.9%)
Progress: 103150 / 234837 | Success: 99546 | Failed: 3604 (43.9%)
Progress: 103200 / 234837 | Success: 99595 | Failed: 3605 (43.9%)
Progress: 103250 / 234837 | Success: 99645 | Failed: 3605 (44.0%)
Progress: 103300 / 234837 | Success: 99695 | Failed: 3605 (44.0%)
Progress: 103350 / 234837 | Success: 99744 | Failed: 3606 (44.0%)
Progress: 103400 / 234837 | Success: 99794 | Failed: 3606 (44.0%)
Progress: 103450 / 234837 | Success: 99841 | Failed: 3609 (44.1%)
Progress: 103500 / 234837 | Success: 99891 | Failed: 3609 (44.1%)
Progress: 103550 / 234837 | Success: 99941 | Failed: 3609 (44.1%)
Progress: 103600 / 234837 | Success: 99990 | Failed: 3610 (44.1%)
Progress: 103650 / 234837 | Success: 100038 | Failed: 3612 (44.1%)
Progress: 103700 / 234837 | Success: 100088 | Failed: 3612 (44.2%)
Progress: 103750 / 234837 | Success: 100137 | Failed: 3613 (44.2%)
Progress: 103800 / 234837 | Success: 100187 | Failed: 3613 (44.2%)
Progress: 103850 / 234837 | Success: 100237 | Failed: 3613 (44.2%)
Progress: 103900 / 234837 | Success: 100283 | Failed: 3617 (44.2%)
Progress: 103950 / 234837 | Success: 100325 | Failed: 3625 (44.3%)
Progress: 104000 / 234837 | Success: 100366 | Failed: 3634 (44.3%)
Progress: 104050 / 234837 | Success: 100415 | Failed: 3635 (44.3%)
Progress: 104100 / 234837 | Success: 100464 | Failed: 3636 (44.3%)
Progress: 104150 / 234837 | Success: 100513 | Failed: 3637 (44.3%)
Progress: 104200 / 234837 | Success: 100562 | Failed: 3638 (44.4%)
Progress: 104250 / 234837 | Success: 100611 | Failed: 3639 (44.4%)
Progress: 104300 / 234837 | Success: 100660 | Failed: 3640 (44.4%)
Progress: 104350 / 234837 | Success: 100708 | Failed: 3642 (44.4%)
Progress: 104400 / 234837 | Success: 100753 | Failed: 3647 (44.5%)
Progress: 104450 / 234837 | Success: 100802 | Failed: 3648 (44.5%)
Progress: 104500 / 234837 | Success: 100847 | Failed: 3653 (44.5%)
Progress: 104550 / 234837 | Success: 100892 | Failed: 3658 (44.5%)
Progress: 104600 / 234837 | Success: 100934 | Failed: 3666 (44.5%)
Progress: 104650 / 234837 | Success: 100983 | Failed: 3667 (44.6%)
Progress: 104700 / 234837 | Success: 101032 | Failed: 3668 (44.6%)
Progress: 104750 / 234837 | Success: 101080 | Failed: 3670 (44.6%)
Progress: 104800 / 234837 | Success: 101127 | Failed: 3673 (44.6%)
Progress: 104850 / 234837 | Success: 101176 | Failed: 3674 (44.6%)
Progress: 104900 / 234837 | Success: 101222 | Failed: 3678 (44.7%)
Progress: 104950 / 234837 | Success: 101267 | Failed: 3683 (44.7%)
Progress: 105000 / 234837 | Success: 101310 | Failed: 3690 (44.7%)
Progress: 105050 / 234837 | Success: 101359 | Failed: 3691 (44.7%)
Progress: 105100 / 234837 | Success: 101407 | Failed: 3693 (44.8%)
Progress: 105150 / 234837 | Success: 101453 | Failed: 3697 (44.8%)
Progress: 105200 / 234837 | Success: 101502 | Failed: 3698 (44.8%)
Progress: 105250 / 234837 | Success: 101548 | Failed: 3702 (44.8%)
Progress: 105300 / 234837 | Success: 101593 | Failed: 3707 (44.8%)
Progress: 105350 / 234837 | Success: 101636 | Failed: 3714 (44.9%)
Progress: 105400 / 234837 | Success: 101678 | Failed: 3722 (44.9%)
Progress: 105450 / 234837 | Success: 101726 | Failed: 3724 (44.9%)
Progress: 105500 / 234837 | Success: 101773 | Failed: 3727 (44.9%)
Progress: 105550 / 234837 | Success: 101818 | Failed: 3732 (44.9%)
Progress: 105600 / 234837 | Success: 101868 | Failed: 3732 (45.0%)
Progress: 105650 / 234837 | Success: 101916 | Failed: 3734 (45.0%)
Progress: 105700 / 234837 | Success: 101962 | Failed: 3738 (45.0%)
Progress: 105750 / 234837 | Success: 102007 | Failed: 3743 (45.0%)
Progress: 105800 / 234837 | Success: 102055 | Failed: 3745 (45.1%)
Progress: 105850 / 234837 | Success: 102102 | Failed: 3748 (45.1%)
Progress: 105900 / 234837 | Success: 102151 | Failed: 3749 (45.1%)
Progress: 105950 / 234837 | Success: 102200 | Failed: 3750 (45.1%)
Progress: 106000 / 234837 | Success: 102249 | Failed: 3751 (45.1%)
Progress: 106050 / 234837 | Success: 102298 | Failed: 3752 (45.2%)
Progress: 106100 / 234837 | Success: 102344 | Failed: 3756 (45.2%)
Progress: 106150 / 234837 | Success: 102389 | Failed: 3761 (45.2%)
Progress: 106200 / 234837 | Success: 102439 | Failed: 3761 (45.2%)
Progress: 106250 / 234837 | Success: 102487 | Failed: 3763 (45.2%)
Progress: 106300 / 234837 | Success: 102537 | Failed: 3763 (45.3%)
Progress: 106350 / 234837 | Success: 102587 | Failed: 3763 (45.3%)
Progress: 106400 / 234837 | Success: 102636 | Failed: 3764 (45.3%)
Progress: 106450 / 234837 | Success: 102686 | Failed: 3764 (45.3%)
Progress: 106500 / 234837 | Success: 102732 | Failed: 3768 (45.4%)
Progress: 106550 / 234837 | Success: 102781 | Failed: 3769 (45.4%)
Progress: 106600 / 234837 | Success: 102829 | Failed: 3771 (45.4%)
Progress: 106650 / 234837 | Success: 102877 | Failed: 3773 (45.4%)
Progress: 106700 / 234837 | Success: 102924 | Failed: 3776 (45.4%)
Progress: 106750 / 234837 | Success: 102973 | Failed: 3777 (45.5%)
Progress: 106800 / 234837 | Success: 103020 | Failed: 3780 (45.5%)
Progress: 106850 / 234837 | Success: 103069 | Failed: 3781 (45.5%)
Progress: 106900 / 234837 | Success: 103115 | Failed: 3785 (45.5%)
Progress: 106950 / 234837 | Success: 103160 | Failed: 3790 (45.5%)
Progress: 107000 / 234837 | Success: 103203 | Failed: 3797 (45.6%)
Progress: 107050 / 234837 | Success: 103252 | Failed: 3798 (45.6%)
Progress: 107100 / 234837 | Success: 103299 | Failed: 3801 (45.6%)
Progress: 107150 / 234837 | Success: 103345 | Failed: 3805 (45.6%)
Progress: 107200 / 234837 | Success: 103388 | Failed: 3812 (45.6%)
Progress: 107250 / 234837 | Success: 103437 | Failed: 3813 (45.7%)
Progress: 107300 / 234837 | Success: 103483 | Failed: 3817 (45.7%)
Progress: 107350 / 234837 | Success: 103529 | Failed: 3821 (45.7%)
Progress: 107400 / 234837 | Success: 103575 | Failed: 3825 (45.7%)
Progress: 107450 / 234837 | Success: 103625 | Failed: 3825 (45.8%)
Progress: 107500 / 234837 | Success: 103672 | Failed: 3828 (45.8%)
Progress: 107550 / 234837 | Success: 103719 | Failed: 3831 (45.8%)
Progress: 107600 / 234837 | Success: 103768 | Failed: 3832 (45.8%)
Progress: 107650 / 234837 | Success: 103815 | Failed: 3835 (45.8%)
Progress: 107700 / 234837 | Success: 103864 | Failed: 3836 (45.9%)
Progress: 107750 / 234837 | Success: 103912 | Failed: 3838 (45.9%)
Progress: 107800 / 234837 | Success: 103958 | Failed: 3842 (45.9%)
Progress: 107850 / 234837 | Success: 104004 | Failed: 3846 (45.9%)
Progress: 107900 / 234837 | Success: 104054 | Failed: 3846 (45.9%)
Progress: 107950 / 234837 | Success: 104103 | Failed: 3847 (46.0%)
Progress: 108000 / 234837 | Success: 104148 | Failed: 3852 (46.0%)
Progress: 108050 / 234837 | Success: 104192 | Failed: 3858 (46.0%)
Progress: 108100 / 234837 | Success: 104231 | Failed: 3869 (46.0%)
Progress: 108150 / 234837 | Success: 104276 | Failed: 3874 (46.1%)
Progress: 108200 / 234837 | Success: 104318 | Failed: 3882 (46.1%)
Progress: 108250 / 234837 | Success: 104360 | Failed: 3890 (46.1%)
Progress: 108300 / 234837 | Success: 104409 | Failed: 3891 (46.1%)
Progress: 108350 / 234837 | Success: 104458 | Failed: 3892 (46.1%)
Progress: 108400 / 234837 | Success: 104507 | Failed: 3893 (46.2%)
Progress: 108450 / 234837 | Success: 104552 | Failed: 3898 (46.2%)
Progress: 108500 / 234837 | Success: 104599 | Failed: 3901 (46.2%)
Progress: 108550 / 234837 | Success: 104645 | Failed: 3905 (46.2%)
Progress: 108600 / 234837 | Success: 104695 | Failed: 3905 (46.2%)
Progress: 108650 / 234837 | Success: 104744 | Failed: 3906 (46.3%)
Progress: 108700 / 234837 | Success: 104792 | Failed: 3908 (46.3%)
Progress: 108750 / 234837 | Success: 104839 | Failed: 3911 (46.3%)
Progress: 108800 / 234837 | Success: 104887 | Failed: 3913 (46.3%)
Progress: 108850 / 234837 | Success: 104934 | Failed: 3916 (46.4%)
Progress: 108900 / 234837 | Success: 104979 | Failed: 3921 (46.4%)
Progress: 108950 / 234837 | Success: 105023 | Failed: 3927 (46.4%)
Progress: 109000 / 234837 | Success: 105070 | Failed: 3930 (46.4%)
Progress: 109050 / 234837 | Success: 105115 | Failed: 3935 (46.4%)
Progress: 109100 / 234837 | Success: 105159 | Failed: 3941 (46.5%)
Progress: 109150 / 234837 | Success: 105203 | Failed: 3947 (46.5%)
Progress: 109200 / 234837 | Success: 105249 | Failed: 3951 (46.5%)
Progress: 109250 / 234837 | Success: 105295 | Failed: 3955 (46.5%)
Progress: 109300 / 234837 | Success: 105339 | Failed: 3961 (46.5%)
Progress: 109350 / 234837 | Success: 105380 | Failed: 3970 (46.6%)
Progress: 109400 / 234837 | Success: 105420 | Failed: 3980 (46.6%)
Progress: 109450 / 234837 | Success: 105470 | Failed: 3980 (46.6%)
Progress: 109500 / 234837 | Success: 105519 | Failed: 3981 (46.6%)
Progress: 109550 / 234837 | Success: 105567 | Failed: 3983 (46.6%)
Progress: 109600 / 234837 | Success: 105613 | Failed: 3987 (46.7%)
Progress: 109650 / 234837 | Success: 105656 | Failed: 3994 (46.7%)
Progress: 109700 / 234837 | Success: 105698 | Failed: 4002 (46.7%)
Progress: 109750 / 234837 | Success: 105746 | Failed: 4004 (46.7%)
Progress: 109800 / 234837 | Success: 105791 | Failed: 4009 (46.8%)
Progress: 109850 / 234837 | Success: 105835 | Failed: 4015 (46.8%)
Progress: 109900 / 234837 | Success: 105879 | Failed: 4021 (46.8%)
Progress: 109950 / 234837 | Success: 105928 | Failed: 4022 (46.8%)
Progress: 110000 / 234837 | Success: 105975 | Failed: 4025 (46.8%)
Progress: 110050 / 234837 | Success: 106019 | Failed: 4031 (46.9%)
Progress: 110100 / 234837 | Success: 106060 | Failed: 4040 (46.9%)
Progress: 110150 / 234837 | Success: 106109 | Failed: 4041 (46.9%)
Progress: 110200 / 234837 | Success: 106157 | Failed: 4043 (46.9%)
Progress: 110250 / 234837 | Success: 106203 | Failed: 4047 (46.9%)
Progress: 110300 / 234837 | Success: 106249 | Failed: 4051 (47.0%)
Progress: 110350 / 234837 | Success: 106298 | Failed: 4052 (47.0%)
Progress: 110400 / 234837 | Success: 106347 | Failed: 4053 (47.0%)
Progress: 110450 / 234837 | Success: 106396 | Failed: 4054 (47.0%)
Progress: 110500 / 234837 | Success: 106443 | Failed: 4057 (47.1%)
Progress: 110550 / 234837 | Success: 106487 | Failed: 4063 (47.1%)
Progress: 110600 / 234837 | Success: 106534 | Failed: 4066 (47.1%)
Progress: 110650 / 234837 | Success: 106579 | Failed: 4071 (47.1%)
Progress: 110700 / 234837 | Success: 106623 | Failed: 4077 (47.1%)
Progress: 110750 / 234837 | Success: 106666 | Failed: 4084 (47.2%)
Progress: 110800 / 234837 | Success: 106716 | Failed: 4084 (47.2%)
Progress: 110850 / 234837 | Success: 106765 | Failed: 4085 (47.2%)
Progress: 110900 / 234837 | Success: 106811 | Failed: 4089 (47.2%)
Progress: 110950 / 234837 | Success: 106855 | Failed: 4095 (47.2%)
Progress: 111000 / 234837 | Success: 106902 | Failed: 4098 (47.3%)
Progress: 111050 / 234837 | Success: 106947 | Failed: 4103 (47.3%)
Progress: 111100 / 234837 | Success: 106988 | Failed: 4112 (47.3%)
Progress: 111150 / 234837 | Success: 107027 | Failed: 4123 (47.3%)
Progress: 111200 / 234837 | Success: 107064 | Failed: 4136 (47.4%)
Progress: 111250 / 234837 | Success: 107113 | Failed: 4137 (47.4%)
Progress: 111300 / 234837 | Success: 107161 | Failed: 4139 (47.4%)
Progress: 111350 / 234837 | Success: 107207 | Failed: 4143 (47.4%)
Progress: 111400 / 234837 | Success: 107249 | Failed: 4151 (47.4%)
Progress: 111450 / 234837 | Success: 107296 | Failed: 4154 (47.5%)
Progress: 111500 / 234837 | Success: 107341 | Failed: 4159 (47.5%)
Progress: 111550 / 234837 | Success: 107386 | Failed: 4164 (47.5%)
Progress: 111600 / 234837 | Success: 107429 | Failed: 4171 (47.5%)
Progress: 111650 / 234837 | Success: 107478 | Failed: 4172 (47.5%)
Progress: 111700 / 234837 | Success: 107525 | Failed: 4175 (47.6%)
Progress: 111750 / 234837 | Success: 107570 | Failed: 4180 (47.6%)
Progress: 111800 / 234837 | Success: 107614 | Failed: 4186 (47.6%)
Progress: 111850 / 234837 | Success: 107656 | Failed: 4194 (47.6%)
Progress: 111900 / 234837 | Success: 107704 | Failed: 4196 (47.7%)
Progress: 111950 / 234837 | Success: 107752 | Failed: 4198 (47.7%)
Progress: 112000 / 234837 | Success: 107798 | Failed: 4202 (47.7%)
Progress: 112050 / 234837 | Success: 107842 | Failed: 4208 (47.7%)
Progress: 112100 / 234837 | Success: 107890 | Failed: 4210 (47.7%)
Progress: 112150 / 234837 | Success: 107938 | Failed: 4212 (47.8%)
Progress: 112200 / 234837 | Success: 107986 | Failed: 4214 (47.8%)
Progress: 112250 / 234837 | Success: 108031 | Failed: 4219 (47.8%)
Progress: 112300 / 234837 | Success: 108076 | Failed: 4224 (47.8%)
Progress: 112350 / 234837 | Success: 108120 | Failed: 4230 (47.8%)
Progress: 112400 / 234837 | Success: 108163 | Failed: 4237 (47.9%)
Progress: 112450 / 234837 | Success: 108202 | Failed: 4248 (47.9%)
Progress: 112500 / 234837 | Success: 108241 | Failed: 4259 (47.9%)
Progress: 112550 / 234837 | Success: 108291 | Failed: 4259 (47.9%)
Progress: 112600 / 234837 | Success: 108338 | Failed: 4262 (47.9%)
Progress: 112650 / 234837 | Success: 108385 | Failed: 4265 (48.0%)
Progress: 112700 / 234837 | Success: 108433 | Failed: 4267 (48.0%)
Progress: 112750 / 234837 | Success: 108480 | Failed: 4270 (48.0%)
Progress: 112800 / 234837 | Success: 108527 | Failed: 4273 (48.0%)
Progress: 112850 / 234837 | Success: 108573 | Failed: 4277 (48.1%)
Progress: 112900 / 234837 | Success: 108621 | Failed: 4279 (48.1%)
Progress: 112950 / 234837 | Success: 108668 | Failed: 4282 (48.1%)
Progress: 113000 / 234837 | Success: 108713 | Failed: 4287 (48.1%)
Progress: 113050 / 234837 | Success: 108754 | Failed: 4296 (48.1%)
Progress: 113100 / 234837 | Success: 108804 | Failed: 4296 (48.2%)
Progress: 113150 / 234837 | Success: 108853 | Failed: 4297 (48.2%)
Progress: 113200 / 234837 | Success: 108899 | Failed: 4301 (48.2%)
Progress: 113250 / 234837 | Success: 108944 | Failed: 4306 (48.2%)
Progress: 113300 / 234837 | Success: 108987 | Failed: 4313 (48.2%)
Progress: 113350 / 234837 | Success: 109036 | Failed: 4314 (48.3%)
Progress: 113400 / 234837 | Success: 109082 | Failed: 4318 (48.3%)
Progress: 113450 / 234837 | Success: 109131 | Failed: 4319 (48.3%)
Progress: 113500 / 234837 | Success: 109180 | Failed: 4320 (48.3%)
Progress: 113550 / 234837 | Success: 109229 | Failed: 4321 (48.4%)
Progress: 113600 / 234837 | Success: 109277 | Failed: 4323 (48.4%)
Progress: 113650 / 234837 | Success: 109327 | Failed: 4323 (48.4%)
Progress: 113700 / 234837 | Success: 109375 | Failed: 4325 (48.4%)
Progress: 113750 / 234837 | Success: 109420 | Failed: 4330 (48.4%)
Progress: 113800 / 234837 | Success: 109463 | Failed: 4337 (48.5%)
Progress: 113850 / 234837 | Success: 109512 | Failed: 4338 (48.5%)
Progress: 113900 / 234837 | Success: 109561 | Failed: 4339 (48.5%)
Progress: 113950 / 234837 | Success: 109610 | Failed: 4340 (48.5%)
Progress: 114000 / 234837 | Success: 109659 | Failed: 4341 (48.5%)
Progress: 114050 / 234837 | Success: 109708 | Failed: 4342 (48.6%)
Progress: 114100 / 234837 | Success: 109755 | Failed: 4345 (48.6%)
Progress: 114150 / 234837 | Success: 109800 | Failed: 4350 (48.6%)
Progress: 114200 / 234837 | Success: 109844 | Failed: 4356 (48.6%)
Progress: 114250 / 234837 | Success: 109889 | Failed: 4361 (48.7%)
Progress: 114300 / 234837 | Success: 109933 | Failed: 4367 (48.7%)
Progress: 114350 / 234837 | Success: 109975 | Failed: 4375 (48.7%)
Progress: 114400 / 234837 | Success: 110017 | Failed: 4383 (48.7%)
Progress: 114450 / 234837 | Success: 110066 | Failed: 4384 (48.7%)
Progress: 114500 / 234837 | Success: 110112 | Failed: 4388 (48.8%)
Progress: 114550 / 234837 | Success: 110158 | Failed: 4392 (48.8%)
Progress: 114600 / 234837 | Success: 110202 | Failed: 4398 (48.8%)
Progress: 114650 / 234837 | Success: 110251 | Failed: 4399 (48.8%)
Progress: 114700 / 234837 | Success: 110297 | Failed: 4403 (48.8%)
Progress: 114750 / 234837 | Success: 110343 | Failed: 4407 (48.9%)
Progress: 114800 / 234837 | Success: 110388 | Failed: 4412 (48.9%)
Progress: 114850 / 234837 | Success: 110438 | Failed: 4412 (48.9%)
Progress: 114900 / 234837 | Success: 110486 | Failed: 4414 (48.9%)
Progress: 114950 / 234837 | Success: 110534 | Failed: 4416 (48.9%)
Progress: 115000 / 234837 | Success: 110580 | Failed: 4420 (49.0%)
Progress: 115050 / 234837 | Success: 110628 | Failed: 4422 (49.0%)
Progress: 115100 / 234837 | Success: 110672 | Failed: 4428 (49.0%)
Progress: 115150 / 234837 | Success: 110714 | Failed: 4436 (49.0%)
Progress: 115200 / 234837 | Success: 110755 | Failed: 4445 (49.1%)
Progress: 115250 / 234837 | Success: 110795 | Failed: 4455 (49.1%)
Progress: 115300 / 234837 | Success: 110845 | Failed: 4455 (49.1%)
Progress: 115350 / 234837 | Success: 110893 | Failed: 4457 (49.1%)
Progress: 115400 / 234837 | Success: 110938 | Failed: 4462 (49.1%)
Progress: 115450 / 234837 | Success: 110985 | Failed: 4465 (49.2%)
Progress: 115500 / 234837 | Success: 111028 | Failed: 4472 (49.2%)
Progress: 115550 / 234837 | Success: 111071 | Failed: 4479 (49.2%)
Progress: 115600 / 234837 | Success: 111112 | Failed: 4488 (49.2%)
Progress: 115650 / 234837 | Success: 111159 | Failed: 4491 (49.2%)
Progress: 115700 / 234837 | Success: 111202 | Failed: 4498 (49.3%)
Progress: 115750 / 234837 | Success: 111243 | Failed: 4507 (49.3%)
Progress: 115800 / 234837 | Success: 111282 | Failed: 4518 (49.3%)
Progress: 115850 / 234837 | Success: 111330 | Failed: 4520 (49.3%)
Progress: 115900 / 234837 | Success: 111378 | Failed: 4522 (49.4%)
Progress: 115950 / 234837 | Success: 111425 | Failed: 4525 (49.4%)
Progress: 116000 / 234837 | Success: 111468 | Failed: 4532 (49.4%)
Progress: 116050 / 234837 | Success: 111518 | Failed: 4532 (49.4%)
Progress: 116100 / 234837 | Success: 111565 | Failed: 4535 (49.4%)
Progress: 116150 / 234837 | Success: 111611 | Failed: 4539 (49.5%)
Progress: 116200 / 234837 | Success: 111655 | Failed: 4545 (49.5%)
Progress: 116250 / 234837 | Success: 111701 | Failed: 4549 (49.5%)
Progress: 116300 / 234837 | Success: 111747 | Failed: 4553 (49.5%)
Progress: 116350 / 234837 | Success: 111791 | Failed: 4559 (49.5%)
Progress: 116400 / 234837 | Success: 111835 | Failed: 4565 (49.6%)
Progress: 116450 / 234837 | Success: 111884 | Failed: 4566 (49.6%)
Progress: 116500 / 234837 | Success: 111929 | Failed: 4571 (49.6%)
Progress: 116550 / 234837 | Success: 111973 | Failed: 4577 (49.6%)
Progress: 116600 / 234837 | Success: 112023 | Failed: 4577 (49.7%)
Progress: 116650 / 234837 | Success: 112073 | Failed: 4577 (49.7%)
Progress: 116700 / 234837 | Success: 112100 | Failed: 4600 (49.7%)
Progress: 116750 / 234837 | Success: 112145 | Failed: 4605 (49.7%)
Progress: 116800 / 234837 | Success: 112173 | Failed: 4627 (49.7%)
Progress: 116850 / 234837 | Success: 112208 | Failed: 4642 (49.8%)
Progress: 116900 / 234837 | Success: 112254 | Failed: 4646 (49.8%)
Progress: 116950 / 234837 | Success: 112298 | Failed: 4652 (49.8%)
Progress: 117000 / 234837 | Success: 112332 | Failed: 4668 (49.8%)
Progress: 117050 / 234837 | Success: 112379 | Failed: 4671 (49.8%)
Progress: 117100 / 234837 | Success: 112414 | Failed: 4686 (49.9%)
Progress: 117150 / 234837 | Success: 112443 | Failed: 4707 (49.9%)
Progress: 117200 / 234837 | Success: 112465 | Failed: 4735 (49.9%)
Progress: 117250 / 234837 | Success: 112501 | Failed: 4749 (49.9%)
Progress: 117300 / 234837 | Success: 112531 | Failed: 4769 (49.9%)
Progress: 117350 / 234837 | Success: 112563 | Failed: 4787 (50.0%)
Progress: 117400 / 234837 | Success: 112601 | Failed: 4799 (50.0%)
Progress: 117450 / 234837 | Success: 112635 | Failed: 4815 (50.0%)
Progress: 117500 / 234837 | Success: 112660 | Failed: 4840 (50.0%)
Progress: 117550 / 234837 | Success: 112702 | Failed: 4848 (50.1%)
Progress: 117600 / 234837 | Success: 112752 | Failed: 4848 (50.1%)
Progress: 117650 / 234837 | Success: 112801 | Failed: 4849 (50.1%)
Progress: 117700 / 234837 | Success: 112849 | Failed: 4851 (50.1%)
Progress: 117750 / 234837 | Success: 112896 | Failed: 4854 (50.1%)
Progress: 117800 / 234837 | Success: 112944 | Failed: 4856 (50.2%)
Progress: 117850 / 234837 | Success: 112992 | Failed: 4858 (50.2%)
Progress: 117900 / 234837 | Success: 113039 | Failed: 4861 (50.2%)
Progress: 117950 / 234837 | Success: 113085 | Failed: 4865 (50.2%)
Progress: 118000 / 234837 | Success: 113135 | Failed: 4865 (50.2%)
Progress: 118050 / 234837 | Success: 113185 | Failed: 4865 (50.3%)
Progress: 118100 / 234837 | Success: 113233 | Failed: 4867 (50.3%)
Progress: 118150 / 234837 | Success: 113279 | Failed: 4871 (50.3%)
Progress: 118200 / 234837 | Success: 113329 | Failed: 4871 (50.3%)
Progress: 118250 / 234837 | Success: 113377 | Failed: 4873 (50.4%)
Progress: 118300 / 234837 | Success: 113424 | Failed: 4876 (50.4%)
Progress: 118350 / 234837 | Success: 113470 | Failed: 4880 (50.4%)
Progress: 118400 / 234837 | Success: 113520 | Failed: 4880 (50.4%)
Progress: 118450 / 234837 | Success: 113570 | Failed: 4880 (50.4%)
Progress: 118500 / 234837 | Success: 113619 | Failed: 4881 (50.5%)
Progress: 118550 / 234837 | Success: 113666 | Failed: 4884 (50.5%)
Progress: 118600 / 234837 | Success: 113711 | Failed: 4889 (50.5%)
Progress: 118650 / 234837 | Success: 113758 | Failed: 4892 (50.5%)
Progress: 118700 / 234837 | Success: 113804 | Failed: 4896 (50.5%)
Progress: 118750 / 234837 | Success: 113852 | Failed: 4898 (50.6%)
Progress: 118800 / 234837 | Success: 113900 | Failed: 4900 (50.6%)
Progress: 118850 / 234837 | Success: 113948 | Failed: 4902 (50.6%)
Progress: 118900 / 234837 | Success: 113991 | Failed: 4909 (50.6%)
Progress: 118950 / 234837 | Success: 114039 | Failed: 4911 (50.7%)
Progress: 119000 / 234837 | Success: 114086 | Failed: 4914 (50.7%)
Progress: 119050 / 234837 | Success: 114132 | Failed: 4918 (50.7%)
Progress: 119100 / 234837 | Success: 114177 | Failed: 4923 (50.7%)
Progress: 119150 / 234837 | Success: 114220 | Failed: 4930 (50.7%)
Progress: 119200 / 234837 | Success: 114267 | Failed: 4933 (50.8%)
Progress: 119250 / 234837 | Success: 114313 | Failed: 4937 (50.8%)
Progress: 119300 / 234837 | Success: 114360 | Failed: 4940 (50.8%)
Progress: 119350 / 234837 | Success: 114406 | Failed: 4944 (50.8%)
Progress: 119400 / 234837 | Success: 114452 | Failed: 4948 (50.8%)
Progress: 119450 / 234837 | Success: 114497 | Failed: 4953 (50.9%)
Progress: 119500 / 234837 | Success: 114547 | Failed: 4953 (50.9%)
Progress: 119550 / 234837 | Success: 114596 | Failed: 4954 (50.9%)
Progress: 119600 / 234837 | Success: 114645 | Failed: 4955 (50.9%)
Progress: 119650 / 234837 | Success: 114693 | Failed: 4957 (51.0%)
Progress: 119700 / 234837 | Success: 114743 | Failed: 4957 (51.0%)
Progress: 119750 / 234837 | Success: 114793 | Failed: 4957 (51.0%)
Progress: 119800 / 234837 | Success: 114840 | Failed: 4960 (51.0%)
Progress: 119850 / 234837 | Success: 114886 | Failed: 4964 (51.0%)
Progress: 119900 / 234837 | Success: 114932 | Failed: 4968 (51.1%)
Progress: 119950 / 234837 | Success: 114975 | Failed: 4975 (51.1%)
Progress: 120000 / 234837 | Success: 115016 | Failed: 4984 (51.1%)
Progress: 120050 / 234837 | Success: 115064 | Failed: 4986 (51.1%)
Progress: 120100 / 234837 | Success: 115110 | Failed: 4990 (51.1%)
Progress: 120150 / 234837 | Success: 115156 | Failed: 4994 (51.2%)
Progress: 120200 / 234837 | Success: 115202 | Failed: 4998 (51.2%)
Progress: 120250 / 234837 | Success: 115252 | Failed: 4998 (51.2%)
Progress: 120300 / 234837 | Success: 115300 | Failed: 5000 (51.2%)
Progress: 120350 / 234837 | Success: 115348 | Failed: 5002 (51.2%)
Progress: 120400 / 234837 | Success: 115395 | Failed: 5005 (51.3%)
Progress: 120450 / 234837 | Success: 115444 | Failed: 5006 (51.3%)
Progress: 120500 / 234837 | Success: 115491 | Failed: 5009 (51.3%)
Progress: 120550 / 234837 | Success: 115537 | Failed: 5013 (51.3%)
Progress: 120600 / 234837 | Success: 115583 | Failed: 5017 (51.4%)
Progress: 120650 / 234837 | Success: 115629 | Failed: 5021 (51.4%)
Progress: 120700 / 234837 | Success: 115678 | Failed: 5022 (51.4%)
Progress: 120750 / 234837 | Success: 115725 | Failed: 5025 (51.4%)
Progress: 120800 / 234837 | Success: 115773 | Failed: 5027 (51.4%)
Progress: 120850 / 234837 | Success: 115821 | Failed: 5029 (51.5%)
Progress: 120900 / 234837 | Success: 115869 | Failed: 5031 (51.5%)
Progress: 120950 / 234837 | Success: 115917 | Failed: 5033 (51.5%)
Progress: 121000 / 234837 | Success: 115966 | Failed: 5034 (51.5%)
Progress: 121050 / 234837 | Success: 116015 | Failed: 5035 (51.5%)
Progress: 121100 / 234837 | Success: 116064 | Failed: 5036 (51.6%)
Progress: 121150 / 234837 | Success: 116113 | Failed: 5037 (51.6%)
Progress: 121200 / 234837 | Success: 116161 | Failed: 5039 (51.6%)
Progress: 121250 / 234837 | Success: 116207 | Failed: 5043 (51.6%)
Progress: 121300 / 234837 | Success: 116253 | Failed: 5047 (51.7%)
Progress: 121350 / 234837 | Success: 116302 | Failed: 5048 (51.7%)
Progress: 121400 / 234837 | Success: 116351 | Failed: 5049 (51.7%)
Progress: 121450 / 234837 | Success: 116397 | Failed: 5053 (51.7%)
Progress: 121500 / 234837 | Success: 116447 | Failed: 5053 (51.7%)
Progress: 121550 / 234837 | Success: 116496 | Failed: 5054 (51.8%)
Progress: 121600 / 234837 | Success: 116546 | Failed: 5054 (51.8%)
Progress: 121650 / 234837 | Success: 116595 | Failed: 5055 (51.8%)
Progress: 121700 / 234837 | Success: 116642 | Failed: 5058 (51.8%)
Progress: 121750 / 234837 | Success: 116689 | Failed: 5061 (51.8%)
Progress: 121800 / 234837 | Success: 116739 | Failed: 5061 (51.9%)
Progress: 121850 / 234837 | Success: 116787 | Failed: 5063 (51.9%)
Progress: 121900 / 234837 | Success: 116835 | Failed: 5065 (51.9%)
Progress: 121950 / 234837 | Success: 116879 | Failed: 5071 (51.9%)
Progress: 122000 / 234837 | Success: 116928 | Failed: 5072 (52.0%)
Progress: 122050 / 234837 | Success: 116977 | Failed: 5073 (52.0%)
Progress: 122100 / 234837 | Success: 117026 | Failed: 5074 (52.0%)
Progress: 122150 / 234837 | Success: 117073 | Failed: 5077 (52.0%)
Progress: 122200 / 234837 | Success: 117121 | Failed: 5079 (52.0%)
Progress: 122250 / 234837 | Success: 117169 | Failed: 5081 (52.1%)
Progress: 122300 / 234837 | Success: 117216 | Failed: 5084 (52.1%)
Progress: 122350 / 234837 | Success: 117258 | Failed: 5092 (52.1%)
Progress: 122400 / 234837 | Success: 117306 | Failed: 5094 (52.1%)
Progress: 122450 / 234837 | Success: 117352 | Failed: 5098 (52.1%)
Progress: 122500 / 234837 | Success: 117398 | Failed: 5102 (52.2%)
Progress: 122550 / 234837 | Success: 117444 | Failed: 5106 (52.2%)
Progress: 122600 / 234837 | Success: 117490 | Failed: 5110 (52.2%)
Progress: 122650 / 234837 | Success: 117540 | Failed: 5110 (52.2%)
Progress: 122700 / 234837 | Success: 117589 | Failed: 5111 (52.2%)
Progress: 122750 / 234837 | Success: 117638 | Failed: 5112 (52.3%)
Progress: 122800 / 234837 | Success: 117686 | Failed: 5114 (52.3%)
Progress: 122850 / 234837 | Success: 117736 | Failed: 5114 (52.3%)
Progress: 122900 / 234837 | Success: 117783 | Failed: 5117 (52.3%)
Progress: 122950 / 234837 | Success: 117829 | Failed: 5121 (52.4%)
Progress: 123000 / 234837 | Success: 117875 | Failed: 5125 (52.4%)
Progress: 123050 / 234837 | Success: 117919 | Failed: 5131 (52.4%)
Progress: 123100 / 234837 | Success: 117968 | Failed: 5132 (52.4%)
Progress: 123150 / 234837 | Success: 118015 | Failed: 5135 (52.4%)
Progress: 123200 / 234837 | Success: 118063 | Failed: 5137 (52.5%)
Progress: 123250 / 234837 | Success: 118111 | Failed: 5139 (52.5%)
Progress: 123300 / 234837 | Success: 118158 | Failed: 5142 (52.5%)
Progress: 123350 / 234837 | Success: 118205 | Failed: 5145 (52.5%)
Progress: 123400 / 234837 | Success: 118252 | Failed: 5148 (52.5%)
Progress: 123450 / 234837 | Success: 118301 | Failed: 5149 (52.6%)
Progress: 123500 / 234837 | Success: 118348 | Failed: 5152 (52.6%)
Progress: 123550 / 234837 | Success: 118393 | Failed: 5157 (52.6%)
Progress: 123600 / 234837 | Success: 118436 | Failed: 5164 (52.6%)
Progress: 123650 / 234837 | Success: 118484 | Failed: 5166 (52.7%)
Progress: 123700 / 234837 | Success: 118532 | Failed: 5168 (52.7%)
Progress: 123750 / 234837 | Success: 118580 | Failed: 5170 (52.7%)
Progress: 123800 / 234837 | Success: 118625 | Failed: 5175 (52.7%)
Progress: 123850 / 234837 | Success: 118674 | Failed: 5176 (52.7%)
Progress: 123900 / 234837 | Success: 118720 | Failed: 5180 (52.8%)
Progress: 123950 / 234837 | Success: 118763 | Failed: 5187 (52.8%)
Progress: 124000 / 234837 | Success: 118805 | Failed: 5195 (52.8%)
Progress: 124050 / 234837 | Success: 118847 | Failed: 5203 (52.8%)
Progress: 124100 / 234837 | Success: 118897 | Failed: 5203 (52.8%)
Progress: 124150 / 234837 | Success: 118947 | Failed: 5203 (52.9%)
Progress: 124200 / 234837 | Success: 118995 | Failed: 5205 (52.9%)
Progress: 124250 / 234837 | Success: 119043 | Failed: 5207 (52.9%)
Progress: 124300 / 234837 | Success: 119093 | Failed: 5207 (52.9%)
Progress: 124350 / 234837 | Success: 119143 | Failed: 5207 (53.0%)
Progress: 124400 / 234837 | Success: 119193 | Failed: 5207 (53.0%)
Progress: 124450 / 234837 | Success: 119242 | Failed: 5208 (53.0%)
Progress: 124500 / 234837 | Success: 119291 | Failed: 5209 (53.0%)
Progress: 124550 / 234837 | Success: 119339 | Failed: 5211 (53.0%)
Progress: 124600 / 234837 | Success: 119387 | Failed: 5213 (53.1%)
Progress: 124650 / 234837 | Success: 119436 | Failed: 5214 (53.1%)
Progress: 124700 / 234837 | Success: 119484 | Failed: 5216 (53.1%)
Progress: 124750 / 234837 | Success: 119531 | Failed: 5219 (53.1%)
Progress: 124800 / 234837 | Success: 119581 | Failed: 5219 (53.1%)
Progress: 124850 / 234837 | Success: 119629 | Failed: 5221 (53.2%)
Progress: 124900 / 234837 | Success: 119677 | Failed: 5223 (53.2%)
Progress: 124950 / 234837 | Success: 119723 | Failed: 5227 (53.2%)
Progress: 125000 / 234837 | Success: 119771 | Failed: 5229 (53.2%)
Progress: 125050 / 234837 | Success: 119819 | Failed: 5231 (53.2%)
Progress: 125100 / 234837 | Success: 119867 | Failed: 5233 (53.3%)
Progress: 125150 / 234837 | Success: 119914 | Failed: 5236 (53.3%)
Progress: 125200 / 234837 | Success: 119963 | Failed: 5237 (53.3%)
Progress: 125250 / 234837 | Success: 120012 | Failed: 5238 (53.3%)
Progress: 125300 / 234837 | Success: 120061 | Failed: 5239 (53.4%)
Progress: 125350 / 234837 | Success: 120110 | Failed: 5240 (53.4%)
Progress: 125400 / 234837 | Success: 120159 | Failed: 5241 (53.4%)
Progress: 125450 / 234837 | Success: 120208 | Failed: 5242 (53.4%)
Progress: 125500 / 234837 | Success: 120257 | Failed: 5243 (53.4%)
Progress: 125550 / 234837 | Success: 120306 | Failed: 5244 (53.5%)
Progress: 125600 / 234837 | Success: 120354 | Failed: 5246 (53.5%)
Progress: 125650 / 234837 | Success: 120403 | Failed: 5247 (53.5%)
Progress: 125700 / 234837 | Success: 120452 | Failed: 5248 (53.5%)
Progress: 125750 / 234837 | Success: 120501 | Failed: 5249 (53.5%)
Progress: 125800 / 234837 | Success: 120548 | Failed: 5252 (53.6%)
Progress: 125850 / 234837 | Success: 120594 | Failed: 5256 (53.6%)
Progress: 125900 / 234837 | Success: 120640 | Failed: 5260 (53.6%)
Progress: 125950 / 234837 | Success: 120690 | Failed: 5260 (53.6%)
Progress: 126000 / 234837 | Success: 120740 | Failed: 5260 (53.7%)
Progress: 126050 / 234837 | Success: 120790 | Failed: 5260 (53.7%)
Progress: 126100 / 234837 | Success: 120840 | Failed: 5260 (53.7%)
Progress: 126150 / 234837 | Success: 120888 | Failed: 5262 (53.7%)
Progress: 126200 / 234837 | Success: 120936 | Failed: 5264 (53.7%)
Progress: 126250 / 234837 | Success: 120985 | Failed: 5265 (53.8%)
Progress: 126300 / 234837 | Success: 121034 | Failed: 5266 (53.8%)
Progress: 126350 / 234837 | Success: 121082 | Failed: 5268 (53.8%)
Progress: 126400 / 234837 | Success: 121132 | Failed: 5268 (53.8%)
Progress: 126450 / 234837 | Success: 121182 | Failed: 5268 (53.8%)
Progress: 126500 / 234837 | Success: 121230 | Failed: 5270 (53.9%)
Progress: 126550 / 234837 | Success: 121278 | Failed: 5272 (53.9%)
Progress: 126600 / 234837 | Success: 121327 | Failed: 5273 (53.9%)
Progress: 126650 / 234837 | Success: 121375 | Failed: 5275 (53.9%)
Progress: 126700 / 234837 | Success: 121423 | Failed: 5277 (54.0%)
Progress: 126750 / 234837 | Success: 121470 | Failed: 5280 (54.0%)
Progress: 126800 / 234837 | Success: 121520 | Failed: 5280 (54.0%)
Progress: 126850 / 234837 | Success: 121570 | Failed: 5280 (54.0%)
Progress: 126900 / 234837 | Success: 121620 | Failed: 5280 (54.0%)
Progress: 126950 / 234837 | Success: 121670 | Failed: 5280 (54.1%)
Progress: 127000 / 234837 | Success: 121719 | Failed: 5281 (54.1%)
Progress: 127050 / 234837 | Success: 121767 | Failed: 5283 (54.1%)
Progress: 127100 / 234837 | Success: 121814 | Failed: 5286 (54.1%)
Progress: 127150 / 234837 | Success: 121861 | Failed: 5289 (54.1%)
Progress: 127200 / 234837 | Success: 121911 | Failed: 5289 (54.2%)
Progress: 127250 / 234837 | Success: 121960 | Failed: 5290 (54.2%)
Progress: 127300 / 234837 | Success: 122009 | Failed: 5291 (54.2%)
Progress: 127350 / 234837 | Success: 122059 | Failed: 5291 (54.2%)
Progress: 127400 / 234837 | Success: 122108 | Failed: 5292 (54.3%)
Progress: 127450 / 234837 | Success: 122156 | Failed: 5294 (54.3%)
Progress: 127500 / 234837 | Success: 122203 | Failed: 5297 (54.3%)
Progress: 127550 / 234837 | Success: 122253 | Failed: 5297 (54.3%)
Progress: 127600 / 234837 | Success: 122303 | Failed: 5297 (54.3%)
Progress: 127650 / 234837 | Success: 122353 | Failed: 5297 (54.4%)
Progress: 127700 / 234837 | Success: 122400 | Failed: 5300 (54.4%)
Progress: 127750 / 234837 | Success: 122446 | Failed: 5304 (54.4%)
Progress: 127800 / 234837 | Success: 122492 | Failed: 5308 (54.4%)
Progress: 127850 / 234837 | Success: 122538 | Failed: 5312 (54.4%)
Progress: 127900 / 234837 | Success: 122588 | Failed: 5312 (54.5%)
Progress: 127950 / 234837 | Success: 122638 | Failed: 5312 (54.5%)
Progress: 128000 / 234837 | Success: 122688 | Failed: 5312 (54.5%)
Progress: 128050 / 234837 | Success: 122738 | Failed: 5312 (54.5%)
Progress: 128100 / 234837 | Success: 122787 | Failed: 5313 (54.5%)
Progress: 128150 / 234837 | Success: 122836 | Failed: 5314 (54.6%)
Progress: 128200 / 234837 | Success: 122885 | Failed: 5315 (54.6%)
Progress: 128250 / 234837 | Success: 122934 | Failed: 5316 (54.6%)
Progress: 128300 / 234837 | Success: 122983 | Failed: 5317 (54.6%)
Progress: 128350 / 234837 | Success: 123032 | Failed: 5318 (54.7%)
Progress: 128400 / 234837 | Success: 123081 | Failed: 5319 (54.7%)
Progress: 128450 / 234837 | Success: 123130 | Failed: 5320 (54.7%)
Progress: 128500 / 234837 | Success: 123179 | Failed: 5321 (54.7%)
Progress: 128550 / 234837 | Success: 123228 | Failed: 5322 (54.7%)
Progress: 128600 / 234837 | Success: 123278 | Failed: 5322 (54.8%)
Progress: 128650 / 234837 | Success: 123327 | Failed: 5323 (54.8%)
Progress: 128700 / 234837 | Success: 123376 | Failed: 5324 (54.8%)
Progress: 128750 / 234837 | Success: 123425 | Failed: 5325 (54.8%)
Progress: 128800 / 234837 | Success: 123475 | Failed: 5325 (54.8%)
Progress: 128850 / 234837 | Success: 123525 | Failed: 5325 (54.9%)
Progress: 128900 / 234837 | Success: 123575 | Failed: 5325 (54.9%)
Progress: 128950 / 234837 | Success: 123625 | Failed: 5325 (54.9%)
Progress: 129000 / 234837 | Success: 123675 | Failed: 5325 (54.9%)
Progress: 129050 / 234837 | Success: 123725 | Failed: 5325 (55.0%)
Progress: 129100 / 234837 | Success: 123774 | Failed: 5326 (55.0%)
Progress: 129150 / 234837 | Success: 123822 | Failed: 5328 (55.0%)
Progress: 129200 / 234837 | Success: 123870 | Failed: 5330 (55.0%)
Progress: 129250 / 234837 | Success: 123918 | Failed: 5332 (55.0%)
Progress: 129300 / 234837 | Success: 123966 | Failed: 5334 (55.1%)
Progress: 129350 / 234837 | Success: 124013 | Failed: 5337 (55.1%)
Progress: 129400 / 234837 | Success: 124062 | Failed: 5338 (55.1%)
Progress: 129450 / 234837 | Success: 124110 | Failed: 5340 (55.1%)
Progress: 129500 / 234837 | Success: 124158 | Failed: 5342 (55.1%)
Progress: 129550 / 234837 | Success: 124205 | Failed: 5345 (55.2%)
Progress: 129600 / 234837 | Success: 124254 | Failed: 5346 (55.2%)
Progress: 129650 / 234837 | Success: 124303 | Failed: 5347 (55.2%)
Progress: 129700 / 234837 | Success: 124351 | Failed: 5349 (55.2%)
Progress: 129750 / 234837 | Success: 124399 | Failed: 5351 (55.3%)
Progress: 129800 / 234837 | Success: 124449 | Failed: 5351 (55.3%)
Progress: 129850 / 234837 | Success: 124499 | Failed: 5351 (55.3%)
Progress: 129900 / 234837 | Success: 124547 | Failed: 5353 (55.3%)
Progress: 129950 / 234837 | Success: 124595 | Failed: 5355 (55.3%)
Progress: 130000 / 234837 | Success: 124643 | Failed: 5357 (55.4%)
Progress: 130050 / 234837 | Success: 124690 | Failed: 5360 (55.4%)
Progress: 130100 / 234837 | Success: 124739 | Failed: 5361 (55.4%)
Progress: 130150 / 234837 | Success: 124788 | Failed: 5362 (55.4%)
Progress: 130200 / 234837 | Success: 124836 | Failed: 5364 (55.4%)
Progress: 130250 / 234837 | Success: 124886 | Failed: 5364 (55.5%)
Progress: 130300 / 234837 | Success: 124936 | Failed: 5364 (55.5%)
Progress: 130350 / 234837 | Success: 124986 | Failed: 5364 (55.5%)
Progress: 130400 / 234837 | Success: 125035 | Failed: 5365 (55.5%)
Progress: 130450 / 234837 | Success: 125084 | Failed: 5366 (55.5%)
Progress: 130500 / 234837 | Success: 125133 | Failed: 5367 (55.6%)
Progress: 130550 / 234837 | Success: 125182 | Failed: 5368 (55.6%)
Progress: 130600 / 234837 | Success: 125230 | Failed: 5370 (55.6%)
Progress: 130650 / 234837 | Success: 125278 | Failed: 5372 (55.6%)
Progress: 130700 / 234837 | Success: 125326 | Failed: 5374 (55.7%)
Progress: 130750 / 234837 | Success: 125374 | Failed: 5376 (55.7%)
Progress: 130800 / 234837 | Success: 125424 | Failed: 5376 (55.7%)
Progress: 130850 / 234837 | Success: 125474 | Failed: 5376 (55.7%)
Progress: 130900 / 234837 | Success: 125524 | Failed: 5376 (55.7%)
Progress: 130950 / 234837 | Success: 125574 | Failed: 5376 (55.8%)
Progress: 131000 / 234837 | Success: 125624 | Failed: 5376 (55.8%)
Progress: 131050 / 234837 | Success: 125674 | Failed: 5376 (55.8%)
Progress: 131100 / 234837 | Success: 125724 | Failed: 5376 (55.8%)
Progress: 131150 / 234837 | Success: 125774 | Failed: 5376 (55.8%)
Progress: 131200 / 234837 | Success: 125823 | Failed: 5377 (55.9%)
Progress: 131250 / 234837 | Success: 125872 | Failed: 5378 (55.9%)
Progress: 131300 / 234837 | Success: 125921 | Failed: 5379 (55.9%)
Progress: 131350 / 234837 | Success: 125969 | Failed: 5381 (55.9%)
Progress: 131400 / 234837 | Success: 126018 | Failed: 5382 (56.0%)
Progress: 131450 / 234837 | Success: 126065 | Failed: 5385 (56.0%)
Progress: 131500 / 234837 | Success: 126112 | Failed: 5388 (56.0%)
Progress: 131550 / 234837 | Success: 126162 | Failed: 5388 (56.0%)
Progress: 131600 / 234837 | Success: 126212 | Failed: 5388 (56.0%)
Progress: 131650 / 234837 | Success: 126261 | Failed: 5389 (56.1%)
Progress: 131700 / 234837 | Success: 126309 | Failed: 5391 (56.1%)
Progress: 131750 / 234837 | Success: 126357 | Failed: 5393 (56.1%)
Progress: 131800 / 234837 | Success: 126407 | Failed: 5393 (56.1%)
Progress: 131850 / 234837 | Success: 126456 | Failed: 5394 (56.1%)
Progress: 131900 / 234837 | Success: 126505 | Failed: 5395 (56.2%)
Progress: 131950 / 234837 | Success: 126554 | Failed: 5396 (56.2%)
Progress: 132000 / 234837 | Success: 126602 | Failed: 5398 (56.2%)
Progress: 132050 / 234837 | Success: 126650 | Failed: 5400 (56.2%)
Progress: 132100 / 234837 | Success: 126698 | Failed: 5402 (56.3%)
Progress: 132150 / 234837 | Success: 126746 | Failed: 5404 (56.3%)
Progress: 132200 / 234837 | Success: 126795 | Failed: 5405 (56.3%)
Progress: 132250 / 234837 | Success: 126844 | Failed: 5406 (56.3%)
Progress: 132300 / 234837 | Success: 126892 | Failed: 5408 (56.3%)
Progress: 132350 / 234837 | Success: 126940 | Failed: 5410 (56.4%)
Progress: 132400 / 234837 | Success: 126990 | Failed: 5410 (56.4%)
Progress: 132450 / 234837 | Success: 127040 | Failed: 5410 (56.4%)
Progress: 132500 / 234837 | Success: 127089 | Failed: 5411 (56.4%)
Progress: 132550 / 234837 | Success: 127139 | Failed: 5411 (56.4%)
Progress: 132600 / 234837 | Success: 127188 | Failed: 5412 (56.5%)
Progress: 132650 / 234837 | Success: 127235 | Failed: 5415 (56.5%)
Progress: 132700 / 234837 | Success: 127282 | Failed: 5418 (56.5%)
Progress: 132750 / 234837 | Success: 127332 | Failed: 5418 (56.5%)
Progress: 132800 / 234837 | Success: 127382 | Failed: 5418 (56.5%)
Progress: 132850 / 234837 | Success: 127432 | Failed: 5418 (56.6%)
Progress: 132900 / 234837 | Success: 127482 | Failed: 5418 (56.6%)
Progress: 132950 / 234837 | Success: 127531 | Failed: 5419 (56.6%)
Progress: 133000 / 234837 | Success: 127580 | Failed: 5420 (56.6%)
Progress: 133050 / 234837 | Success: 127629 | Failed: 5421 (56.7%)
Progress: 133100 / 234837 | Success: 127677 | Failed: 5423 (56.7%)
Progress: 133150 / 234837 | Success: 127725 | Failed: 5425 (56.7%)
Progress: 133200 / 234837 | Success: 127775 | Failed: 5425 (56.7%)
Progress: 133250 / 234837 | Success: 127825 | Failed: 5425 (56.7%)
Progress: 133300 / 234837 | Success: 127875 | Failed: 5425 (56.8%)
Progress: 133350 / 234837 | Success: 127925 | Failed: 5425 (56.8%)
Progress: 133400 / 234837 | Success: 127975 | Failed: 5425 (56.8%)
Progress: 133450 / 234837 | Success: 128025 | Failed: 5425 (56.8%)
Progress: 133500 / 234837 | Success: 128075 | Failed: 5425 (56.8%)
Progress: 133550 / 234837 | Success: 128125 | Failed: 5425 (56.9%)
Progress: 133600 / 234837 | Success: 128175 | Failed: 5425 (56.9%)
Progress: 133650 / 234837 | Success: 128224 | Failed: 5426 (56.9%)
Progress: 133700 / 234837 | Success: 128273 | Failed: 5427 (56.9%)
Progress: 133750 / 234837 | Success: 128322 | Failed: 5428 (57.0%)
Progress: 133800 / 234837 | Success: 128372 | Failed: 5428 (57.0%)
Progress: 133850 / 234837 | Success: 128422 | Failed: 5428 (57.0%)
Progress: 133900 / 234837 | Success: 128472 | Failed: 5428 (57.0%)
Progress: 133950 / 234837 | Success: 128522 | Failed: 5428 (57.0%)
Progress: 134000 / 234837 | Success: 128571 | Failed: 5429 (57.1%)
Progress: 134050 / 234837 | Success: 128621 | Failed: 5429 (57.1%)
Progress: 134100 / 234837 | Success: 128671 | Failed: 5429 (57.1%)
Progress: 134150 / 234837 | Success: 128721 | Failed: 5429 (57.1%)
Progress: 134200 / 234837 | Success: 128770 | Failed: 5430 (57.1%)
Progress: 134250 / 234837 | Success: 128819 | Failed: 5431 (57.2%)
Progress: 134300 / 234837 | Success: 128868 | Failed: 5432 (57.2%)
Progress: 134350 / 234837 | Success: 128917 | Failed: 5433 (57.2%)
Progress: 134400 / 234837 | Success: 128967 | Failed: 5433 (57.2%)
Progress: 134450 / 234837 | Success: 129017 | Failed: 5433 (57.3%)
Progress: 134500 / 234837 | Success: 129067 | Failed: 5433 (57.3%)
Progress: 134550 / 234837 | Success: 129117 | Failed: 5433 (57.3%)
Progress: 134600 / 234837 | Success: 129167 | Failed: 5433 (57.3%)
Progress: 134650 / 234837 | Success: 129217 | Failed: 5433 (57.3%)
Progress: 134700 / 234837 | Success: 129267 | Failed: 5433 (57.4%)
Progress: 134750 / 234837 | Success: 129317 | Failed: 5433 (57.4%)
Progress: 134800 / 234837 | Success: 129367 | Failed: 5433 (57.4%)
Progress: 134850 / 234837 | Success: 129417 | Failed: 5433 (57.4%)
Progress: 134900 / 234837 | Success: 129466 | Failed: 5434 (57.4%)
Progress: 134950 / 234837 | Success: 129515 | Failed: 5435 (57.5%)
Progress: 135000 / 234837 | Success: 129563 | Failed: 5437 (57.5%)
Progress: 135050 / 234837 | Success: 129613 | Failed: 5437 (57.5%)
Progress: 135100 / 234837 | Success: 129663 | Failed: 5437 (57.5%)
Progress: 135150 / 234837 | Success: 129713 | Failed: 5437 (57.6%)
Progress: 135200 / 234837 | Success: 129763 | Failed: 5437 (57.6%)
Progress: 135250 / 234837 | Success: 129812 | Failed: 5438 (57.6%)
Progress: 135300 / 234837 | Success: 129862 | Failed: 5438 (57.6%)
Progress: 135350 / 234837 | Success: 129912 | Failed: 5438 (57.6%)
Progress: 135400 / 234837 | Success: 129962 | Failed: 5438 (57.7%)
Progress: 135450 / 234837 | Success: 130011 | Failed: 5439 (57.7%)
Progress: 135500 / 234837 | Success: 130060 | Failed: 5440 (57.7%)
Progress: 135550 / 234837 | Success: 130109 | Failed: 5441 (57.7%)
Progress: 135600 / 234837 | Success: 130158 | Failed: 5442 (57.7%)
Progress: 135650 / 234837 | Success: 130208 | Failed: 5442 (57.8%)
Progress: 135700 / 234837 | Success: 130258 | Failed: 5442 (57.8%)
Progress: 135750 / 234837 | Success: 130308 | Failed: 5442 (57.8%)
Progress: 135800 / 234837 | Success: 130358 | Failed: 5442 (57.8%)
Progress: 135850 / 234837 | Success: 130408 | Failed: 5442 (57.8%)
Progress: 135900 / 234837 | Success: 130458 | Failed: 5442 (57.9%)
Progress: 135950 / 234837 | Success: 130508 | Failed: 5442 (57.9%)
Progress: 136000 / 234837 | Success: 130558 | Failed: 5442 (57.9%)
Progress: 136050 / 234837 | Success: 130608 | Failed: 5442 (57.9%)
Progress: 136100 / 234837 | Success: 130658 | Failed: 5442 (58.0%)
Progress: 136150 / 234837 | Success: 130707 | Failed: 5443 (58.0%)
Progress: 136200 / 234837 | Success: 130756 | Failed: 5444 (58.0%)
Progress: 136250 / 234837 | Success: 130805 | Failed: 5445 (58.0%)
Progress: 136300 / 234837 | Success: 130855 | Failed: 5445 (58.0%)
Progress: 136350 / 234837 | Success: 130905 | Failed: 5445 (58.1%)
Progress: 136400 / 234837 | Success: 130955 | Failed: 5445 (58.1%)
Progress: 136450 / 234837 | Success: 131005 | Failed: 5445 (58.1%)
Progress: 136500 / 234837 | Success: 131055 | Failed: 5445 (58.1%)
Progress: 136550 / 234837 | Success: 131104 | Failed: 5446 (58.1%)
Progress: 136600 / 234837 | Success: 131154 | Failed: 5446 (58.2%)
Progress: 136650 / 234837 | Success: 131203 | Failed: 5447 (58.2%)
Progress: 136700 / 234837 | Success: 131252 | Failed: 5448 (58.2%)
Progress: 136750 / 234837 | Success: 131301 | Failed: 5449 (58.2%)
Progress: 136800 / 234837 | Success: 131351 | Failed: 5449 (58.3%)
Progress: 136850 / 234837 | Success: 131401 | Failed: 5449 (58.3%)
Progress: 136900 / 234837 | Success: 131451 | Failed: 5449 (58.3%)
Progress: 136950 / 234837 | Success: 131501 | Failed: 5449 (58.3%)
Progress: 137000 / 234837 | Success: 131550 | Failed: 5450 (58.3%)
Progress: 137050 / 234837 | Success: 131599 | Failed: 5451 (58.4%)
Progress: 137100 / 234837 | Success: 131648 | Failed: 5452 (58.4%)
Progress: 137150 / 234837 | Success: 131697 | Failed: 5453 (58.4%)
Progress: 137200 / 234837 | Success: 131745 | Failed: 5455 (58.4%)
Progress: 137250 / 234837 | Success: 131793 | Failed: 5457 (58.4%)
Progress: 137300 / 234837 | Success: 131843 | Failed: 5457 (58.5%)
Progress: 137350 / 234837 | Success: 131893 | Failed: 5457 (58.5%)
Progress: 137400 / 234837 | Success: 131943 | Failed: 5457 (58.5%)
Progress: 137450 / 234837 | Success: 131991 | Failed: 5459 (58.5%)
Progress: 137500 / 234837 | Success: 132039 | Failed: 5461 (58.6%)
Progress: 137550 / 234837 | Success: 132089 | Failed: 5461 (58.6%)
Progress: 137600 / 234837 | Success: 132138 | Failed: 5462 (58.6%)
Progress: 137650 / 234837 | Success: 132187 | Failed: 5463 (58.6%)
Progress: 137700 / 234837 | Success: 132237 | Failed: 5463 (58.6%)
Progress: 137750 / 234837 | Success: 132287 | Failed: 5463 (58.7%)
Progress: 137800 / 234837 | Success: 132336 | Failed: 5464 (58.7%)
Progress: 137850 / 234837 | Success: 132385 | Failed: 5465 (58.7%)
Progress: 137900 / 234837 | Success: 132434 | Failed: 5466 (58.7%)
Progress: 137950 / 234837 | Success: 132484 | Failed: 5466 (58.7%)
Progress: 138000 / 234837 | Success: 132534 | Failed: 5466 (58.8%)
Progress: 138050 / 234837 | Success: 132583 | Failed: 5467 (58.8%)
Progress: 138100 / 234837 | Success: 132633 | Failed: 5467 (58.8%)
Progress: 138150 / 234837 | Success: 132683 | Failed: 5467 (58.8%)
Progress: 138200 / 234837 | Success: 132732 | Failed: 5468 (58.8%)
Progress: 138250 / 234837 | Success: 132778 | Failed: 5472 (58.9%)
Progress: 138300 / 234837 | Success: 132824 | Failed: 5476 (58.9%)
Progress: 138350 / 234837 | Success: 132874 | Failed: 5476 (58.9%)
Progress: 138400 / 234837 | Success: 132924 | Failed: 5476 (58.9%)
Progress: 138450 / 234837 | Success: 132974 | Failed: 5476 (59.0%)
Progress: 138500 / 234837 | Success: 133024 | Failed: 5476 (59.0%)
Progress: 138550 / 234837 | Success: 133074 | Failed: 5476 (59.0%)
Progress: 138600 / 234837 | Success: 133124 | Failed: 5476 (59.0%)
Progress: 138650 / 234837 | Success: 133174 | Failed: 5476 (59.0%)
Progress: 138700 / 234837 | Success: 133224 | Failed: 5476 (59.1%)
Progress: 138750 / 234837 | Success: 133274 | Failed: 5476 (59.1%)
Progress: 138800 / 234837 | Success: 133324 | Failed: 5476 (59.1%)
Progress: 138850 / 234837 | Success: 133374 | Failed: 5476 (59.1%)
Progress: 138900 / 234837 | Success: 133424 | Failed: 5476 (59.1%)
Progress: 138950 / 234837 | Success: 133474 | Failed: 5476 (59.2%)
Progress: 139000 / 234837 | Success: 133523 | Failed: 5477 (59.2%)
Progress: 139050 / 234837 | Success: 133570 | Failed: 5480 (59.2%)
Progress: 139100 / 234837 | Success: 133620 | Failed: 5480 (59.2%)
Progress: 139150 / 234837 | Success: 133670 | Failed: 5480 (59.3%)
Progress: 139200 / 234837 | Success: 133720 | Failed: 5480 (59.3%)
Progress: 139250 / 234837 | Success: 133770 | Failed: 5480 (59.3%)
Progress: 139300 / 234837 | Success: 133819 | Failed: 5481 (59.3%)
Progress: 139350 / 234837 | Success: 133868 | Failed: 5482 (59.3%)
Progress: 139400 / 234837 | Success: 133918 | Failed: 5482 (59.4%)
Progress: 139450 / 234837 | Success: 133968 | Failed: 5482 (59.4%)
Progress: 139500 / 234837 | Success: 134018 | Failed: 5482 (59.4%)
Progress: 139550 / 234837 | Success: 134067 | Failed: 5483 (59.4%)
Progress: 139600 / 234837 | Success: 134117 | Failed: 5483 (59.4%)
Progress: 139650 / 234837 | Success: 134167 | Failed: 5483 (59.5%)
Progress: 139700 / 234837 | Success: 134217 | Failed: 5483 (59.5%)
Progress: 139750 / 234837 | Success: 134267 | Failed: 5483 (59.5%)
Progress: 139800 / 234837 | Success: 134316 | Failed: 5484 (59.5%)
Progress: 139850 / 234837 | Success: 134365 | Failed: 5485 (59.6%)
Progress: 139900 / 234837 | Success: 134413 | Failed: 5487 (59.6%)
Progress: 139950 / 234837 | Success: 134461 | Failed: 5489 (59.6%)
Progress: 140000 / 234837 | Success: 134511 | Failed: 5489 (59.6%)
Progress: 140050 / 234837 | Success: 134561 | Failed: 5489 (59.6%)
Progress: 140100 / 234837 | Success: 134611 | Failed: 5489 (59.7%)
Progress: 140150 / 234837 | Success: 134661 | Failed: 5489 (59.7%)
Progress: 140200 / 234837 | Success: 134711 | Failed: 5489 (59.7%)
Progress: 140250 / 234837 | Success: 134761 | Failed: 5489 (59.7%)
Progress: 140300 / 234837 | Success: 134811 | Failed: 5489 (59.7%)
Progress: 140350 / 234837 | Success: 134861 | Failed: 5489 (59.8%)
Progress: 140400 / 234837 | Success: 134911 | Failed: 5489 (59.8%)
Progress: 140450 / 234837 | Success: 134961 | Failed: 5489 (59.8%)
Progress: 140500 / 234837 | Success: 135011 | Failed: 5489 (59.8%)
Progress: 140550 / 234837 | Success: 135061 | Failed: 5489 (59.9%)
Progress: 140600 / 234837 | Success: 135111 | Failed: 5489 (59.9%)
Progress: 140650 / 234837 | Success: 135161 | Failed: 5489 (59.9%)
Progress: 140700 / 234837 | Success: 135211 | Failed: 5489 (59.9%)
Progress: 140750 / 234837 | Success: 135261 | Failed: 5489 (59.9%)
Progress: 140800 / 234837 | Success: 135311 | Failed: 5489 (60.0%)
Progress: 140850 / 234837 | Success: 135361 | Failed: 5489 (60.0%)
Progress: 140900 / 234837 | Success: 135411 | Failed: 5489 (60.0%)
Progress: 140950 / 234837 | Success: 135461 | Failed: 5489 (60.0%)
Progress: 141000 / 234837 | Success: 135511 | Failed: 5489 (60.0%)
Progress: 141050 / 234837 | Success: 135561 | Failed: 5489 (60.1%)
Progress: 141100 / 234837 | Success: 135611 | Failed: 5489 (60.1%)
Progress: 141150 / 234837 | Success: 135661 | Failed: 5489 (60.1%)
Progress: 141200 / 234837 | Success: 135711 | Failed: 5489 (60.1%)
Progress: 141250 / 234837 | Success: 135761 | Failed: 5489 (60.1%)
Progress: 141300 / 234837 | Success: 135811 | Failed: 5489 (60.2%)
Progress: 141350 / 234837 | Success: 135861 | Failed: 5489 (60.2%)
Progress: 141400 / 234837 | Success: 135911 | Failed: 5489 (60.2%)
Progress: 141450 / 234837 | Success: 135961 | Failed: 5489 (60.2%)
Progress: 141500 / 234837 | Success: 136011 | Failed: 5489 (60.3%)
Progress: 141550 / 234837 | Success: 136061 | Failed: 5489 (60.3%)
Progress: 141600 / 234837 | Success: 136111 | Failed: 5489 (60.3%)
Progress: 141650 / 234837 | Success: 136161 | Failed: 5489 (60.3%)
Progress: 141700 / 234837 | Success: 136211 | Failed: 5489 (60.3%)
Progress: 141750 / 234837 | Success: 136261 | Failed: 5489 (60.4%)
Progress: 141800 / 234837 | Success: 136311 | Failed: 5489 (60.4%)
Progress: 141850 / 234837 | Success: 136361 | Failed: 5489 (60.4%)
Progress: 141900 / 234837 | Success: 136411 | Failed: 5489 (60.4%)
Progress: 141950 / 234837 | Success: 136461 | Failed: 5489 (60.4%)
Progress: 142000 / 234837 | Success: 136511 | Failed: 5489 (60.5%)
Progress: 142050 / 234837 | Success: 136561 | Failed: 5489 (60.5%)
Progress: 142100 / 234837 | Success: 136611 | Failed: 5489 (60.5%)
Progress: 142150 / 234837 | Success: 136661 | Failed: 5489 (60.5%)
Progress: 142200 / 234837 | Success: 136711 | Failed: 5489 (60.6%)
Progress: 142250 / 234837 | Success: 136761 | Failed: 5489 (60.6%)
Progress: 142300 / 234837 | Success: 136811 | Failed: 5489 (60.6%)
Progress: 142350 / 234837 | Success: 136861 | Failed: 5489 (60.6%)
Progress: 142400 / 234837 | Success: 136911 | Failed: 5489 (60.6%)
Progress: 142450 / 234837 | Success: 136961 | Failed: 5489 (60.7%)
Progress: 142500 / 234837 | Success: 137011 | Failed: 5489 (60.7%)
Progress: 142550 / 234837 | Success: 137061 | Failed: 5489 (60.7%)
Progress: 142600 / 234837 | Success: 137111 | Failed: 5489 (60.7%)
Progress: 142650 / 234837 | Success: 137161 | Failed: 5489 (60.7%)
Progress: 142700 / 234837 | Success: 137211 | Failed: 5489 (60.8%)
Progress: 142750 / 234837 | Success: 137261 | Failed: 5489 (60.8%)
Progress: 142800 / 234837 | Success: 137311 | Failed: 5489 (60.8%)
Progress: 142850 / 234837 | Success: 137361 | Failed: 5489 (60.8%)
Progress: 142900 / 234837 | Success: 137411 | Failed: 5489 (60.9%)
Progress: 142950 / 234837 | Success: 137461 | Failed: 5489 (60.9%)
Progress: 143000 / 234837 | Success: 137511 | Failed: 5489 (60.9%)
Progress: 143050 / 234837 | Success: 137561 | Failed: 5489 (60.9%)
Progress: 143100 / 234837 | Success: 137611 | Failed: 5489 (60.9%)
Progress: 143150 / 234837 | Success: 137661 | Failed: 5489 (61.0%)
Progress: 143200 / 234837 | Success: 137711 | Failed: 5489 (61.0%)
Progress: 143250 / 234837 | Success: 137761 | Failed: 5489 (61.0%)
Progress: 143300 / 234837 | Success: 137811 | Failed: 5489 (61.0%)
Progress: 143350 / 234837 | Success: 137861 | Failed: 5489 (61.0%)
Progress: 143400 / 234837 | Success: 137911 | Failed: 5489 (61.1%)
Progress: 143450 / 234837 | Success: 137961 | Failed: 5489 (61.1%)
Progress: 143500 / 234837 | Success: 138011 | Failed: 5489 (61.1%)
Progress: 143550 / 234837 | Success: 138057 | Failed: 5493 (61.1%)
Progress: 143600 / 234837 | Success: 138103 | Failed: 5497 (61.1%)
Progress: 143650 / 234837 | Success: 138149 | Failed: 5501 (61.2%)
Progress: 143700 / 234837 | Success: 138199 | Failed: 5501 (61.2%)
Progress: 143750 / 234837 | Success: 138247 | Failed: 5503 (61.2%)
Progress: 143800 / 234837 | Success: 138295 | Failed: 5505 (61.2%)
Progress: 143850 / 234837 | Success: 138341 | Failed: 5509 (61.3%)
Progress: 143900 / 234837 | Success: 138389 | Failed: 5511 (61.3%)
Progress: 143950 / 234837 | Success: 138437 | Failed: 5513 (61.3%)
Progress: 144000 / 234837 | Success: 138484 | Failed: 5516 (61.3%)
Progress: 144050 / 234837 | Success: 138530 | Failed: 5520 (61.3%)
Progress: 144100 / 234837 | Success: 138576 | Failed: 5524 (61.4%)
Progress: 144150 / 234837 | Success: 138624 | Failed: 5526 (61.4%)
Progress: 144200 / 234837 | Success: 138669 | Failed: 5531 (61.4%)
Progress: 144250 / 234837 | Success: 138717 | Failed: 5533 (61.4%)
Progress: 144300 / 234837 | Success: 138764 | Failed: 5536 (61.4%)
Progress: 144350 / 234837 | Success: 138810 | Failed: 5540 (61.5%)
Progress: 144400 / 234837 | Success: 138855 | Failed: 5545 (61.5%)
Progress: 144450 / 234837 | Success: 138900 | Failed: 5550 (61.5%)
Progress: 144500 / 234837 | Success: 138947 | Failed: 5553 (61.5%)
Progress: 144550 / 234837 | Success: 138994 | Failed: 5556 (61.6%)
Progress: 144600 / 234837 | Success: 139040 | Failed: 5560 (61.6%)
Progress: 144650 / 234837 | Success: 139086 | Failed: 5564 (61.6%)
Progress: 144700 / 234837 | Success: 139136 | Failed: 5564 (61.6%)
Progress: 144750 / 234837 | Success: 139184 | Failed: 5566 (61.6%)
Progress: 144800 / 234837 | Success: 139230 | Failed: 5570 (61.7%)
Progress: 144850 / 234837 | Success: 139275 | Failed: 5575 (61.7%)
Progress: 144900 / 234837 | Success: 139319 | Failed: 5581 (61.7%)
Progress: 144950 / 234837 | Success: 139368 | Failed: 5582 (61.7%)
Progress: 145000 / 234837 | Success: 139416 | Failed: 5584 (61.7%)
Progress: 145050 / 234837 | Success: 139461 | Failed: 5589 (61.8%)
Progress: 145100 / 234837 | Success: 139508 | Failed: 5592 (61.8%)
Progress: 145150 / 234837 | Success: 139554 | Failed: 5596 (61.8%)
Progress: 145200 / 234837 | Success: 139600 | Failed: 5600 (61.8%)
Progress: 145250 / 234837 | Success: 139644 | Failed: 5606 (61.9%)
Progress: 145300 / 234837 | Success: 139694 | Failed: 5606 (61.9%)
Progress: 145350 / 234837 | Success: 139742 | Failed: 5608 (61.9%)
Progress: 145400 / 234837 | Success: 139790 | Failed: 5610 (61.9%)
Progress: 145450 / 234837 | Success: 139838 | Failed: 5612 (61.9%)
Progress: 145500 / 234837 | Success: 139887 | Failed: 5613 (62.0%)
Progress: 145550 / 234837 | Success: 139936 | Failed: 5614 (62.0%)
Progress: 145600 / 234837 | Success: 139985 | Failed: 5615 (62.0%)
Progress: 145650 / 234837 | Success: 140032 | Failed: 5618 (62.0%)
Progress: 145700 / 234837 | Success: 140078 | Failed: 5622 (62.0%)
Progress: 145750 / 234837 | Success: 140123 | Failed: 5627 (62.1%)
Progress: 145800 / 234837 | Success: 140167 | Failed: 5633 (62.1%)
Progress: 145850 / 234837 | Success: 140216 | Failed: 5634 (62.1%)
Progress: 145900 / 234837 | Success: 140263 | Failed: 5637 (62.1%)
Progress: 145950 / 234837 | Success: 140309 | Failed: 5641 (62.1%)
Progress: 146000 / 234837 | Success: 140353 | Failed: 5647 (62.2%)
Progress: 146050 / 234837 | Success: 140397 | Failed: 5653 (62.2%)
Progress: 146100 / 234837 | Success: 140445 | Failed: 5655 (62.2%)
Progress: 146150 / 234837 | Success: 140491 | Failed: 5659 (62.2%)
Progress: 146200 / 234837 | Success: 140537 | Failed: 5663 (62.3%)
Progress: 146250 / 234837 | Success: 140587 | Failed: 5663 (62.3%)
Progress: 146300 / 234837 | Success: 140635 | Failed: 5665 (62.3%)
Progress: 146350 / 234837 | Success: 140682 | Failed: 5668 (62.3%)
Progress: 146400 / 234837 | Success: 140727 | Failed: 5673 (62.3%)
Progress: 146450 / 234837 | Success: 140776 | Failed: 5674 (62.4%)
Progress: 146500 / 234837 | Success: 140825 | Failed: 5675 (62.4%)
Progress: 146550 / 234837 | Success: 140872 | Failed: 5678 (62.4%)
Progress: 146600 / 234837 | Success: 140919 | Failed: 5681 (62.4%)
Progress: 146650 / 234837 | Success: 140968 | Failed: 5682 (62.4%)
Progress: 146700 / 234837 | Success: 141016 | Failed: 5684 (62.5%)
Progress: 146750 / 234837 | Success: 141064 | Failed: 5686 (62.5%)
Progress: 146800 / 234837 | Success: 141112 | Failed: 5688 (62.5%)
Progress: 146850 / 234837 | Success: 141160 | Failed: 5690 (62.5%)
Progress: 146900 / 234837 | Success: 141207 | Failed: 5693 (62.6%)
Progress: 146950 / 234837 | Success: 141254 | Failed: 5696 (62.6%)
Progress: 147000 / 234837 | Success: 141300 | Failed: 5700 (62.6%)
Progress: 147050 / 234837 | Success: 141348 | Failed: 5702 (62.6%)
Progress: 147100 / 234837 | Success: 141395 | Failed: 5705 (62.6%)
Progress: 147150 / 234837 | Success: 141440 | Failed: 5710 (62.7%)
Progress: 147200 / 234837 | Success: 141485 | Failed: 5715 (62.7%)
Progress: 147250 / 234837 | Success: 141530 | Failed: 5720 (62.7%)
Progress: 147300 / 234837 | Success: 141580 | Failed: 5720 (62.7%)
Progress: 147350 / 234837 | Success: 141627 | Failed: 5723 (62.7%)
Progress: 147400 / 234837 | Success: 141671 | Failed: 5729 (62.8%)
Progress: 147450 / 234837 | Success: 141715 | Failed: 5735 (62.8%)
Progress: 147500 / 234837 | Success: 141764 | Failed: 5736 (62.8%)
Progress: 147550 / 234837 | Success: 141813 | Failed: 5737 (62.8%)
Progress: 147600 / 234837 | Success: 141860 | Failed: 5740 (62.9%)
Progress: 147650 / 234837 | Success: 141908 | Failed: 5742 (62.9%)
Progress: 147700 / 234837 | Success: 141955 | Failed: 5745 (62.9%)
Progress: 147750 / 234837 | Success: 141999 | Failed: 5751 (62.9%)
Progress: 147800 / 234837 | Success: 142043 | Failed: 5757 (62.9%)
Progress: 147850 / 234837 | Success: 142093 | Failed: 5757 (63.0%)
Progress: 147900 / 234837 | Success: 142142 | Failed: 5758 (63.0%)
Progress: 147950 / 234837 | Success: 142188 | Failed: 5762 (63.0%)
Progress: 148000 / 234837 | Success: 142233 | Failed: 5767 (63.0%)
Progress: 148050 / 234837 | Success: 142276 | Failed: 5774 (63.0%)
Progress: 148100 / 234837 | Success: 142324 | Failed: 5776 (63.1%)
Progress: 148150 / 234837 | Success: 142370 | Failed: 5780 (63.1%)
Progress: 148200 / 234837 | Success: 142413 | Failed: 5787 (63.1%)
Progress: 148250 / 234837 | Success: 142462 | Failed: 5788 (63.1%)
Progress: 148300 / 234837 | Success: 142510 | Failed: 5790 (63.2%)
Progress: 148350 / 234837 | Success: 142558 | Failed: 5792 (63.2%)
Progress: 148400 / 234837 | Success: 142604 | Failed: 5796 (63.2%)
Progress: 148450 / 234837 | Success: 142652 | Failed: 5798 (63.2%)
Progress: 148500 / 234837 | Success: 142698 | Failed: 5802 (63.2%)
Progress: 148550 / 234837 | Success: 142743 | Failed: 5807 (63.3%)
Progress: 148600 / 234837 | Success: 142787 | Failed: 5813 (63.3%)
Progress: 148650 / 234837 | Success: 142836 | Failed: 5814 (63.3%)
Progress: 148700 / 234837 | Success: 142884 | Failed: 5816 (63.3%)
Progress: 148750 / 234837 | Success: 142932 | Failed: 5818 (63.3%)
Progress: 148800 / 234837 | Success: 142982 | Failed: 5818 (63.4%)
Progress: 148850 / 234837 | Success: 143032 | Failed: 5818 (63.4%)
Progress: 148900 / 234837 | Success: 143081 | Failed: 5819 (63.4%)
Progress: 148950 / 234837 | Success: 143129 | Failed: 5821 (63.4%)
Progress: 149000 / 234837 | Success: 143177 | Failed: 5823 (63.4%)
Progress: 149050 / 234837 | Success: 143226 | Failed: 5824 (63.5%)
Progress: 149100 / 234837 | Success: 143273 | Failed: 5827 (63.5%)
Progress: 149150 / 234837 | Success: 143321 | Failed: 5829 (63.5%)
Progress: 149200 / 234837 | Success: 143368 | Failed: 5832 (63.5%)
Progress: 149250 / 234837 | Success: 143414 | Failed: 5836 (63.6%)
Progress: 149300 / 234837 | Success: 143463 | Failed: 5837 (63.6%)
Progress: 149350 / 234837 | Success: 143511 | Failed: 5839 (63.6%)
Progress: 149400 / 234837 | Success: 143561 | Failed: 5839 (63.6%)
Progress: 149450 / 234837 | Success: 143610 | Failed: 5840 (63.6%)
Progress: 149500 / 234837 | Success: 143658 | Failed: 5842 (63.7%)
Progress: 149550 / 234837 | Success: 143706 | Failed: 5844 (63.7%)
Progress: 149600 / 234837 | Success: 143753 | Failed: 5847 (63.7%)
Progress: 149650 / 234837 | Success: 143799 | Failed: 5851 (63.7%)
Progress: 149700 / 234837 | Success: 143844 | Failed: 5856 (63.7%)
Progress: 149750 / 234837 | Success: 143894 | Failed: 5856 (63.8%)
Progress: 149800 / 234837 | Success: 143944 | Failed: 5856 (63.8%)
Progress: 149850 / 234837 | Success: 143993 | Failed: 5857 (63.8%)
Progress: 149900 / 234837 | Success: 144041 | Failed: 5859 (63.8%)
Progress: 149950 / 234837 | Success: 144085 | Failed: 5865 (63.9%)
Progress: 150000 / 234837 | Success: 144132 | Failed: 5868 (63.9%)
Progress: 150050 / 234837 | Success: 144177 | Failed: 5873 (63.9%)
Progress: 150100 / 234837 | Success: 144219 | Failed: 5881 (63.9%)
Progress: 150150 / 234837 | Success: 144261 | Failed: 5889 (63.9%)
Progress: 150200 / 234837 | Success: 144308 | Failed: 5892 (64.0%)
Progress: 150250 / 234837 | Success: 144353 | Failed: 5897 (64.0%)
Progress: 150300 / 234837 | Success: 144397 | Failed: 5903 (64.0%)
Progress: 150350 / 234837 | Success: 144438 | Failed: 5912 (64.0%)
Progress: 150400 / 234837 | Success: 144486 | Failed: 5914 (64.0%)
Progress: 150450 / 234837 | Success: 144532 | Failed: 5918 (64.1%)
Progress: 150500 / 234837 | Success: 144578 | Failed: 5922 (64.1%)
Progress: 150550 / 234837 | Success: 144622 | Failed: 5928 (64.1%)
Progress: 150600 / 234837 | Success: 144669 | Failed: 5931 (64.1%)
Progress: 150650 / 234837 | Success: 144714 | Failed: 5936 (64.2%)
Progress: 150700 / 234837 | Success: 144756 | Failed: 5944 (64.2%)
Progress: 150750 / 234837 | Success: 144796 | Failed: 5954 (64.2%)
Progress: 150800 / 234837 | Success: 144845 | Failed: 5955 (64.2%)
Progress: 150850 / 234837 | Success: 144892 | Failed: 5958 (64.2%)
Progress: 150900 / 234837 | Success: 144939 | Failed: 5961 (64.3%)
Progress: 150950 / 234837 | Success: 144985 | Failed: 5965 (64.3%)
Progress: 151000 / 234837 | Success: 145031 | Failed: 5969 (64.3%)
Progress: 151050 / 234837 | Success: 145076 | Failed: 5974 (64.3%)
Progress: 151100 / 234837 | Success: 145121 | Failed: 5979 (64.3%)
Progress: 151150 / 234837 | Success: 145170 | Failed: 5980 (64.4%)
Progress: 151200 / 234837 | Success: 145218 | Failed: 5982 (64.4%)
Progress: 151250 / 234837 | Success: 145264 | Failed: 5986 (64.4%)
Progress: 151300 / 234837 | Success: 145306 | Failed: 5994 (64.4%)
Progress: 151350 / 234837 | Success: 145353 | Failed: 5997 (64.4%)
Progress: 151400 / 234837 | Success: 145397 | Failed: 6003 (64.5%)
Progress: 151450 / 234837 | Success: 145439 | Failed: 6011 (64.5%)
Progress: 151500 / 234837 | Success: 145479 | Failed: 6021 (64.5%)
Progress: 151550 / 234837 | Success: 145528 | Failed: 6022 (64.5%)
Progress: 151600 / 234837 | Success: 145575 | Failed: 6025 (64.6%)
Progress: 151650 / 234837 | Success: 145621 | Failed: 6029 (64.6%)
Progress: 151700 / 234837 | Success: 145666 | Failed: 6034 (64.6%)
Progress: 151750 / 234837 | Success: 145713 | Failed: 6037 (64.6%)
Progress: 151800 / 234837 | Success: 145759 | Failed: 6041 (64.6%)
Progress: 151850 / 234837 | Success: 145805 | Failed: 6045 (64.7%)
Progress: 151900 / 234837 | Success: 145853 | Failed: 6047 (64.7%)
Progress: 151950 / 234837 | Success: 145901 | Failed: 6049 (64.7%)
Progress: 152000 / 234837 | Success: 145950 | Failed: 6050 (64.7%)
Progress: 152050 / 234837 | Success: 145998 | Failed: 6052 (64.7%)
Progress: 152100 / 234837 | Success: 146044 | Failed: 6056 (64.8%)
Progress: 152150 / 234837 | Success: 146088 | Failed: 6062 (64.8%)
Progress: 152200 / 234837 | Success: 146138 | Failed: 6062 (64.8%)
Progress: 152250 / 234837 | Success: 146187 | Failed: 6063 (64.8%)
Progress: 152300 / 234837 | Success: 146235 | Failed: 6065 (64.9%)
Progress: 152350 / 234837 | Success: 146284 | Failed: 6066 (64.9%)
Progress: 152400 / 234837 | Success: 146331 | Failed: 6069 (64.9%)
Progress: 152450 / 234837 | Success: 146375 | Failed: 6075 (64.9%)
Progress: 152500 / 234837 | Success: 146417 | Failed: 6083 (64.9%)
Progress: 152550 / 234837 | Success: 146455 | Failed: 6095 (65.0%)
Progress: 152600 / 234837 | Success: 146501 | Failed: 6099 (65.0%)
Progress: 152650 / 234837 | Success: 146547 | Failed: 6103 (65.0%)
Progress: 152700 / 234837 | Success: 146591 | Failed: 6109 (65.0%)
Progress: 152750 / 234837 | Success: 146638 | Failed: 6112 (65.0%)
Progress: 152800 / 234837 | Success: 146684 | Failed: 6116 (65.1%)
Progress: 152850 / 234837 | Success: 146728 | Failed: 6122 (65.1%)
Progress: 152900 / 234837 | Success: 146770 | Failed: 6130 (65.1%)
Progress: 152950 / 234837 | Success: 146820 | Failed: 6130 (65.1%)
Progress: 153000 / 234837 | Success: 146870 | Failed: 6130 (65.2%)
Progress: 153050 / 234837 | Success: 146919 | Failed: 6131 (65.2%)
Progress: 153100 / 234837 | Success: 146967 | Failed: 6133 (65.2%)
Progress: 153150 / 234837 | Success: 147014 | Failed: 6136 (65.2%)
Progress: 153200 / 234837 | Success: 147058 | Failed: 6142 (65.2%)
Progress: 153250 / 234837 | Success: 147098 | Failed: 6152 (65.3%)
Progress: 153300 / 234837 | Success: 147145 | Failed: 6155 (65.3%)
Progress: 153350 / 234837 | Success: 147191 | Failed: 6159 (65.3%)
Progress: 153400 / 234837 | Success: 147234 | Failed: 6166 (65.3%)
Progress: 153450 / 234837 | Success: 147276 | Failed: 6174 (65.3%)
Progress: 153500 / 234837 | Success: 147323 | Failed: 6177 (65.4%)
Progress: 153550 / 234837 | Success: 147367 | Failed: 6183 (65.4%)
Progress: 153600 / 234837 | Success: 147410 | Failed: 6190 (65.4%)
Progress: 153650 / 234837 | Success: 147457 | Failed: 6193 (65.4%)
Progress: 153700 / 234837 | Success: 147502 | Failed: 6198 (65.4%)
Progress: 153750 / 234837 | Success: 147546 | Failed: 6204 (65.5%)
Progress: 153800 / 234837 | Success: 147587 | Failed: 6213 (65.5%)
Progress: 153850 / 234837 | Success: 147633 | Failed: 6217 (65.5%)
Progress: 153900 / 234837 | Success: 147677 | Failed: 6223 (65.5%)
Progress: 153950 / 234837 | Success: 147717 | Failed: 6233 (65.6%)
Progress: 154000 / 234837 | Success: 147755 | Failed: 6245 (65.6%)
Progress: 154050 / 234837 | Success: 147802 | Failed: 6248 (65.6%)
Progress: 154100 / 234837 | Success: 147848 | Failed: 6252 (65.6%)
Progress: 154150 / 234837 | Success: 147893 | Failed: 6257 (65.6%)
Progress: 154200 / 234837 | Success: 147937 | Failed: 6263 (65.7%)
Progress: 154250 / 234837 | Success: 147976 | Failed: 6274 (65.7%)
Progress: 154300 / 234837 | Success: 148011 | Failed: 6289 (65.7%)
Progress: 154350 / 234837 | Success: 148044 | Failed: 6306 (65.7%)
Progress: 154400 / 234837 | Success: 148075 | Failed: 6325 (65.7%)
Progress: 154450 / 234837 | Success: 148122 | Failed: 6328 (65.8%)
Progress: 154500 / 234837 | Success: 148167 | Failed: 6333 (65.8%)
Progress: 154550 / 234837 | Success: 148212 | Failed: 6338 (65.8%)
Progress: 154600 / 234837 | Success: 148254 | Failed: 6346 (65.8%)
Progress: 154650 / 234837 | Success: 148303 | Failed: 6347 (65.9%)
Progress: 154700 / 234837 | Success: 148351 | Failed: 6349 (65.9%)
Progress: 154750 / 234837 | Success: 148399 | Failed: 6351 (65.9%)
Progress: 154800 / 234837 | Success: 148447 | Failed: 6353 (65.9%)
Progress: 154850 / 234837 | Success: 148495 | Failed: 6355 (65.9%)
Progress: 154900 / 234837 | Success: 148541 | Failed: 6359 (66.0%)
Progress: 154950 / 234837 | Success: 148585 | Failed: 6365 (66.0%)
Progress: 155000 / 234837 | Success: 148627 | Failed: 6373 (66.0%)
Progress: 155050 / 234837 | Success: 148665 | Failed: 6385 (66.0%)
Progress: 155100 / 234837 | Success: 148712 | Failed: 6388 (66.0%)
Progress: 155150 / 234837 | Success: 148758 | Failed: 6392 (66.1%)
Progress: 155200 / 234837 | Success: 148801 | Failed: 6399 (66.1%)
Progress: 155250 / 234837 | Success: 148850 | Failed: 6400 (66.1%)
Progress: 155300 / 234837 | Success: 148898 | Failed: 6402 (66.1%)
Progress: 155350 / 234837 | Success: 148942 | Failed: 6408 (66.2%)
Progress: 155400 / 234837 | Success: 148983 | Failed: 6417 (66.2%)
Progress: 155450 / 234837 | Success: 149032 | Failed: 6418 (66.2%)
Progress: 155500 / 234837 | Success: 149077 | Failed: 6423 (66.2%)
Progress: 155550 / 234837 | Success: 149119 | Failed: 6431 (66.2%)
Progress: 155600 / 234837 | Success: 149159 | Failed: 6441 (66.3%)
Progress: 155650 / 234837 | Success: 149209 | Failed: 6441 (66.3%)
Progress: 155700 / 234837 | Success: 149254 | Failed: 6446 (66.3%)
Progress: 155750 / 234837 | Success: 149297 | Failed: 6453 (66.3%)
Progress: 155800 / 234837 | Success: 149338 | Failed: 6462 (66.3%)
Progress: 155850 / 234837 | Success: 149382 | Failed: 6468 (66.4%)
Progress: 155900 / 234837 | Success: 149421 | Failed: 6479 (66.4%)
Progress: 155950 / 234837 | Success: 149469 | Failed: 6481 (66.4%)
Progress: 156000 / 234837 | Success: 149514 | Failed: 6486 (66.4%)
Progress: 156050 / 234837 | Success: 149556 | Failed: 6494 (66.5%)
Progress: 156100 / 234837 | Success: 149596 | Failed: 6504 (66.5%)
Progress: 156150 / 234837 | Success: 149643 | Failed: 6507 (66.5%)
Progress: 156200 / 234837 | Success: 149687 | Failed: 6513 (66.5%)
Progress: 156250 / 234837 | Success: 149729 | Failed: 6521 (66.5%)
Progress: 156300 / 234837 | Success: 149774 | Failed: 6526 (66.6%)
Progress: 156350 / 234837 | Success: 149815 | Failed: 6535 (66.6%)
Progress: 156400 / 234837 | Success: 149853 | Failed: 6547 (66.6%)
Progress: 156450 / 234837 | Success: 149890 | Failed: 6560 (66.6%)
Progress: 156500 / 234837 | Success: 149938 | Failed: 6562 (66.6%)
Progress: 156550 / 234837 | Success: 149984 | Failed: 6566 (66.7%)
Progress: 156600 / 234837 | Success: 150026 | Failed: 6574 (66.7%)
Progress: 156650 / 234837 | Success: 150074 | Failed: 6576 (66.7%)
Progress: 156700 / 234837 | Success: 150119 | Failed: 6581 (66.7%)
Progress: 156750 / 234837 | Success: 150161 | Failed: 6589 (66.7%)
Progress: 156800 / 234837 | Success: 150200 | Failed: 6600 (66.8%)
Progress: 156850 / 234837 | Success: 150248 | Failed: 6602 (66.8%)
Progress: 156900 / 234837 | Success: 150295 | Failed: 6605 (66.8%)
Progress: 156950 / 234837 | Success: 150340 | Failed: 6610 (66.8%)
Progress: 157000 / 234837 | Success: 150384 | Failed: 6616 (66.9%)
Progress: 157050 / 234837 | Success: 150434 | Failed: 6616 (66.9%)
Progress: 157100 / 234837 | Success: 150483 | Failed: 6617 (66.9%)
Progress: 157150 / 234837 | Success: 150532 | Failed: 6618 (66.9%)
Progress: 157200 / 234837 | Success: 150578 | Failed: 6622 (66.9%)
Progress: 157250 / 234837 | Success: 150625 | Failed: 6625 (67.0%)
Progress: 157300 / 234837 | Success: 150669 | Failed: 6631 (67.0%)
Progress: 157350 / 234837 | Success: 150710 | Failed: 6640 (67.0%)
Progress: 157400 / 234837 | Success: 150748 | Failed: 6652 (67.0%)
Progress: 157450 / 234837 | Success: 150786 | Failed: 6664 (67.0%)
Progress: 157500 / 234837 | Success: 150835 | Failed: 6665 (67.1%)
Progress: 157550 / 234837 | Success: 150879 | Failed: 6671 (67.1%)
Progress: 157600 / 234837 | Success: 150927 | Failed: 6673 (67.1%)
Progress: 157650 / 234837 | Success: 150973 | Failed: 6677 (67.1%)
Progress: 157700 / 234837 | Success: 151017 | Failed: 6683 (67.2%)
Progress: 157750 / 234837 | Success: 151058 | Failed: 6692 (67.2%)
Progress: 157800 / 234837 | Success: 151104 | Failed: 6696 (67.2%)
Progress: 157850 / 234837 | Success: 151147 | Failed: 6703 (67.2%)
Progress: 157900 / 234837 | Success: 151189 | Failed: 6711 (67.2%)
Progress: 157950 / 234837 | Success: 151236 | Failed: 6714 (67.3%)
Progress: 158000 / 234837 | Success: 151282 | Failed: 6718 (67.3%)
Progress: 158050 / 234837 | Success: 151328 | Failed: 6722 (67.3%)
Progress: 158100 / 234837 | Success: 151372 | Failed: 6728 (67.3%)
Progress: 158150 / 234837 | Success: 151419 | Failed: 6731 (67.3%)
Progress: 158200 / 234837 | Success: 151465 | Failed: 6735 (67.4%)
Progress: 158250 / 234837 | Success: 151509 | Failed: 6741 (67.4%)
Progress: 158300 / 234837 | Success: 151551 | Failed: 6749 (67.4%)
Progress: 158350 / 234837 | Success: 151592 | Failed: 6758 (67.4%)
Progress: 158400 / 234837 | Success: 151639 | Failed: 6761 (67.5%)
Progress: 158450 / 234837 | Success: 151684 | Failed: 6766 (67.5%)
Progress: 158500 / 234837 | Success: 151731 | Failed: 6769 (67.5%)
Progress: 158550 / 234837 | Success: 151776 | Failed: 6774 (67.5%)
Progress: 158600 / 234837 | Success: 151821 | Failed: 6779 (67.5%)
Progress: 158650 / 234837 | Success: 151866 | Failed: 6784 (67.6%)
Progress: 158700 / 234837 | Success: 151915 | Failed: 6785 (67.6%)
Progress: 158750 / 234837 | Success: 151963 | Failed: 6787 (67.6%)
Progress: 158800 / 234837 | Success: 152008 | Failed: 6792 (67.6%)
Progress: 158850 / 234837 | Success: 152055 | Failed: 6795 (67.6%)
Progress: 158900 / 234837 | Success: 152098 | Failed: 6802 (67.7%)
Progress: 158950 / 234837 | Success: 152138 | Failed: 6812 (67.7%)
Progress: 159000 / 234837 | Success: 152174 | Failed: 6826 (67.7%)
Progress: 159050 / 234837 | Success: 152220 | Failed: 6830 (67.7%)
Progress: 159100 / 234837 | Success: 152262 | Failed: 6838 (67.7%)
Progress: 159150 / 234837 | Success: 152303 | Failed: 6847 (67.8%)
Progress: 159200 / 234837 | Success: 152342 | Failed: 6858 (67.8%)
Progress: 159250 / 234837 | Success: 152390 | Failed: 6860 (67.8%)
Progress: 159300 / 234837 | Success: 152438 | Failed: 6862 (67.8%)
Progress: 159350 / 234837 | Success: 152485 | Failed: 6865 (67.9%)
Progress: 159400 / 234837 | Success: 152531 | Failed: 6869 (67.9%)
Progress: 159450 / 234837 | Success: 152575 | Failed: 6875 (67.9%)
Progress: 159500 / 234837 | Success: 152623 | Failed: 6877 (67.9%)
Progress: 159550 / 234837 | Success: 152666 | Failed: 6884 (67.9%)
Progress: 159600 / 234837 | Success: 152715 | Failed: 6885 (68.0%)
Progress: 159650 / 234837 | Success: 152764 | Failed: 6886 (68.0%)
Progress: 159700 / 234837 | Success: 152811 | Failed: 6889 (68.0%)
Progress: 159750 / 234837 | Success: 152857 | Failed: 6893 (68.0%)
Progress: 159800 / 234837 | Success: 152903 | Failed: 6897 (68.0%)
Progress: 159850 / 234837 | Success: 152948 | Failed: 6902 (68.1%)
Progress: 159900 / 234837 | Success: 152990 | Failed: 6910 (68.1%)
Progress: 159950 / 234837 | Success: 153037 | Failed: 6913 (68.1%)
Progress: 160000 / 234837 | Success: 153080 | Failed: 6920 (68.1%)
Progress: 160050 / 234837 | Success: 153120 | Failed: 6930 (68.2%)
Progress: 160100 / 234837 | Success: 153159 | Failed: 6941 (68.2%)
Progress: 160150 / 234837 | Success: 153196 | Failed: 6954 (68.2%)
Progress: 160200 / 234837 | Success: 153242 | Failed: 6958 (68.2%)
Progress: 160250 / 234837 | Success: 153285 | Failed: 6965 (68.2%)
Progress: 160300 / 234837 | Success: 153327 | Failed: 6973 (68.3%)
Progress: 160350 / 234837 | Success: 153368 | Failed: 6982 (68.3%)
Progress: 160400 / 234837 | Success: 153409 | Failed: 6991 (68.3%)
Progress: 160450 / 234837 | Success: 153457 | Failed: 6993 (68.3%)
Progress: 160500 / 234837 | Success: 153503 | Failed: 6997 (68.3%)
Progress: 160550 / 234837 | Success: 153548 | Failed: 7002 (68.4%)
Progress: 160600 / 234837 | Success: 153592 | Failed: 7008 (68.4%)
Progress: 160650 / 234837 | Success: 153641 | Failed: 7009 (68.4%)
Progress: 160700 / 234837 | Success: 153689 | Failed: 7011 (68.4%)
Progress: 160750 / 234837 | Success: 153736 | Failed: 7014 (68.5%)
Progress: 160800 / 234837 | Success: 153786 | Failed: 7014 (68.5%)
Progress: 160850 / 234837 | Success: 153835 | Failed: 7015 (68.5%)
Progress: 160900 / 234837 | Success: 153881 | Failed: 7019 (68.5%)
Progress: 160950 / 234837 | Success: 153929 | Failed: 7021 (68.5%)
Progress: 161000 / 234837 | Success: 153974 | Failed: 7026 (68.6%)
Progress: 161050 / 234837 | Success: 154015 | Failed: 7035 (68.6%)
Progress: 161100 / 234837 | Success: 154056 | Failed: 7044 (68.6%)
Progress: 161150 / 234837 | Success: 154104 | Failed: 7046 (68.6%)
Progress: 161200 / 234837 | Success: 154151 | Failed: 7049 (68.6%)
Progress: 161250 / 234837 | Success: 154196 | Failed: 7054 (68.7%)
Progress: 161300 / 234837 | Success: 154238 | Failed: 7062 (68.7%)
Progress: 161350 / 234837 | Success: 154287 | Failed: 7063 (68.7%)
Progress: 161400 / 234837 | Success: 154334 | Failed: 7066 (68.7%)
Progress: 161450 / 234837 | Success: 154379 | Failed: 7071 (68.7%)
Progress: 161500 / 234837 | Success: 154423 | Failed: 7077 (68.8%)
Progress: 161550 / 234837 | Success: 154473 | Failed: 7077 (68.8%)
Progress: 161600 / 234837 | Success: 154523 | Failed: 7077 (68.8%)
Progress: 161650 / 234837 | Success: 154571 | Failed: 7079 (68.8%)
Progress: 161700 / 234837 | Success: 154618 | Failed: 7082 (68.9%)
Progress: 161750 / 234837 | Success: 154665 | Failed: 7085 (68.9%)
Progress: 161800 / 234837 | Success: 154712 | Failed: 7088 (68.9%)
Progress: 161850 / 234837 | Success: 154758 | Failed: 7092 (68.9%)
Progress: 161900 / 234837 | Success: 154803 | Failed: 7097 (68.9%)
Progress: 161950 / 234837 | Success: 154848 | Failed: 7102 (69.0%)
Progress: 162000 / 234837 | Success: 154892 | Failed: 7108 (69.0%)
Progress: 162050 / 234837 | Success: 154937 | Failed: 7113 (69.0%)
Progress: 162100 / 234837 | Success: 154981 | Failed: 7119 (69.0%)
Progress: 162150 / 234837 | Success: 155024 | Failed: 7126 (69.0%)
Progress: 162200 / 234837 | Success: 155065 | Failed: 7135 (69.1%)
Progress: 162250 / 234837 | Success: 155115 | Failed: 7135 (69.1%)
Progress: 162300 / 234837 | Success: 155164 | Failed: 7136 (69.1%)
Progress: 162350 / 234837 | Success: 155212 | Failed: 7138 (69.1%)
Progress: 162400 / 234837 | Success: 155259 | Failed: 7141 (69.2%)
Progress: 162450 / 234837 | Success: 155308 | Failed: 7142 (69.2%)
Progress: 162500 / 234837 | Success: 155357 | Failed: 7143 (69.2%)
Progress: 162550 / 234837 | Success: 155406 | Failed: 7144 (69.2%)
Progress: 162600 / 234837 | Success: 155455 | Failed: 7145 (69.2%)
Progress: 162650 / 234837 | Success: 155505 | Failed: 7145 (69.3%)
Progress: 162700 / 234837 | Success: 155553 | Failed: 7147 (69.3%)
Progress: 162750 / 234837 | Success: 155599 | Failed: 7151 (69.3%)
Progress: 162800 / 234837 | Success: 155644 | Failed: 7156 (69.3%)
Progress: 162850 / 234837 | Success: 155689 | Failed: 7161 (69.3%)
Progress: 162900 / 234837 | Success: 155739 | Failed: 7161 (69.4%)
Progress: 162950 / 234837 | Success: 155786 | Failed: 7164 (69.4%)
Progress: 163000 / 234837 | Success: 155832 | Failed: 7168 (69.4%)
Progress: 163050 / 234837 | Success: 155882 | Failed: 7168 (69.4%)
Progress: 163100 / 234837 | Success: 155932 | Failed: 7168 (69.5%)
Progress: 163150 / 234837 | Success: 155978 | Failed: 7172 (69.5%)
Progress: 163200 / 234837 | Success: 156022 | Failed: 7178 (69.5%)
Progress: 163250 / 234837 | Success: 156072 | Failed: 7178 (69.5%)
Progress: 163300 / 234837 | Success: 156122 | Failed: 7178 (69.5%)
Progress: 163350 / 234837 | Success: 156172 | Failed: 7178 (69.6%)
Progress: 163400 / 234837 | Success: 156220 | Failed: 7180 (69.6%)
Progress: 163450 / 234837 | Success: 156268 | Failed: 7182 (69.6%)
Progress: 163500 / 234837 | Success: 156315 | Failed: 7185 (69.6%)
Progress: 163550 / 234837 | Success: 156362 | Failed: 7188 (69.6%)
Progress: 163600 / 234837 | Success: 156409 | Failed: 7191 (69.7%)
Progress: 163650 / 234837 | Success: 156458 | Failed: 7192 (69.7%)
Progress: 163700 / 234837 | Success: 156506 | Failed: 7194 (69.7%)
Progress: 163750 / 234837 | Success: 156554 | Failed: 7196 (69.7%)
Progress: 163800 / 234837 | Success: 156601 | Failed: 7199 (69.8%)
Progress: 163850 / 234837 | Success: 156646 | Failed: 7204 (69.8%)
Progress: 163900 / 234837 | Success: 156693 | Failed: 7207 (69.8%)
Progress: 163950 / 234837 | Success: 156737 | Failed: 7213 (69.8%)
Progress: 164000 / 234837 | Success: 156778 | Failed: 7222 (69.8%)
Progress: 164050 / 234837 | Success: 156818 | Failed: 7232 (69.9%)
Progress: 164100 / 234837 | Success: 156863 | Failed: 7237 (69.9%)
Progress: 164150 / 234837 | Success: 156906 | Failed: 7244 (69.9%)
Progress: 164200 / 234837 | Success: 156945 | Failed: 7255 (69.9%)
Progress: 164250 / 234837 | Success: 156994 | Failed: 7256 (69.9%)
Progress: 164300 / 234837 | Success: 157039 | Failed: 7261 (70.0%)
Progress: 164350 / 234837 | Success: 157083 | Failed: 7267 (70.0%)
Progress: 164400 / 234837 | Success: 157125 | Failed: 7275 (70.0%)
Progress: 164450 / 234837 | Success: 157172 | Failed: 7278 (70.0%)
Progress: 164500 / 234837 | Success: 157217 | Failed: 7283 (70.0%)
Progress: 164550 / 234837 | Success: 157262 | Failed: 7288 (70.1%)
Progress: 164600 / 234837 | Success: 157307 | Failed: 7293 (70.1%)
Progress: 164650 / 234837 | Success: 157352 | Failed: 7298 (70.1%)
Progress: 164700 / 234837 | Success: 157399 | Failed: 7301 (70.1%)
Progress: 164750 / 234837 | Success: 157444 | Failed: 7306 (70.2%)
Progress: 164800 / 234837 | Success: 157488 | Failed: 7312 (70.2%)
Progress: 164850 / 234837 | Success: 157530 | Failed: 7320 (70.2%)
Progress: 164900 / 234837 | Success: 157572 | Failed: 7328 (70.2%)
Progress: 164950 / 234837 | Success: 157621 | Failed: 7329 (70.2%)
Progress: 165000 / 234837 | Success: 157668 | Failed: 7332 (70.3%)
Progress: 165050 / 234837 | Success: 157713 | Failed: 7337 (70.3%)
Progress: 165100 / 234837 | Success: 157756 | Failed: 7344 (70.3%)
Progress: 165150 / 234837 | Success: 157805 | Failed: 7345 (70.3%)
Progress: 165200 / 234837 | Success: 157853 | Failed: 7347 (70.3%)
Progress: 165250 / 234837 | Success: 157900 | Failed: 7350 (70.4%)
Progress: 165300 / 234837 | Success: 157947 | Failed: 7353 (70.4%)
Progress: 165350 / 234837 | Success: 157994 | Failed: 7356 (70.4%)
Progress: 165400 / 234837 | Success: 158040 | Failed: 7360 (70.4%)
Progress: 165450 / 234837 | Success: 158085 | Failed: 7365 (70.5%)
Progress: 165500 / 234837 | Success: 158126 | Failed: 7374 (70.5%)
Progress: 165550 / 234837 | Success: 158172 | Failed: 7378 (70.5%)
Progress: 165600 / 234837 | Success: 158218 | Failed: 7382 (70.5%)
Progress: 165650 / 234837 | Success: 158263 | Failed: 7387 (70.5%)
Progress: 165700 / 234837 | Success: 158306 | Failed: 7394 (70.6%)
Progress: 165750 / 234837 | Success: 158348 | Failed: 7402 (70.6%)
Progress: 165800 / 234837 | Success: 158395 | Failed: 7405 (70.6%)
Progress: 165850 / 234837 | Success: 158442 | Failed: 7408 (70.6%)
Progress: 165900 / 234837 | Success: 158488 | Failed: 7412 (70.6%)
Progress: 165950 / 234837 | Success: 158533 | Failed: 7417 (70.7%)
Progress: 166000 / 234837 | Success: 158581 | Failed: 7419 (70.7%)
Progress: 166050 / 234837 | Success: 158628 | Failed: 7422 (70.7%)
Progress: 166100 / 234837 | Success: 158672 | Failed: 7428 (70.7%)
Progress: 166150 / 234837 | Success: 158711 | Failed: 7439 (70.8%)
Progress: 166200 / 234837 | Success: 158750 | Failed: 7450 (70.8%)
Progress: 166250 / 234837 | Success: 158799 | Failed: 7451 (70.8%)
Progress: 166300 / 234837 | Success: 158845 | Failed: 7455 (70.8%)
Progress: 166350 / 234837 | Success: 158890 | Failed: 7460 (70.8%)
Progress: 166400 / 234837 | Success: 158934 | Failed: 7466 (70.9%)
Progress: 166450 / 234837 | Success: 158983 | Failed: 7467 (70.9%)
Progress: 166500 / 234837 | Success: 159030 | Failed: 7470 (70.9%)
Progress: 166550 / 234837 | Success: 159075 | Failed: 7475 (70.9%)
Progress: 166600 / 234837 | Success: 159119 | Failed: 7481 (70.9%)
Progress: 166650 / 234837 | Success: 159161 | Failed: 7489 (71.0%)
Progress: 166700 / 234837 | Success: 159208 | Failed: 7492 (71.0%)
Progress: 166750 / 234837 | Success: 159254 | Failed: 7496 (71.0%)
Progress: 166800 / 234837 | Success: 159297 | Failed: 7503 (71.0%)
Progress: 166850 / 234837 | Success: 159337 | Failed: 7513 (71.0%)
Progress: 166900 / 234837 | Success: 159385 | Failed: 7515 (71.1%)
Progress: 166950 / 234837 | Success: 159431 | Failed: 7519 (71.1%)
Progress: 167000 / 234837 | Success: 159476 | Failed: 7524 (71.1%)
Progress: 167050 / 234837 | Success: 159518 | Failed: 7532 (71.1%)
Progress: 167100 / 234837 | Success: 159567 | Failed: 7533 (71.2%)
Progress: 167150 / 234837 | Success: 159614 | Failed: 7536 (71.2%)
Progress: 167200 / 234837 | Success: 159660 | Failed: 7540 (71.2%)
Progress: 167250 / 234837 | Success: 159706 | Failed: 7544 (71.2%)
Progress: 167300 / 234837 | Success: 159752 | Failed: 7548 (71.2%)
Progress: 167350 / 234837 | Success: 159801 | Failed: 7549 (71.3%)
Progress: 167400 / 234837 | Success: 159850 | Failed: 7550 (71.3%)
Progress: 167450 / 234837 | Success: 159899 | Failed: 7551 (71.3%)
Progress: 167500 / 234837 | Success: 159947 | Failed: 7553 (71.3%)
Progress: 167550 / 234837 | Success: 159994 | Failed: 7556 (71.3%)
Progress: 167600 / 234837 | Success: 160040 | Failed: 7560 (71.4%)
Progress: 167650 / 234837 | Success: 160083 | Failed: 7567 (71.4%)
Progress: 167700 / 234837 | Success: 160125 | Failed: 7575 (71.4%)
Progress: 167750 / 234837 | Success: 160174 | Failed: 7576 (71.4%)
Progress: 167800 / 234837 | Success: 160221 | Failed: 7579 (71.5%)
Progress: 167850 / 234837 | Success: 160269 | Failed: 7581 (71.5%)
Progress: 167900 / 234837 | Success: 160316 | Failed: 7584 (71.5%)
Progress: 167950 / 234837 | Success: 160362 | Failed: 7588 (71.5%)
Progress: 168000 / 234837 | Success: 160405 | Failed: 7595 (71.5%)
Progress: 168050 / 234837 | Success: 160447 | Failed: 7603 (71.6%)
Progress: 168100 / 234837 | Success: 160494 | Failed: 7606 (71.6%)
Progress: 168150 / 234837 | Success: 160541 | Failed: 7609 (71.6%)
Progress: 168200 / 234837 | Success: 160588 | Failed: 7612 (71.6%)
Progress: 168250 / 234837 | Success: 160635 | Failed: 7615 (71.6%)
Progress: 168300 / 234837 | Success: 160684 | Failed: 7616 (71.7%)
Progress: 168350 / 234837 | Success: 160732 | Failed: 7618 (71.7%)
Progress: 168400 / 234837 | Success: 160780 | Failed: 7620 (71.7%)
Progress: 168450 / 234837 | Success: 160826 | Failed: 7624 (71.7%)
Progress: 168500 / 234837 | Success: 160876 | Failed: 7624 (71.8%)
Progress: 168550 / 234837 | Success: 160923 | Failed: 7627 (71.8%)
Progress: 168600 / 234837 | Success: 160968 | Failed: 7632 (71.8%)
Progress: 168650 / 234837 | Success: 161011 | Failed: 7639 (71.8%)
Progress: 168700 / 234837 | Success: 161059 | Failed: 7641 (71.8%)
Progress: 168750 / 234837 | Success: 161105 | Failed: 7645 (71.9%)
Progress: 168800 / 234837 | Success: 161151 | Failed: 7649 (71.9%)
Progress: 168850 / 234837 | Success: 161196 | Failed: 7654 (71.9%)
Progress: 168900 / 234837 | Success: 161241 | Failed: 7659 (71.9%)
Progress: 168950 / 234837 | Success: 161291 | Failed: 7659 (71.9%)
Progress: 169000 / 234837 | Success: 161340 | Failed: 7660 (72.0%)
Progress: 169050 / 234837 | Success: 161387 | Failed: 7663 (72.0%)
Progress: 169100 / 234837 | Success: 161433 | Failed: 7667 (72.0%)
Progress: 169150 / 234837 | Success: 161483 | Failed: 7667 (72.0%)
Progress: 169200 / 234837 | Success: 161530 | Failed: 7670 (72.0%)
Progress: 169250 / 234837 | Success: 161576 | Failed: 7674 (72.1%)
Progress: 169300 / 234837 | Success: 161621 | Failed: 7679 (72.1%)
Progress: 169350 / 234837 | Success: 161668 | Failed: 7682 (72.1%)
Progress: 169400 / 234837 | Success: 161714 | Failed: 7686 (72.1%)
Progress: 169450 / 234837 | Success: 161760 | Failed: 7690 (72.2%)
Progress: 169500 / 234837 | Success: 161807 | Failed: 7693 (72.2%)
Progress: 169550 / 234837 | Success: 161853 | Failed: 7697 (72.2%)
Progress: 169600 / 234837 | Success: 161898 | Failed: 7702 (72.2%)
Progress: 169650 / 234837 | Success: 161943 | Failed: 7707 (72.2%)
Progress: 169700 / 234837 | Success: 161992 | Failed: 7708 (72.3%)
Progress: 169750 / 234837 | Success: 162038 | Failed: 7712 (72.3%)
Progress: 169800 / 234837 | Success: 162083 | Failed: 7717 (72.3%)
Progress: 169850 / 234837 | Success: 162128 | Failed: 7722 (72.3%)
Progress: 169900 / 234837 | Success: 162177 | Failed: 7723 (72.3%)
Progress: 169950 / 234837 | Success: 162223 | Failed: 7727 (72.4%)
Progress: 170000 / 234837 | Success: 162269 | Failed: 7731 (72.4%)
Progress: 170050 / 234837 | Success: 162313 | Failed: 7737 (72.4%)
Progress: 170100 / 234837 | Success: 162357 | Failed: 7743 (72.4%)
Progress: 170150 / 234837 | Success: 162405 | Failed: 7745 (72.5%)
Progress: 170200 / 234837 | Success: 162452 | Failed: 7748 (72.5%)
Progress: 170250 / 234837 | Success: 162498 | Failed: 7752 (72.5%)
Progress: 170300 / 234837 | Success: 162543 | Failed: 7757 (72.5%)
Progress: 170350 / 234837 | Success: 162592 | Failed: 7758 (72.5%)
Progress: 170400 / 234837 | Success: 162641 | Failed: 7759 (72.6%)
Progress: 170450 / 234837 | Success: 162689 | Failed: 7761 (72.6%)
Progress: 170500 / 234837 | Success: 162734 | Failed: 7766 (72.6%)
Progress: 170550 / 234837 | Success: 162783 | Failed: 7767 (72.6%)
Progress: 170600 / 234837 | Success: 162831 | Failed: 7769 (72.6%)
Progress: 170650 / 234837 | Success: 162879 | Failed: 7771 (72.7%)
Progress: 170700 / 234837 | Success: 162926 | Failed: 7774 (72.7%)
Progress: 170750 / 234837 | Success: 162973 | Failed: 7777 (72.7%)
Progress: 170800 / 234837 | Success: 163020 | Failed: 7780 (72.7%)
Progress: 170850 / 234837 | Success: 163065 | Failed: 7785 (72.8%)
Progress: 170900 / 234837 | Success: 163114 | Failed: 7786 (72.8%)
Progress: 170950 / 234837 | Success: 163162 | Failed: 7788 (72.8%)
Progress: 171000 / 234837 | Success: 163210 | Failed: 7790 (72.8%)
Progress: 171050 / 234837 | Success: 163258 | Failed: 7792 (72.8%)
Progress: 171100 / 234837 | Success: 163307 | Failed: 7793 (72.9%)
Progress: 171150 / 234837 | Success: 163354 | Failed: 7796 (72.9%)
Progress: 171200 / 234837 | Success: 163399 | Failed: 7801 (72.9%)
Progress: 171250 / 234837 | Success: 163443 | Failed: 7807 (72.9%)
Progress: 171300 / 234837 | Success: 163486 | Failed: 7814 (72.9%)
Progress: 171350 / 234837 | Success: 163536 | Failed: 7814 (73.0%)
Progress: 171400 / 234837 | Success: 163585 | Failed: 7815 (73.0%)
Progress: 171450 / 234837 | Success: 163632 | Failed: 7818 (73.0%)
Progress: 171500 / 234837 | Success: 163681 | Failed: 7819 (73.0%)
Progress: 171550 / 234837 | Success: 163730 | Failed: 7820 (73.1%)
Progress: 171600 / 234837 | Success: 163779 | Failed: 7821 (73.1%)
Progress: 171650 / 234837 | Success: 163827 | Failed: 7823 (73.1%)
Progress: 171700 / 234837 | Success: 163875 | Failed: 7825 (73.1%)
Progress: 171750 / 234837 | Success: 163924 | Failed: 7826 (73.1%)
Progress: 171800 / 234837 | Success: 163973 | Failed: 7827 (73.2%)
Progress: 171850 / 234837 | Success: 164022 | Failed: 7828 (73.2%)
Progress: 171900 / 234837 | Success: 164072 | Failed: 7828 (73.2%)
Progress: 171950 / 234837 | Success: 164122 | Failed: 7828 (73.2%)
Progress: 172000 / 234837 | Success: 164172 | Failed: 7828 (73.2%)
Progress: 172050 / 234837 | Success: 164222 | Failed: 7828 (73.3%)
Progress: 172100 / 234837 | Success: 164271 | Failed: 7829 (73.3%)
Progress: 172150 / 234837 | Success: 164319 | Failed: 7831 (73.3%)
Progress: 172200 / 234837 | Success: 164365 | Failed: 7835 (73.3%)
Progress: 172250 / 234837 | Success: 164415 | Failed: 7835 (73.3%)
Progress: 172300 / 234837 | Success: 164465 | Failed: 7835 (73.4%)
Progress: 172350 / 234837 | Success: 164513 | Failed: 7837 (73.4%)
Progress: 172400 / 234837 | Success: 164561 | Failed: 7839 (73.4%)
Progress: 172450 / 234837 | Success: 164611 | Failed: 7839 (73.4%)
Progress: 172500 / 234837 | Success: 164661 | Failed: 7839 (73.5%)
Progress: 172550 / 234837 | Success: 164711 | Failed: 7839 (73.5%)
Progress: 172600 / 234837 | Success: 164761 | Failed: 7839 (73.5%)
Progress: 172650 / 234837 | Success: 164811 | Failed: 7839 (73.5%)
Progress: 172700 / 234837 | Success: 164860 | Failed: 7840 (73.5%)
Progress: 172750 / 234837 | Success: 164909 | Failed: 7841 (73.6%)
Progress: 172800 / 234837 | Success: 164958 | Failed: 7842 (73.6%)
Progress: 172850 / 234837 | Success: 165008 | Failed: 7842 (73.6%)
Progress: 172900 / 234837 | Success: 165058 | Failed: 7842 (73.6%)
Progress: 172950 / 234837 | Success: 165107 | Failed: 7843 (73.6%)
Progress: 173000 / 234837 | Success: 165157 | Failed: 7843 (73.7%)
Progress: 173050 / 234837 | Success: 165207 | Failed: 7843 (73.7%)
Progress: 173100 / 234837 | Success: 165257 | Failed: 7843 (73.7%)
Progress: 173150 / 234837 | Success: 165307 | Failed: 7843 (73.7%)
Progress: 173200 / 234837 | Success: 165357 | Failed: 7843 (73.8%)
Progress: 173250 / 234837 | Success: 165407 | Failed: 7843 (73.8%)
Progress: 173300 / 234837 | Success: 165457 | Failed: 7843 (73.8%)
Progress: 173350 / 234837 | Success: 165507 | Failed: 7843 (73.8%)
Progress: 173400 / 234837 | Success: 165557 | Failed: 7843 (73.8%)
Progress: 173450 / 234837 | Success: 165607 | Failed: 7843 (73.9%)
Progress: 173500 / 234837 | Success: 165657 | Failed: 7843 (73.9%)
Progress: 173550 / 234837 | Success: 165707 | Failed: 7843 (73.9%)
Progress: 173600 / 234837 | Success: 165757 | Failed: 7843 (73.9%)
Progress: 173650 / 234837 | Success: 165807 | Failed: 7843 (73.9%)
Progress: 173700 / 234837 | Success: 165857 | Failed: 7843 (74.0%)
Progress: 173750 / 234837 | Success: 165906 | Failed: 7844 (74.0%)
Progress: 173800 / 234837 | Success: 165954 | Failed: 7846 (74.0%)
Progress: 173850 / 234837 | Success: 166003 | Failed: 7847 (74.0%)
Progress: 173900 / 234837 | Success: 166051 | Failed: 7849 (74.1%)
Progress: 173950 / 234837 | Success: 166099 | Failed: 7851 (74.1%)
Progress: 174000 / 234837 | Success: 166149 | Failed: 7851 (74.1%)
Progress: 174050 / 234837 | Success: 166199 | Failed: 7851 (74.1%)
Progress: 174100 / 234837 | Success: 166248 | Failed: 7852 (74.1%)
Progress: 174150 / 234837 | Success: 166297 | Failed: 7853 (74.2%)
Progress: 174200 / 234837 | Success: 166347 | Failed: 7853 (74.2%)
Progress: 174250 / 234837 | Success: 166397 | Failed: 7853 (74.2%)
Progress: 174300 / 234837 | Success: 166447 | Failed: 7853 (74.2%)
Progress: 174350 / 234837 | Success: 166497 | Failed: 7853 (74.2%)
Progress: 174400 / 234837 | Success: 166544 | Failed: 7856 (74.3%)
Progress: 174450 / 234837 | Success: 166590 | Failed: 7860 (74.3%)
Progress: 174500 / 234837 | Success: 166635 | Failed: 7865 (74.3%)
Progress: 174550 / 234837 | Success: 166680 | Failed: 7870 (74.3%)
Progress: 174600 / 234837 | Success: 166724 | Failed: 7876 (74.3%)
Progress: 174650 / 234837 | Success: 166774 | Failed: 7876 (74.4%)
Progress: 174700 / 234837 | Success: 166824 | Failed: 7876 (74.4%)
Progress: 174750 / 234837 | Success: 166874 | Failed: 7876 (74.4%)
Progress: 174800 / 234837 | Success: 166922 | Failed: 7878 (74.4%)
Progress: 174850 / 234837 | Success: 166970 | Failed: 7880 (74.5%)
Progress: 174900 / 234837 | Success: 167017 | Failed: 7883 (74.5%)
Progress: 174950 / 234837 | Success: 167064 | Failed: 7886 (74.5%)
Progress: 175000 / 234837 | Success: 167112 | Failed: 7888 (74.5%)
Progress: 175050 / 234837 | Success: 167157 | Failed: 7893 (74.5%)
Progress: 175100 / 234837 | Success: 167201 | Failed: 7899 (74.6%)
Progress: 175150 / 234837 | Success: 167243 | Failed: 7907 (74.6%)
Progress: 175200 / 234837 | Success: 167283 | Failed: 7917 (74.6%)
Progress: 175250 / 234837 | Success: 167331 | Failed: 7919 (74.6%)
Progress: 175300 / 234837 | Success: 167376 | Failed: 7924 (74.6%)
Progress: 175350 / 234837 | Success: 167426 | Failed: 7924 (74.7%)
Progress: 175400 / 234837 | Success: 167473 | Failed: 7927 (74.7%)
Progress: 175450 / 234837 | Success: 167519 | Failed: 7931 (74.7%)
Progress: 175500 / 234837 | Success: 167565 | Failed: 7935 (74.7%)
Progress: 175550 / 234837 | Success: 167609 | Failed: 7941 (74.8%)
Progress: 175600 / 234837 | Success: 167655 | Failed: 7945 (74.8%)
Progress: 175650 / 234837 | Success: 167699 | Failed: 7951 (74.8%)
Progress: 175700 / 234837 | Success: 167749 | Failed: 7951 (74.8%)
Progress: 175750 / 234837 | Success: 167799 | Failed: 7951 (74.8%)
Progress: 175800 / 234837 | Success: 167849 | Failed: 7951 (74.9%)
Progress: 175850 / 234837 | Success: 167898 | Failed: 7952 (74.9%)
Progress: 175900 / 234837 | Success: 167948 | Failed: 7952 (74.9%)
Progress: 175950 / 234837 | Success: 167998 | Failed: 7952 (74.9%)
Progress: 176000 / 234837 | Success: 168048 | Failed: 7952 (74.9%)
Progress: 176050 / 234837 | Success: 168097 | Failed: 7953 (75.0%)
Progress: 176100 / 234837 | Success: 168147 | Failed: 7953 (75.0%)
Progress: 176150 / 234837 | Success: 168197 | Failed: 7953 (75.0%)
Progress: 176200 / 234837 | Success: 168247 | Failed: 7953 (75.0%)
Progress: 176250 / 234837 | Success: 168297 | Failed: 7953 (75.1%)
Progress: 176300 / 234837 | Success: 168347 | Failed: 7953 (75.1%)
Progress: 176350 / 234837 | Success: 168397 | Failed: 7953 (75.1%)
Progress: 176400 / 234837 | Success: 168444 | Failed: 7956 (75.1%)
Progress: 176450 / 234837 | Success: 168491 | Failed: 7959 (75.1%)
Progress: 176500 / 234837 | Success: 168537 | Failed: 7963 (75.2%)
Progress: 176550 / 234837 | Success: 168583 | Failed: 7967 (75.2%)
Progress: 176600 / 234837 | Success: 168629 | Failed: 7971 (75.2%)
Progress: 176650 / 234837 | Success: 168679 | Failed: 7971 (75.2%)
Progress: 176700 / 234837 | Success: 168729 | Failed: 7971 (75.2%)
Progress: 176750 / 234837 | Success: 168779 | Failed: 7971 (75.3%)
Progress: 176800 / 234837 | Success: 168829 | Failed: 7971 (75.3%)
Progress: 176850 / 234837 | Success: 168879 | Failed: 7971 (75.3%)
Progress: 176900 / 234837 | Success: 168929 | Failed: 7971 (75.3%)
Progress: 176950 / 234837 | Success: 168979 | Failed: 7971 (75.4%)
Progress: 177000 / 234837 | Success: 169029 | Failed: 7971 (75.4%)
Progress: 177050 / 234837 | Success: 169079 | Failed: 7971 (75.4%)
Progress: 177100 / 234837 | Success: 169129 | Failed: 7971 (75.4%)
Progress: 177150 / 234837 | Success: 169178 | Failed: 7972 (75.4%)
Progress: 177200 / 234837 | Success: 169227 | Failed: 7973 (75.5%)
Progress: 177250 / 234837 | Success: 169277 | Failed: 7973 (75.5%)
Progress: 177300 / 234837 | Success: 169327 | Failed: 7973 (75.5%)
Progress: 177350 / 234837 | Success: 169377 | Failed: 7973 (75.5%)
Progress: 177400 / 234837 | Success: 169427 | Failed: 7973 (75.5%)
Progress: 177450 / 234837 | Success: 169476 | Failed: 7974 (75.6%)
Progress: 177500 / 234837 | Success: 169525 | Failed: 7975 (75.6%)
Progress: 177550 / 234837 | Success: 169573 | Failed: 7977 (75.6%)
Progress: 177600 / 234837 | Success: 169623 | Failed: 7977 (75.6%)
Progress: 177650 / 234837 | Success: 169673 | Failed: 7977 (75.6%)
Progress: 177700 / 234837 | Success: 169723 | Failed: 7977 (75.7%)
Progress: 177750 / 234837 | Success: 169773 | Failed: 7977 (75.7%)
Progress: 177800 / 234837 | Success: 169823 | Failed: 7977 (75.7%)
Progress: 177850 / 234837 | Success: 169873 | Failed: 7977 (75.7%)
Progress: 177900 / 234837 | Success: 169921 | Failed: 7979 (75.8%)
Progress: 177950 / 234837 | Success: 169967 | Failed: 7983 (75.8%)
Progress: 178000 / 234837 | Success: 170016 | Failed: 7984 (75.8%)
Progress: 178050 / 234837 | Success: 170064 | Failed: 7986 (75.8%)
Progress: 178100 / 234837 | Success: 170111 | Failed: 7989 (75.8%)
Progress: 178150 / 234837 | Success: 170158 | Failed: 7992 (75.9%)
Progress: 178200 / 234837 | Success: 170207 | Failed: 7993 (75.9%)
Progress: 178250 / 234837 | Success: 170252 | Failed: 7998 (75.9%)
Progress: 178300 / 234837 | Success: 170295 | Failed: 8005 (75.9%)
Progress: 178350 / 234837 | Success: 170338 | Failed: 8012 (75.9%)
Progress: 178400 / 234837 | Success: 170381 | Failed: 8019 (76.0%)
Progress: 178450 / 234837 | Success: 170431 | Failed: 8019 (76.0%)
Progress: 178500 / 234837 | Success: 170481 | Failed: 8019 (76.0%)
Progress: 178550 / 234837 | Success: 170531 | Failed: 8019 (76.0%)
Progress: 178600 / 234837 | Success: 170580 | Failed: 8020 (76.1%)
Progress: 178650 / 234837 | Success: 170628 | Failed: 8022 (76.1%)
Progress: 178700 / 234837 | Success: 170676 | Failed: 8024 (76.1%)
Progress: 178750 / 234837 | Success: 170722 | Failed: 8028 (76.1%)
Progress: 178800 / 234837 | Success: 170766 | Failed: 8034 (76.1%)
Progress: 178850 / 234837 | Success: 170815 | Failed: 8035 (76.2%)
Progress: 178900 / 234837 | Success: 170863 | Failed: 8037 (76.2%)
Progress: 178950 / 234837 | Success: 170911 | Failed: 8039 (76.2%)
Progress: 179000 / 234837 | Success: 170957 | Failed: 8043 (76.2%)
Progress: 179050 / 234837 | Success: 171007 | Failed: 8043 (76.2%)
Progress: 179100 / 234837 | Success: 171057 | Failed: 8043 (76.3%)
Progress: 179150 / 234837 | Success: 171107 | Failed: 8043 (76.3%)
Progress: 179200 / 234837 | Success: 171157 | Failed: 8043 (76.3%)
Progress: 179250 / 234837 | Success: 171205 | Failed: 8045 (76.3%)
Progress: 179300 / 234837 | Success: 171252 | Failed: 8048 (76.4%)
Progress: 179350 / 234837 | Success: 171299 | Failed: 8051 (76.4%)
Progress: 179400 / 234837 | Success: 171345 | Failed: 8055 (76.4%)
Progress: 179450 / 234837 | Success: 171391 | Failed: 8059 (76.4%)
Progress: 179500 / 234837 | Success: 171438 | Failed: 8062 (76.4%)
Progress: 179550 / 234837 | Success: 171485 | Failed: 8065 (76.5%)
Progress: 179600 / 234837 | Success: 171532 | Failed: 8068 (76.5%)
Progress: 179650 / 234837 | Success: 171580 | Failed: 8070 (76.5%)
Progress: 179700 / 234837 | Success: 171627 | Failed: 8073 (76.5%)
Progress: 179750 / 234837 | Success: 171674 | Failed: 8076 (76.5%)
Progress: 179800 / 234837 | Success: 171719 | Failed: 8081 (76.6%)
Progress: 179850 / 234837 | Success: 171768 | Failed: 8082 (76.6%)
Progress: 179900 / 234837 | Success: 171817 | Failed: 8083 (76.6%)
Progress: 179950 / 234837 | Success: 171865 | Failed: 8085 (76.6%)
Progress: 180000 / 234837 | Success: 171913 | Failed: 8087 (76.6%)
Progress: 180050 / 234837 | Success: 171959 | Failed: 8091 (76.7%)
Progress: 180100 / 234837 | Success: 172004 | Failed: 8096 (76.7%)
Progress: 180150 / 234837 | Success: 172046 | Failed: 8104 (76.7%)
Progress: 180200 / 234837 | Success: 172095 | Failed: 8105 (76.7%)
Progress: 180250 / 234837 | Success: 172143 | Failed: 8107 (76.8%)
Progress: 180300 / 234837 | Success: 172190 | Failed: 8110 (76.8%)
Progress: 180350 / 234837 | Success: 172237 | Failed: 8113 (76.8%)
Progress: 180400 / 234837 | Success: 172283 | Failed: 8117 (76.8%)
Progress: 180450 / 234837 | Success: 172332 | Failed: 8118 (76.8%)
Progress: 180500 / 234837 | Success: 172373 | Failed: 8127 (76.9%)
Progress: 180550 / 234837 | Success: 172412 | Failed: 8138 (76.9%)
Progress: 180600 / 234837 | Success: 172450 | Failed: 8150 (76.9%)
Progress: 180650 / 234837 | Success: 172500 | Failed: 8150 (76.9%)
Progress: 180700 / 234837 | Success: 172550 | Failed: 8150 (76.9%)
Progress: 180750 / 234837 | Success: 172598 | Failed: 8152 (77.0%)
Progress: 180800 / 234837 | Success: 172645 | Failed: 8155 (77.0%)
Progress: 180850 / 234837 | Success: 172693 | Failed: 8157 (77.0%)
Progress: 180900 / 234837 | Success: 172740 | Failed: 8160 (77.0%)
Progress: 180950 / 234837 | Success: 172787 | Failed: 8163 (77.1%)
Progress: 181000 / 234837 | Success: 172834 | Failed: 8166 (77.1%)
Progress: 181050 / 234837 | Success: 172884 | Failed: 8166 (77.1%)
Progress: 181100 / 234837 | Success: 172933 | Failed: 8167 (77.1%)
Progress: 181150 / 234837 | Success: 172981 | Failed: 8169 (77.1%)
Progress: 181200 / 234837 | Success: 173025 | Failed: 8175 (77.2%)
Progress: 181250 / 234837 | Success: 173069 | Failed: 8181 (77.2%)
Progress: 181300 / 234837 | Success: 173118 | Failed: 8182 (77.2%)
Progress: 181350 / 234837 | Success: 173165 | Failed: 8185 (77.2%)
Progress: 181400 / 234837 | Success: 173214 | Failed: 8186 (77.2%)
Progress: 181450 / 234837 | Success: 173262 | Failed: 8188 (77.3%)
Progress: 181500 / 234837 | Success: 173309 | Failed: 8191 (77.3%)
Progress: 181550 / 234837 | Success: 173355 | Failed: 8195 (77.3%)
Progress: 181600 / 234837 | Success: 173400 | Failed: 8200 (77.3%)
Progress: 181650 / 234837 | Success: 173446 | Failed: 8204 (77.4%)
Progress: 181700 / 234837 | Success: 173490 | Failed: 8210 (77.4%)
Progress: 181750 / 234837 | Success: 173533 | Failed: 8217 (77.4%)
Progress: 181800 / 234837 | Success: 173576 | Failed: 8224 (77.4%)
Progress: 181850 / 234837 | Success: 173624 | Failed: 8226 (77.4%)
Progress: 181900 / 234837 | Success: 173671 | Failed: 8229 (77.5%)
Progress: 181950 / 234837 | Success: 173718 | Failed: 8232 (77.5%)
Progress: 182000 / 234837 | Success: 173765 | Failed: 8235 (77.5%)
Progress: 182050 / 234837 | Success: 173814 | Failed: 8236 (77.5%)
Progress: 182100 / 234837 | Success: 173863 | Failed: 8237 (77.5%)
Progress: 182150 / 234837 | Success: 173910 | Failed: 8240 (77.6%)
Progress: 182200 / 234837 | Success: 173955 | Failed: 8245 (77.6%)
Progress: 182250 / 234837 | Success: 174003 | Failed: 8247 (77.6%)
Progress: 182300 / 234837 | Success: 174048 | Failed: 8252 (77.6%)
Progress: 182350 / 234837 | Success: 174090 | Failed: 8260 (77.6%)
Progress: 182400 / 234837 | Success: 174130 | Failed: 8270 (77.7%)
Progress: 182450 / 234837 | Success: 174170 | Failed: 8280 (77.7%)
Progress: 182500 / 234837 | Success: 174220 | Failed: 8280 (77.7%)
Progress: 182550 / 234837 | Success: 174269 | Failed: 8281 (77.7%)
Progress: 182600 / 234837 | Success: 174315 | Failed: 8285 (77.8%)
Progress: 182650 / 234837 | Success: 174365 | Failed: 8285 (77.8%)
Progress: 182700 / 234837 | Success: 174414 | Failed: 8286 (77.8%)
Progress: 182750 / 234837 | Success: 174463 | Failed: 8287 (77.8%)
Progress: 182800 / 234837 | Success: 174511 | Failed: 8289 (77.8%)
Progress: 182850 / 234837 | Success: 174561 | Failed: 8289 (77.9%)
Progress: 182900 / 234837 | Success: 174610 | Failed: 8290 (77.9%)
Progress: 182950 / 234837 | Success: 174658 | Failed: 8292 (77.9%)
Progress: 183000 / 234837 | Success: 174703 | Failed: 8297 (77.9%)
Progress: 183050 / 234837 | Success: 174752 | Failed: 8298 (77.9%)
Progress: 183100 / 234837 | Success: 174799 | Failed: 8301 (78.0%)
Progress: 183150 / 234837 | Success: 174845 | Failed: 8305 (78.0%)
Progress: 183200 / 234837 | Success: 174895 | Failed: 8305 (78.0%)
Progress: 183250 / 234837 | Success: 174942 | Failed: 8308 (78.0%)
Progress: 183300 / 234837 | Success: 174989 | Failed: 8311 (78.1%)
Progress: 183350 / 234837 | Success: 175036 | Failed: 8314 (78.1%)
Progress: 183400 / 234837 | Success: 175083 | Failed: 8317 (78.1%)
Progress: 183450 / 234837 | Success: 175133 | Failed: 8317 (78.1%)
Progress: 183500 / 234837 | Success: 175182 | Failed: 8318 (78.1%)
Progress: 183550 / 234837 | Success: 175231 | Failed: 8319 (78.2%)
Progress: 183600 / 234837 | Success: 175277 | Failed: 8323 (78.2%)
Progress: 183650 / 234837 | Success: 175326 | Failed: 8324 (78.2%)
Progress: 183700 / 234837 | Success: 175375 | Failed: 8325 (78.2%)
Progress: 183750 / 234837 | Success: 175423 | Failed: 8327 (78.2%)
Progress: 183800 / 234837 | Success: 175468 | Failed: 8332 (78.3%)
Progress: 183850 / 234837 | Success: 175518 | Failed: 8332 (78.3%)
Progress: 183900 / 234837 | Success: 175568 | Failed: 8332 (78.3%)
Progress: 183950 / 234837 | Success: 175618 | Failed: 8332 (78.3%)
Progress: 184000 / 234837 | Success: 175667 | Failed: 8333 (78.4%)
Progress: 184050 / 234837 | Success: 175715 | Failed: 8335 (78.4%)
Progress: 184100 / 234837 | Success: 175761 | Failed: 8339 (78.4%)
Progress: 184150 / 234837 | Success: 175805 | Failed: 8345 (78.4%)
Progress: 184200 / 234837 | Success: 175855 | Failed: 8345 (78.4%)
Progress: 184250 / 234837 | Success: 175877 | Failed: 8373 (78.5%)
Progress: 184300 / 234837 | Success: 175910 | Failed: 8390 (78.5%)
Progress: 184350 / 234837 | Success: 175949 | Failed: 8401 (78.5%)
Progress: 184400 / 234837 | Success: 175996 | Failed: 8404 (78.5%)
Progress: 184450 / 234837 | Success: 176043 | Failed: 8407 (78.5%)
Progress: 184500 / 234837 | Success: 176079 | Failed: 8421 (78.6%)
Progress: 184550 / 234837 | Success: 176128 | Failed: 8422 (78.6%)
Progress: 184600 / 234837 | Success: 176176 | Failed: 8424 (78.6%)
Progress: 184650 / 234837 | Success: 176222 | Failed: 8428 (78.6%)
Progress: 184700 / 234837 | Success: 176265 | Failed: 8435 (78.7%)
Progress: 184750 / 234837 | Success: 176308 | Failed: 8442 (78.7%)
Progress: 184800 / 234837 | Success: 176357 | Failed: 8443 (78.7%)
Progress: 184850 / 234837 | Success: 176405 | Failed: 8445 (78.7%)
Progress: 184900 / 234837 | Success: 176455 | Failed: 8445 (78.7%)
Progress: 184950 / 234837 | Success: 176504 | Failed: 8446 (78.8%)
Progress: 185000 / 234837 | Success: 176552 | Failed: 8448 (78.8%)
Progress: 185050 / 234837 | Success: 176599 | Failed: 8451 (78.8%)
Progress: 185100 / 234837 | Success: 176647 | Failed: 8453 (78.8%)
Progress: 185150 / 234837 | Success: 176691 | Failed: 8459 (78.8%)
Progress: 185200 / 234837 | Success: 176740 | Failed: 8460 (78.9%)
Progress: 185250 / 234837 | Success: 176788 | Failed: 8462 (78.9%)
Progress: 185300 / 234837 | Success: 176836 | Failed: 8464 (78.9%)
Progress: 185350 / 234837 | Success: 176883 | Failed: 8467 (78.9%)
Progress: 185400 / 234837 | Success: 176928 | Failed: 8472 (78.9%)
Progress: 185450 / 234837 | Success: 176973 | Failed: 8477 (79.0%)
Progress: 185500 / 234837 | Success: 177016 | Failed: 8484 (79.0%)
Progress: 185550 / 234837 | Success: 177065 | Failed: 8485 (79.0%)
Progress: 185600 / 234837 | Success: 177111 | Failed: 8489 (79.0%)
Progress: 185650 / 234837 | Success: 177155 | Failed: 8495 (79.1%)
Progress: 185700 / 234837 | Success: 177197 | Failed: 8503 (79.1%)
Progress: 185750 / 234837 | Success: 177246 | Failed: 8504 (79.1%)
Progress: 185800 / 234837 | Success: 177293 | Failed: 8507 (79.1%)
Progress: 185850 / 234837 | Success: 177338 | Failed: 8512 (79.1%)
Progress: 185900 / 234837 | Success: 177383 | Failed: 8517 (79.2%)
Progress: 185950 / 234837 | Success: 177428 | Failed: 8522 (79.2%)
Progress: 186000 / 234837 | Success: 177475 | Failed: 8525 (79.2%)
Progress: 186050 / 234837 | Success: 177521 | Failed: 8529 (79.2%)
Progress: 186100 / 234837 | Success: 177563 | Failed: 8537 (79.2%)
Progress: 186150 / 234837 | Success: 177612 | Failed: 8538 (79.3%)
Progress: 186200 / 234837 | Success: 177657 | Failed: 8543 (79.3%)
Progress: 186250 / 234837 | Success: 177696 | Failed: 8554 (79.3%)
Progress: 186300 / 234837 | Success: 177734 | Failed: 8566 (79.3%)
Progress: 186350 / 234837 | Success: 177782 | Failed: 8568 (79.4%)
Progress: 186400 / 234837 | Success: 177830 | Failed: 8570 (79.4%)
Progress: 186450 / 234837 | Success: 177876 | Failed: 8574 (79.4%)
Progress: 186500 / 234837 | Success: 177925 | Failed: 8575 (79.4%)
Progress: 186550 / 234837 | Success: 177974 | Failed: 8576 (79.4%)
Progress: 186600 / 234837 | Success: 178017 | Failed: 8583 (79.5%)
Progress: 186650 / 234837 | Success: 178058 | Failed: 8592 (79.5%)
Progress: 186700 / 234837 | Success: 178107 | Failed: 8593 (79.5%)
Progress: 186750 / 234837 | Success: 178153 | Failed: 8597 (79.5%)
Progress: 186800 / 234837 | Success: 178202 | Failed: 8598 (79.5%)
Progress: 186850 / 234837 | Success: 178250 | Failed: 8600 (79.6%)
Progress: 186900 / 234837 | Success: 178297 | Failed: 8603 (79.6%)
Progress: 186950 / 234837 | Success: 178343 | Failed: 8607 (79.6%)
Progress: 187000 / 234837 | Success: 178391 | Failed: 8609 (79.6%)
Progress: 187050 / 234837 | Success: 178437 | Failed: 8613 (79.7%)
Progress: 187100 / 234837 | Success: 178483 | Failed: 8617 (79.7%)
Progress: 187150 / 234837 | Success: 178526 | Failed: 8624 (79.7%)
Progress: 187200 / 234837 | Success: 178575 | Failed: 8625 (79.7%)
Progress: 187250 / 234837 | Success: 178622 | Failed: 8628 (79.7%)
Progress: 187300 / 234837 | Success: 178669 | Failed: 8631 (79.8%)
Progress: 187350 / 234837 | Success: 178719 | Failed: 8631 (79.8%)
Progress: 187400 / 234837 | Success: 178768 | Failed: 8632 (79.8%)
Progress: 187450 / 234837 | Success: 178818 | Failed: 8632 (79.8%)
Progress: 187500 / 234837 | Success: 178866 | Failed: 8634 (79.8%)
Progress: 187550 / 234837 | Success: 178913 | Failed: 8637 (79.9%)
Progress: 187600 / 234837 | Success: 178963 | Failed: 8637 (79.9%)
Progress: 187650 / 234837 | Success: 179012 | Failed: 8638 (79.9%)
Progress: 187700 / 234837 | Success: 179061 | Failed: 8639 (79.9%)
Progress: 187750 / 234837 | Success: 179110 | Failed: 8640 (79.9%)
Progress: 187800 / 234837 | Success: 179159 | Failed: 8641 (80.0%)
Progress: 187850 / 234837 | Success: 179208 | Failed: 8642 (80.0%)
Progress: 187900 / 234837 | Success: 179256 | Failed: 8644 (80.0%)
Progress: 187950 / 234837 | Success: 179304 | Failed: 8646 (80.0%)
Progress: 188000 / 234837 | Success: 179348 | Failed: 8652 (80.1%)
Progress: 188050 / 234837 | Success: 179396 | Failed: 8654 (80.1%)
Progress: 188100 / 234837 | Success: 179444 | Failed: 8656 (80.1%)
Progress: 188150 / 234837 | Success: 179491 | Failed: 8659 (80.1%)
Progress: 188200 / 234837 | Success: 179540 | Failed: 8660 (80.1%)
Progress: 188250 / 234837 | Success: 179588 | Failed: 8662 (80.2%)
Progress: 188300 / 234837 | Success: 179633 | Failed: 8667 (80.2%)
Progress: 188350 / 234837 | Success: 179678 | Failed: 8672 (80.2%)
Progress: 188400 / 234837 | Success: 179727 | Failed: 8673 (80.2%)
Progress: 188450 / 234837 | Success: 179775 | Failed: 8675 (80.2%)
Progress: 188500 / 234837 | Success: 179822 | Failed: 8678 (80.3%)
Progress: 188550 / 234837 | Success: 179869 | Failed: 8681 (80.3%)
Progress: 188600 / 234837 | Success: 179914 | Failed: 8686 (80.3%)
Progress: 188650 / 234837 | Success: 179955 | Failed: 8695 (80.3%)
Progress: 188700 / 234837 | Success: 179996 | Failed: 8704 (80.4%)
Progress: 188750 / 234837 | Success: 180045 | Failed: 8705 (80.4%)
Progress: 188800 / 234837 | Success: 180093 | Failed: 8707 (80.4%)
Progress: 188850 / 234837 | Success: 180143 | Failed: 8707 (80.4%)
Progress: 188900 / 234837 | Success: 180193 | Failed: 8707 (80.4%)
Progress: 188950 / 234837 | Success: 180242 | Failed: 8708 (80.5%)
Progress: 189000 / 234837 | Success: 180288 | Failed: 8712 (80.5%)
Progress: 189050 / 234837 | Success: 180336 | Failed: 8714 (80.5%)
Progress: 189100 / 234837 | Success: 180384 | Failed: 8716 (80.5%)
Progress: 189150 / 234837 | Success: 180431 | Failed: 8719 (80.5%)
Progress: 189200 / 234837 | Success: 180478 | Failed: 8722 (80.6%)
Progress: 189250 / 234837 | Success: 180523 | Failed: 8727 (80.6%)
Progress: 189300 / 234837 | Success: 180565 | Failed: 8735 (80.6%)
Progress: 189350 / 234837 | Success: 180615 | Failed: 8735 (80.6%)
Progress: 189400 / 234837 | Success: 180665 | Failed: 8735 (80.7%)
Progress: 189450 / 234837 | Success: 180714 | Failed: 8736 (80.7%)
Progress: 189500 / 234837 | Success: 180763 | Failed: 8737 (80.7%)
Progress: 189550 / 234837 | Success: 180811 | Failed: 8739 (80.7%)
Progress: 189600 / 234837 | Success: 180861 | Failed: 8739 (80.7%)
Progress: 189650 / 234837 | Success: 180910 | Failed: 8740 (80.8%)
Progress: 189700 / 234837 | Success: 180959 | Failed: 8741 (80.8%)
Progress: 189750 / 234837 | Success: 181008 | Failed: 8742 (80.8%)
Progress: 189800 / 234837 | Success: 181057 | Failed: 8743 (80.8%)
Progress: 189850 / 234837 | Success: 181106 | Failed: 8744 (80.8%)
Progress: 189900 / 234837 | Success: 181155 | Failed: 8745 (80.9%)
Progress: 189950 / 234837 | Success: 181204 | Failed: 8746 (80.9%)
Progress: 190000 / 234837 | Success: 181252 | Failed: 8748 (80.9%)
Progress: 190050 / 234837 | Success: 181300 | Failed: 8750 (80.9%)
Progress: 190100 / 234837 | Success: 181348 | Failed: 8752 (80.9%)
Progress: 190150 / 234837 | Success: 181396 | Failed: 8754 (81.0%)
Progress: 190200 / 234837 | Success: 181446 | Failed: 8754 (81.0%)
Progress: 190250 / 234837 | Success: 181496 | Failed: 8754 (81.0%)
Progress: 190300 / 234837 | Success: 181546 | Failed: 8754 (81.0%)
Progress: 190350 / 234837 | Success: 181596 | Failed: 8754 (81.1%)
Progress: 190400 / 234837 | Success: 181645 | Failed: 8755 (81.1%)
Progress: 190450 / 234837 | Success: 181694 | Failed: 8756 (81.1%)
Progress: 190500 / 234837 | Success: 181743 | Failed: 8757 (81.1%)
Progress: 190550 / 234837 | Success: 181792 | Failed: 8758 (81.1%)
Progress: 190600 / 234837 | Success: 181840 | Failed: 8760 (81.2%)
Progress: 190650 / 234837 | Success: 181884 | Failed: 8766 (81.2%)
Progress: 190700 / 234837 | Success: 181925 | Failed: 8775 (81.2%)
Progress: 190750 / 234837 | Success: 181964 | Failed: 8786 (81.2%)
Progress: 190800 / 234837 | Success: 181999 | Failed: 8801 (81.2%)
Progress: 190850 / 234837 | Success: 182047 | Failed: 8803 (81.3%)
Progress: 190900 / 234837 | Success: 182095 | Failed: 8805 (81.3%)
Progress: 190950 / 234837 | Success: 182142 | Failed: 8808 (81.3%)
Progress: 191000 / 234837 | Success: 182192 | Failed: 8808 (81.3%)
Progress: 191050 / 234837 | Success: 182240 | Failed: 8810 (81.4%)
Progress: 191100 / 234837 | Success: 182288 | Failed: 8812 (81.4%)
Progress: 191150 / 234837 | Success: 182330 | Failed: 8820 (81.4%)
Progress: 191200 / 234837 | Success: 182370 | Failed: 8830 (81.4%)
Progress: 191250 / 234837 | Success: 182410 | Failed: 8840 (81.4%)
Progress: 191300 / 234837 | Success: 182458 | Failed: 8842 (81.5%)
Progress: 191350 / 234837 | Success: 182504 | Failed: 8846 (81.5%)
Progress: 191400 / 234837 | Success: 182548 | Failed: 8852 (81.5%)
Progress: 191450 / 234837 | Success: 182590 | Failed: 8860 (81.5%)
Progress: 191500 / 234837 | Success: 182637 | Failed: 8863 (81.5%)
Progress: 191550 / 234837 | Success: 182684 | Failed: 8866 (81.6%)
Progress: 191600 / 234837 | Success: 182731 | Failed: 8869 (81.6%)
Progress: 191650 / 234837 | Success: 182778 | Failed: 8872 (81.6%)
Progress: 191700 / 234837 | Success: 182825 | Failed: 8875 (81.6%)
Progress: 191750 / 234837 | Success: 182870 | Failed: 8880 (81.7%)
Progress: 191800 / 234837 | Success: 182914 | Failed: 8886 (81.7%)
Progress: 191850 / 234837 | Success: 182961 | Failed: 8889 (81.7%)
Progress: 191900 / 234837 | Success: 183006 | Failed: 8894 (81.7%)
Progress: 191950 / 234837 | Success: 183050 | Failed: 8900 (81.7%)
Progress: 192000 / 234837 | Success: 183091 | Failed: 8909 (81.8%)
Progress: 192050 / 234837 | Success: 183139 | Failed: 8911 (81.8%)
Progress: 192100 / 234837 | Success: 183180 | Failed: 8920 (81.8%)
Progress: 192150 / 234837 | Success: 183219 | Failed: 8931 (81.8%)
Progress: 192200 / 234837 | Success: 183268 | Failed: 8932 (81.8%)
Progress: 192250 / 234837 | Success: 183315 | Failed: 8935 (81.9%)
Progress: 192300 / 234837 | Success: 183360 | Failed: 8940 (81.9%)
Progress: 192350 / 234837 | Success: 183409 | Failed: 8941 (81.9%)
Progress: 192400 / 234837 | Success: 183454 | Failed: 8946 (81.9%)
Progress: 192450 / 234837 | Success: 183497 | Failed: 8953 (82.0%)
Progress: 192500 / 234837 | Success: 183544 | Failed: 8956 (82.0%)
Progress: 192550 / 234837 | Success: 183583 | Failed: 8967 (82.0%)
Progress: 192600 / 234837 | Success: 183622 | Failed: 8978 (82.0%)
Progress: 192650 / 234837 | Success: 183670 | Failed: 8980 (82.0%)
Progress: 192700 / 234837 | Success: 183716 | Failed: 8984 (82.1%)
Progress: 192750 / 234837 | Success: 183760 | Failed: 8990 (82.1%)
Progress: 192800 / 234837 | Success: 183803 | Failed: 8997 (82.1%)
Progress: 192850 / 234837 | Success: 183853 | Failed: 8997 (82.1%)
Progress: 192900 / 234837 | Success: 183902 | Failed: 8998 (82.1%)
Progress: 192950 / 234837 | Success: 183951 | Failed: 8999 (82.2%)
Progress: 193000 / 234837 | Success: 183998 | Failed: 9002 (82.2%)
Progress: 193050 / 234837 | Success: 184043 | Failed: 9007 (82.2%)
Progress: 193100 / 234837 | Success: 184087 | Failed: 9013 (82.2%)
Progress: 193150 / 234837 | Success: 184130 | Failed: 9020 (82.2%)
Progress: 193200 / 234837 | Success: 184179 | Failed: 9021 (82.3%)
Progress: 193250 / 234837 | Success: 184223 | Failed: 9027 (82.3%)
Progress: 193300 / 234837 | Success: 184270 | Failed: 9030 (82.3%)
Progress: 193350 / 234837 | Success: 184314 | Failed: 9036 (82.3%)
Progress: 193400 / 234837 | Success: 184354 | Failed: 9046 (82.4%)
Progress: 193450 / 234837 | Success: 184404 | Failed: 9046 (82.4%)
Progress: 193500 / 234837 | Success: 184452 | Failed: 9048 (82.4%)
Progress: 193550 / 234837 | Success: 184498 | Failed: 9052 (82.4%)
Progress: 193600 / 234837 | Success: 184546 | Failed: 9054 (82.4%)
Progress: 193650 / 234837 | Success: 184594 | Failed: 9056 (82.5%)
Progress: 193700 / 234837 | Success: 184642 | Failed: 9058 (82.5%)
Progress: 193750 / 234837 | Success: 184689 | Failed: 9061 (82.5%)
Progress: 193800 / 234837 | Success: 184738 | Failed: 9062 (82.5%)
Progress: 193850 / 234837 | Success: 184785 | Failed: 9065 (82.5%)
Progress: 193900 / 234837 | Success: 184830 | Failed: 9070 (82.6%)
Progress: 193950 / 234837 | Success: 184880 | Failed: 9070 (82.6%)
Progress: 194000 / 234837 | Success: 184927 | Failed: 9073 (82.6%)
Progress: 194050 / 234837 | Success: 184974 | Failed: 9076 (82.6%)
Progress: 194100 / 234837 | Success: 185018 | Failed: 9082 (82.7%)
Progress: 194150 / 234837 | Success: 185065 | Failed: 9085 (82.7%)
Progress: 194200 / 234837 | Success: 185111 | Failed: 9089 (82.7%)
Progress: 194250 / 234837 | Success: 185160 | Failed: 9090 (82.7%)
Progress: 194300 / 234837 | Success: 185206 | Failed: 9094 (82.7%)
Progress: 194350 / 234837 | Success: 185252 | Failed: 9098 (82.8%)
Progress: 194400 / 234837 | Success: 185301 | Failed: 9099 (82.8%)
Progress: 194450 / 234837 | Success: 185347 | Failed: 9103 (82.8%)
Progress: 194500 / 234837 | Success: 185392 | Failed: 9108 (82.8%)
Progress: 194550 / 234837 | Success: 185435 | Failed: 9115 (82.8%)
Progress: 194600 / 234837 | Success: 185481 | Failed: 9119 (82.9%)
Progress: 194650 / 234837 | Success: 185525 | Failed: 9125 (82.9%)
Progress: 194700 / 234837 | Success: 185567 | Failed: 9133 (82.9%)
Progress: 194750 / 234837 | Success: 185615 | Failed: 9135 (82.9%)
Progress: 194800 / 234837 | Success: 185662 | Failed: 9138 (83.0%)
Progress: 194850 / 234837 | Success: 185705 | Failed: 9145 (83.0%)
Progress: 194900 / 234837 | Success: 185743 | Failed: 9157 (83.0%)
Progress: 194950 / 234837 | Success: 185792 | Failed: 9158 (83.0%)
Progress: 195000 / 234837 | Success: 185840 | Failed: 9160 (83.0%)
Progress: 195050 / 234837 | Success: 185887 | Failed: 9163 (83.1%)
Progress: 195100 / 234837 | Success: 185933 | Failed: 9167 (83.1%)
Progress: 195150 / 234837 | Success: 185974 | Failed: 9176 (83.1%)
Progress: 195200 / 234837 | Success: 186015 | Failed: 9185 (83.1%)
Progress: 195250 / 234837 | Success: 186055 | Failed: 9195 (83.1%)
Progress: 195300 / 234837 | Success: 186102 | Failed: 9198 (83.2%)
Progress: 195350 / 234837 | Success: 186149 | Failed: 9201 (83.2%)
Progress: 195400 / 234837 | Success: 186195 | Failed: 9205 (83.2%)
Progress: 195450 / 234837 | Success: 186243 | Failed: 9207 (83.2%)
Progress: 195500 / 234837 | Success: 186289 | Failed: 9211 (83.2%)
Progress: 195550 / 234837 | Success: 186336 | Failed: 9214 (83.3%)
Progress: 195600 / 234837 | Success: 186382 | Failed: 9218 (83.3%)
Progress: 195650 / 234837 | Success: 186426 | Failed: 9224 (83.3%)
Progress: 195700 / 234837 | Success: 186474 | Failed: 9226 (83.3%)
Progress: 195750 / 234837 | Success: 186521 | Failed: 9229 (83.4%)
Progress: 195800 / 234837 | Success: 186566 | Failed: 9234 (83.4%)
Progress: 195850 / 234837 | Success: 186604 | Failed: 9246 (83.4%)
Progress: 195900 / 234837 | Success: 186648 | Failed: 9252 (83.4%)
Progress: 195950 / 234837 | Success: 186687 | Failed: 9263 (83.4%)
Progress: 196000 / 234837 | Success: 186724 | Failed: 9276 (83.5%)
Progress: 196050 / 234837 | Success: 186769 | Failed: 9281 (83.5%)
Progress: 196100 / 234837 | Success: 186812 | Failed: 9288 (83.5%)
Progress: 196150 / 234837 | Success: 186851 | Failed: 9299 (83.5%)
Progress: 196200 / 234837 | Success: 186890 | Failed: 9310 (83.5%)
Progress: 196250 / 234837 | Success: 186937 | Failed: 9313 (83.6%)
Progress: 196300 / 234837 | Success: 186983 | Failed: 9317 (83.6%)
Progress: 196350 / 234837 | Success: 187024 | Failed: 9326 (83.6%)
Progress: 196400 / 234837 | Success: 187073 | Failed: 9327 (83.6%)
Progress: 196450 / 234837 | Success: 187119 | Failed: 9331 (83.7%)
Progress: 196500 / 234837 | Success: 187161 | Failed: 9339 (83.7%)
Progress: 196550 / 234837 | Success: 187210 | Failed: 9340 (83.7%)
Progress: 196600 / 234837 | Success: 187257 | Failed: 9343 (83.7%)
Progress: 196650 / 234837 | Success: 187303 | Failed: 9347 (83.7%)
Progress: 196700 / 234837 | Success: 187347 | Failed: 9353 (83.8%)
Progress: 196750 / 234837 | Success: 187393 | Failed: 9357 (83.8%)
Progress: 196800 / 234837 | Success: 187432 | Failed: 9368 (83.8%)
Progress: 196850 / 234837 | Success: 187466 | Failed: 9384 (83.8%)
Progress: 196900 / 234837 | Success: 187500 | Failed: 9400 (83.8%)
Progress: 196950 / 234837 | Success: 187547 | Failed: 9403 (83.9%)
Progress: 197000 / 234837 | Success: 187591 | Failed: 9409 (83.9%)
Progress: 197050 / 234837 | Success: 187634 | Failed: 9416 (83.9%)
Progress: 197100 / 234837 | Success: 187675 | Failed: 9425 (83.9%)
Progress: 197150 / 234837 | Success: 187722 | Failed: 9428 (84.0%)
Progress: 197200 / 234837 | Success: 187767 | Failed: 9433 (84.0%)
Progress: 197250 / 234837 | Success: 187814 | Failed: 9436 (84.0%)
Progress: 197300 / 234837 | Success: 187860 | Failed: 9440 (84.0%)
Progress: 197350 / 234837 | Success: 187903 | Failed: 9447 (84.0%)
Progress: 197400 / 234837 | Success: 187943 | Failed: 9457 (84.1%)
Progress: 197450 / 234837 | Success: 187988 | Failed: 9462 (84.1%)
Progress: 197500 / 234837 | Success: 188032 | Failed: 9468 (84.1%)
Progress: 197550 / 234837 | Success: 188082 | Failed: 9468 (84.1%)
Progress: 197600 / 234837 | Success: 188128 | Failed: 9472 (84.1%)
Progress: 197650 / 234837 | Success: 188174 | Failed: 9476 (84.2%)
Progress: 197700 / 234837 | Success: 188217 | Failed: 9483 (84.2%)
Progress: 197750 / 234837 | Success: 188257 | Failed: 9493 (84.2%)
Progress: 197800 / 234837 | Success: 188306 | Failed: 9494 (84.2%)
Progress: 197850 / 234837 | Success: 188352 | Failed: 9498 (84.2%)
Progress: 197900 / 234837 | Success: 188394 | Failed: 9506 (84.3%)
Progress: 197950 / 234837 | Success: 188443 | Failed: 9507 (84.3%)
Progress: 198000 / 234837 | Success: 188490 | Failed: 9510 (84.3%)
Progress: 198050 / 234837 | Success: 188535 | Failed: 9515 (84.3%)
Progress: 198100 / 234837 | Success: 188578 | Failed: 9522 (84.4%)
Progress: 198150 / 234837 | Success: 188619 | Failed: 9531 (84.4%)
Progress: 198200 / 234837 | Success: 188657 | Failed: 9543 (84.4%)
Progress: 198250 / 234837 | Success: 188705 | Failed: 9545 (84.4%)
Progress: 198300 / 234837 | Success: 188749 | Failed: 9551 (84.4%)
Progress: 198350 / 234837 | Success: 188789 | Failed: 9561 (84.5%)
Progress: 198400 / 234837 | Success: 188839 | Failed: 9561 (84.5%)
Progress: 198450 / 234837 | Success: 188889 | Failed: 9561 (84.5%)
Progress: 198500 / 234837 | Success: 188938 | Failed: 9562 (84.5%)
Progress: 198550 / 234837 | Success: 188987 | Failed: 9563 (84.5%)
Progress: 198600 / 234837 | Success: 189036 | Failed: 9564 (84.6%)
Progress: 198650 / 234837 | Success: 189084 | Failed: 9566 (84.6%)
Progress: 198700 / 234837 | Success: 189131 | Failed: 9569 (84.6%)
Progress: 198750 / 234837 | Success: 189177 | Failed: 9573 (84.6%)
Progress: 198800 / 234837 | Success: 189223 | Failed: 9577 (84.7%)
Progress: 198850 / 234837 | Success: 189267 | Failed: 9583 (84.7%)
Progress: 198900 / 234837 | Success: 189311 | Failed: 9589 (84.7%)
Progress: 198950 / 234837 | Success: 189360 | Failed: 9590 (84.7%)
Progress: 199000 / 234837 | Success: 189406 | Failed: 9594 (84.7%)
Progress: 199050 / 234837 | Success: 189450 | Failed: 9600 (84.8%)
Progress: 199100 / 234837 | Success: 189494 | Failed: 9606 (84.8%)
Progress: 199150 / 234837 | Success: 189544 | Failed: 9606 (84.8%)
Progress: 199200 / 234837 | Success: 189591 | Failed: 9609 (84.8%)
Progress: 199250 / 234837 | Success: 189638 | Failed: 9612 (84.8%)
Progress: 199300 / 234837 | Success: 189687 | Failed: 9613 (84.9%)
Progress: 199350 / 234837 | Success: 189734 | Failed: 9616 (84.9%)
Progress: 199400 / 234837 | Success: 189781 | Failed: 9619 (84.9%)
Progress: 199450 / 234837 | Success: 189827 | Failed: 9623 (84.9%)
Progress: 199500 / 234837 | Success: 189869 | Failed: 9631 (85.0%)
Progress: 199550 / 234837 | Success: 189912 | Failed: 9638 (85.0%)
Progress: 199600 / 234837 | Success: 189952 | Failed: 9648 (85.0%)
Progress: 199650 / 234837 | Success: 189982 | Failed: 9668 (85.0%)
Progress: 199700 / 234837 | Success: 190010 | Failed: 9690 (85.0%)
Progress: 199750 / 234837 | Success: 190043 | Failed: 9707 (85.1%)
Progress: 199800 / 234837 | Success: 190080 | Failed: 9720 (85.1%)
Progress: 199850 / 234837 | Success: 190125 | Failed: 9725 (85.1%)
Progress: 199900 / 234837 | Success: 190167 | Failed: 9733 (85.1%)
Progress: 199950 / 234837 | Success: 190211 | Failed: 9739 (85.1%)
Progress: 200000 / 234837 | Success: 190248 | Failed: 9752 (85.2%)
Progress: 200050 / 234837 | Success: 190283 | Failed: 9767 (85.2%)
Progress: 200100 / 234837 | Success: 190316 | Failed: 9784 (85.2%)
Progress: 200150 / 234837 | Success: 190349 | Failed: 9801 (85.2%)
Progress: 200200 / 234837 | Success: 190374 | Failed: 9826 (85.3%)
Progress: 200250 / 234837 | Success: 190407 | Failed: 9843 (85.3%)
Progress: 200300 / 234837 | Success: 190431 | Failed: 9869 (85.3%)
Progress: 200350 / 234837 | Success: 190456 | Failed: 9894 (85.3%)
Progress: 200400 / 234837 | Success: 190493 | Failed: 9907 (85.3%)
Progress: 200450 / 234837 | Success: 190534 | Failed: 9916 (85.4%)
Progress: 200500 / 234837 | Success: 190571 | Failed: 9929 (85.4%)
Progress: 200550 / 234837 | Success: 190611 | Failed: 9939 (85.4%)
Progress: 200600 / 234837 | Success: 190649 | Failed: 9951 (85.4%)
Progress: 200650 / 234837 | Success: 190689 | Failed: 9961 (85.4%)
Progress: 200700 / 234837 | Success: 190732 | Failed: 9968 (85.5%)
Progress: 200750 / 234837 | Success: 190765 | Failed: 9985 (85.5%)
Progress: 200800 / 234837 | Success: 190808 | Failed: 9992 (85.5%)
Progress: 200850 / 234837 | Success: 190848 | Failed: 10002 (85.5%)
Progress: 200900 / 234837 | Success: 190896 | Failed: 10004 (85.5%)
Progress: 200950 / 234837 | Success: 190930 | Failed: 10020 (85.6%)
Progress: 201000 / 234837 | Success: 190967 | Failed: 10033 (85.6%)
Progress: 201050 / 234837 | Success: 191005 | Failed: 10045 (85.6%)
Progress: 201100 / 234837 | Success: 191042 | Failed: 10058 (85.6%)
Progress: 201150 / 234837 | Success: 191085 | Failed: 10065 (85.7%)
Progress: 201200 / 234837 | Success: 191121 | Failed: 10079 (85.7%)
Progress: 201250 / 234837 | Success: 191151 | Failed: 10099 (85.7%)
Progress: 201300 / 234837 | Success: 191192 | Failed: 10108 (85.7%)
Progress: 201350 / 234837 | Success: 191223 | Failed: 10127 (85.7%)
Progress: 201400 / 234837 | Success: 191266 | Failed: 10134 (85.8%)
Progress: 201450 / 234837 | Success: 191304 | Failed: 10146 (85.8%)
Progress: 201500 / 234837 | Success: 191347 | Failed: 10153 (85.8%)
Progress: 201550 / 234837 | Success: 191384 | Failed: 10166 (85.8%)
Progress: 201600 / 234837 | Success: 191423 | Failed: 10177 (85.8%)
Progress: 201650 / 234837 | Success: 191448 | Failed: 10202 (85.9%)
Progress: 201700 / 234837 | Success: 191490 | Failed: 10210 (85.9%)
Progress: 201750 / 234837 | Success: 191522 | Failed: 10228 (85.9%)
Progress: 201800 / 234837 | Success: 191554 | Failed: 10246 (85.9%)
Progress: 201850 / 234837 | Success: 191604 | Failed: 10246 (86.0%)
Progress: 201900 / 234837 | Success: 191654 | Failed: 10246 (86.0%)
Progress: 201950 / 234837 | Success: 191704 | Failed: 10246 (86.0%)
Progress: 202000 / 234837 | Success: 191754 | Failed: 10246 (86.0%)
Progress: 202050 / 234837 | Success: 191803 | Failed: 10247 (86.0%)
Progress: 202100 / 234837 | Success: 191851 | Failed: 10249 (86.1%)
Progress: 202150 / 234837 | Success: 191889 | Failed: 10261 (86.1%)
Progress: 202200 / 234837 | Success: 191925 | Failed: 10275 (86.1%)
Progress: 202250 / 234837 | Success: 191962 | Failed: 10288 (86.1%)
Progress: 202300 / 234837 | Success: 191997 | Failed: 10303 (86.1%)
Progress: 202350 / 234837 | Success: 192035 | Failed: 10315 (86.2%)
Progress: 202400 / 234837 | Success: 192083 | Failed: 10317 (86.2%)
Progress: 202450 / 234837 | Success: 192132 | Failed: 10318 (86.2%)
Progress: 202500 / 234837 | Success: 192175 | Failed: 10325 (86.2%)
Progress: 202550 / 234837 | Success: 192196 | Failed: 10354 (86.3%)
Progress: 202600 / 234837 | Success: 192241 | Failed: 10359 (86.3%)
Progress: 202650 / 234837 | Success: 192287 | Failed: 10363 (86.3%)
Progress: 202700 / 234837 | Success: 192323 | Failed: 10377 (86.3%)
Progress: 202750 / 234837 | Success: 192369 | Failed: 10381 (86.3%)
Progress: 202800 / 234837 | Success: 192405 | Failed: 10395 (86.4%)
Progress: 202850 / 234837 | Success: 192447 | Failed: 10403 (86.4%)
Progress: 202900 / 234837 | Success: 192477 | Failed: 10423 (86.4%)
Progress: 202950 / 234837 | Success: 192498 | Failed: 10452 (86.4%)
Progress: 203000 / 234837 | Success: 192507 | Failed: 10493 (86.4%)
Progress: 203050 / 234837 | Success: 192527 | Failed: 10523 (86.5%)
Progress: 203100 / 234837 | Success: 192558 | Failed: 10542 (86.5%)
Progress: 203150 / 234837 | Success: 192600 | Failed: 10550 (86.5%)
Progress: 203200 / 234837 | Success: 192647 | Failed: 10553 (86.5%)
Progress: 203250 / 234837 | Success: 192694 | Failed: 10556 (86.5%)
Progress: 203300 / 234837 | Success: 192731 | Failed: 10569 (86.6%)
Progress: 203350 / 234837 | Success: 192772 | Failed: 10578 (86.6%)
Progress: 203400 / 234837 | Success: 192807 | Failed: 10593 (86.6%)
Progress: 203450 / 234837 | Success: 192839 | Failed: 10611 (86.6%)
Progress: 203500 / 234837 | Success: 192846 | Failed: 10654 (86.7%)
Progress: 203550 / 234837 | Success: 192888 | Failed: 10662 (86.7%)
Progress: 203600 / 234837 | Success: 192909 | Failed: 10691 (86.7%)
Progress: 203650 / 234837 | Success: 192943 | Failed: 10707 (86.7%)
Progress: 203700 / 234837 | Success: 192956 | Failed: 10744 (86.7%)
Progress: 203750 / 234837 | Success: 192956 | Failed: 10794 (86.8%)
Progress: 203800 / 234837 | Success: 192990 | Failed: 10810 (86.8%)
Progress: 203850 / 234837 | Success: 193018 | Failed: 10832 (86.8%)
Progress: 203900 / 234837 | Success: 193045 | Failed: 10855 (86.8%)
Progress: 203950 / 234837 | Success: 193093 | Failed: 10857 (86.8%)
Progress: 204000 / 234837 | Success: 193130 | Failed: 10870 (86.9%)
Progress: 204050 / 234837 | Success: 193168 | Failed: 10882 (86.9%)
Progress: 204100 / 234837 | Success: 193204 | Failed: 10896 (86.9%)
Progress: 204150 / 234837 | Success: 193252 | Failed: 10898 (86.9%)
Progress: 204200 / 234837 | Success: 193299 | Failed: 10901 (87.0%)
Progress: 204250 / 234837 | Success: 193343 | Failed: 10907 (87.0%)
Progress: 204300 / 234837 | Success: 193386 | Failed: 10914 (87.0%)
Progress: 204350 / 234837 | Success: 193422 | Failed: 10928 (87.0%)
Progress: 204400 / 234837 | Success: 193450 | Failed: 10950 (87.0%)
Progress: 204450 / 234837 | Success: 193487 | Failed: 10963 (87.1%)
Progress: 204500 / 234837 | Success: 193528 | Failed: 10972 (87.1%)
Progress: 204550 / 234837 | Success: 193556 | Failed: 10994 (87.1%)
Progress: 204600 / 234837 | Success: 193585 | Failed: 11015 (87.1%)
Progress: 204650 / 234837 | Success: 193617 | Failed: 11033 (87.1%)
Progress: 204700 / 234837 | Success: 193662 | Failed: 11038 (87.2%)
Progress: 204750 / 234837 | Success: 193705 | Failed: 11045 (87.2%)
Progress: 204800 / 234837 | Success: 193745 | Failed: 11055 (87.2%)
Progress: 204850 / 234837 | Success: 193789 | Failed: 11061 (87.2%)
Progress: 204900 / 234837 | Success: 193834 | Failed: 11066 (87.3%)
Progress: 204950 / 234837 | Success: 193873 | Failed: 11077 (87.3%)
Progress: 205000 / 234837 | Success: 193894 | Failed: 11106 (87.3%)
Progress: 205050 / 234837 | Success: 193928 | Failed: 11122 (87.3%)
Progress: 205100 / 234837 | Success: 193958 | Failed: 11142 (87.3%)
Progress: 205150 / 234837 | Success: 193986 | Failed: 11164 (87.4%)
Progress: 205200 / 234837 | Success: 194024 | Failed: 11176 (87.4%)
Progress: 205250 / 234837 | Success: 194058 | Failed: 11192 (87.4%)
Progress: 205300 / 234837 | Success: 194067 | Failed: 11233 (87.4%)
Progress: 205350 / 234837 | Success: 194095 | Failed: 11255 (87.4%)
Progress: 205400 / 234837 | Success: 194102 | Failed: 11298 (87.5%)
Progress: 205450 / 234837 | Success: 194137 | Failed: 11313 (87.5%)
Progress: 205500 / 234837 | Success: 194168 | Failed: 11332 (87.5%)
Progress: 205550 / 234837 | Success: 194182 | Failed: 11368 (87.5%)
Progress: 205600 / 234837 | Success: 194200 | Failed: 11400 (87.6%)
Progress: 205650 / 234837 | Success: 194228 | Failed: 11422 (87.6%)
Progress: 205700 / 234837 | Success: 194265 | Failed: 11435 (87.6%)
Progress: 205750 / 234837 | Success: 194290 | Failed: 11460 (87.6%)
Progress: 205800 / 234837 | Success: 194324 | Failed: 11476 (87.6%)
Progress: 205850 / 234837 | Success: 194369 | Failed: 11481 (87.7%)
Progress: 205900 / 234837 | Success: 194419 | Failed: 11481 (87.7%)
Progress: 205950 / 234837 | Success: 194469 | Failed: 11481 (87.7%)
Progress: 206000 / 234837 | Success: 194519 | Failed: 11481 (87.7%)
Progress: 206050 / 234837 | Success: 194569 | Failed: 11481 (87.7%)
Progress: 206100 / 234837 | Success: 194619 | Failed: 11481 (87.8%)
Progress: 206150 / 234837 | Success: 194669 | Failed: 11481 (87.8%)
Progress: 206200 / 234837 | Success: 194719 | Failed: 11481 (87.8%)
Progress: 206250 / 234837 | Success: 194769 | Failed: 11481 (87.8%)
Progress: 206300 / 234837 | Success: 194819 | Failed: 11481 (87.8%)
Progress: 206350 / 234837 | Success: 194869 | Failed: 11481 (87.9%)
Progress: 206400 / 234837 | Success: 194919 | Failed: 11481 (87.9%)
Progress: 206450 / 234837 | Success: 194969 | Failed: 11481 (87.9%)
Progress: 206500 / 234837 | Success: 195019 | Failed: 11481 (87.9%)
Progress: 206550 / 234837 | Success: 195069 | Failed: 11481 (88.0%)
Progress: 206600 / 234837 | Success: 195119 | Failed: 11481 (88.0%)
Progress: 206650 / 234837 | Success: 195168 | Failed: 11482 (88.0%)
Progress: 206700 / 234837 | Success: 195218 | Failed: 11482 (88.0%)
Progress: 206750 / 234837 | Success: 195268 | Failed: 11482 (88.0%)
Progress: 206800 / 234837 | Success: 195318 | Failed: 11482 (88.1%)
Progress: 206850 / 234837 | Success: 195368 | Failed: 11482 (88.1%)
Progress: 206900 / 234837 | Success: 195418 | Failed: 11482 (88.1%)
Progress: 206950 / 234837 | Success: 195467 | Failed: 11483 (88.1%)
Progress: 207000 / 234837 | Success: 195517 | Failed: 11483 (88.1%)
Progress: 207050 / 234837 | Success: 195567 | Failed: 11483 (88.2%)
Progress: 207100 / 234837 | Success: 195616 | Failed: 11484 (88.2%)
Progress: 207150 / 234837 | Success: 195666 | Failed: 11484 (88.2%)
Progress: 207200 / 234837 | Success: 195716 | Failed: 11484 (88.2%)
Progress: 207250 / 234837 | Success: 195765 | Failed: 11485 (88.3%)
Progress: 207300 / 234837 | Success: 195815 | Failed: 11485 (88.3%)
Progress: 207350 / 234837 | Success: 195865 | Failed: 11485 (88.3%)
Progress: 207400 / 234837 | Success: 195915 | Failed: 11485 (88.3%)
Progress: 207450 / 234837 | Success: 195965 | Failed: 11485 (88.3%)
Progress: 207500 / 234837 | Success: 196015 | Failed: 11485 (88.4%)
Progress: 207550 / 234837 | Success: 196065 | Failed: 11485 (88.4%)
Progress: 207600 / 234837 | Success: 196115 | Failed: 11485 (88.4%)
Progress: 207650 / 234837 | Success: 196165 | Failed: 11485 (88.4%)
Progress: 207700 / 234837 | Success: 196215 | Failed: 11485 (88.4%)
Progress: 207750 / 234837 | Success: 196265 | Failed: 11485 (88.5%)
Progress: 207800 / 234837 | Success: 196315 | Failed: 11485 (88.5%)
Progress: 207850 / 234837 | Success: 196365 | Failed: 11485 (88.5%)
Progress: 207900 / 234837 | Success: 196415 | Failed: 11485 (88.5%)
Progress: 207950 / 234837 | Success: 196465 | Failed: 11485 (88.6%)
Progress: 208000 / 234837 | Success: 196515 | Failed: 11485 (88.6%)
Progress: 208050 / 234837 | Success: 196565 | Failed: 11485 (88.6%)
Progress: 208100 / 234837 | Success: 196615 | Failed: 11485 (88.6%)
Progress: 208150 / 234837 | Success: 196665 | Failed: 11485 (88.6%)
Progress: 208200 / 234837 | Success: 196715 | Failed: 11485 (88.7%)
Progress: 208250 / 234837 | Success: 196765 | Failed: 11485 (88.7%)
Progress: 208300 / 234837 | Success: 196815 | Failed: 11485 (88.7%)
Progress: 208350 / 234837 | Success: 196865 | Failed: 11485 (88.7%)
Progress: 208400 / 234837 | Success: 196915 | Failed: 11485 (88.7%)
Progress: 208450 / 234837 | Success: 196964 | Failed: 11486 (88.8%)
Progress: 208500 / 234837 | Success: 197014 | Failed: 11486 (88.8%)
Progress: 208550 / 234837 | Success: 197064 | Failed: 11486 (88.8%)
Progress: 208600 / 234837 | Success: 197114 | Failed: 11486 (88.8%)
Progress: 208650 / 234837 | Success: 197164 | Failed: 11486 (88.8%)
Progress: 208700 / 234837 | Success: 197213 | Failed: 11487 (88.9%)
Progress: 208750 / 234837 | Success: 197263 | Failed: 11487 (88.9%)
Progress: 208800 / 234837 | Success: 197312 | Failed: 11488 (88.9%)
Progress: 208850 / 234837 | Success: 197362 | Failed: 11488 (88.9%)
Progress: 208900 / 234837 | Success: 197412 | Failed: 11488 (89.0%)
Progress: 208950 / 234837 | Success: 197462 | Failed: 11488 (89.0%)
Progress: 209000 / 234837 | Success: 197511 | Failed: 11489 (89.0%)
Progress: 209050 / 234837 | Success: 197560 | Failed: 11490 (89.0%)
Progress: 209100 / 234837 | Success: 197610 | Failed: 11490 (89.0%)
Progress: 209150 / 234837 | Success: 197660 | Failed: 11490 (89.1%)
Progress: 209200 / 234837 | Success: 197710 | Failed: 11490 (89.1%)
Progress: 209250 / 234837 | Success: 197760 | Failed: 11490 (89.1%)
Progress: 209300 / 234837 | Success: 197810 | Failed: 11490 (89.1%)
Progress: 209350 / 234837 | Success: 197860 | Failed: 11490 (89.1%)
Progress: 209400 / 234837 | Success: 197909 | Failed: 11491 (89.2%)
Progress: 209450 / 234837 | Success: 197958 | Failed: 11492 (89.2%)
Progress: 209500 / 234837 | Success: 198008 | Failed: 11492 (89.2%)
Progress: 209550 / 234837 | Success: 198058 | Failed: 11492 (89.2%)
Progress: 209600 / 234837 | Success: 198108 | Failed: 11492 (89.3%)
Progress: 209650 / 234837 | Success: 198156 | Failed: 11494 (89.3%)
Progress: 209700 / 234837 | Success: 198205 | Failed: 11495 (89.3%)
Progress: 209750 / 234837 | Success: 198255 | Failed: 11495 (89.3%)
Progress: 209800 / 234837 | Success: 198305 | Failed: 11495 (89.3%)
Progress: 209850 / 234837 | Success: 198354 | Failed: 11496 (89.4%)
Progress: 209900 / 234837 | Success: 198404 | Failed: 11496 (89.4%)
Progress: 209950 / 234837 | Success: 198454 | Failed: 11496 (89.4%)
Progress: 210000 / 234837 | Success: 198504 | Failed: 11496 (89.4%)
Progress: 210050 / 234837 | Success: 198554 | Failed: 11496 (89.4%)
Progress: 210100 / 234837 | Success: 198604 | Failed: 11496 (89.5%)
Progress: 210150 / 234837 | Success: 198654 | Failed: 11496 (89.5%)
Progress: 210200 / 234837 | Success: 198704 | Failed: 11496 (89.5%)
Progress: 210250 / 234837 | Success: 198754 | Failed: 11496 (89.5%)
Progress: 210300 / 234837 | Success: 198804 | Failed: 11496 (89.6%)
Progress: 210350 / 234837 | Success: 198854 | Failed: 11496 (89.6%)
Progress: 210400 / 234837 | Success: 198904 | Failed: 11496 (89.6%)
Progress: 210450 / 234837 | Success: 198954 | Failed: 11496 (89.6%)
Progress: 210500 / 234837 | Success: 199004 | Failed: 11496 (89.6%)
Progress: 210550 / 234837 | Success: 199054 | Failed: 11496 (89.7%)
Progress: 210600 / 234837 | Success: 199104 | Failed: 11496 (89.7%)
Progress: 210650 / 234837 | Success: 199154 | Failed: 11496 (89.7%)
Progress: 210700 / 234837 | Success: 199203 | Failed: 11497 (89.7%)
Progress: 210750 / 234837 | Success: 199253 | Failed: 11497 (89.7%)
Progress: 210800 / 234837 | Success: 199303 | Failed: 11497 (89.8%)
Progress: 210850 / 234837 | Success: 199353 | Failed: 11497 (89.8%)
Progress: 210900 / 234837 | Success: 199403 | Failed: 11497 (89.8%)
Progress: 210950 / 234837 | Success: 199453 | Failed: 11497 (89.8%)
Progress: 211000 / 234837 | Success: 199503 | Failed: 11497 (89.8%)
Progress: 211050 / 234837 | Success: 199553 | Failed: 11497 (89.9%)
Progress: 211100 / 234837 | Success: 199602 | Failed: 11498 (89.9%)
Progress: 211150 / 234837 | Success: 199652 | Failed: 11498 (89.9%)
Progress: 211200 / 234837 | Success: 199702 | Failed: 11498 (89.9%)
Progress: 211250 / 234837 | Success: 199752 | Failed: 11498 (90.0%)
Progress: 211300 / 234837 | Success: 199802 | Failed: 11498 (90.0%)
Progress: 211350 / 234837 | Success: 199852 | Failed: 11498 (90.0%)
Progress: 211400 / 234837 | Success: 199902 | Failed: 11498 (90.0%)
Progress: 211450 / 234837 | Success: 199952 | Failed: 11498 (90.0%)
Progress: 211500 / 234837 | Success: 200002 | Failed: 11498 (90.1%)
Progress: 211550 / 234837 | Success: 200052 | Failed: 11498 (90.1%)
Progress: 211600 / 234837 | Success: 200102 | Failed: 11498 (90.1%)
Progress: 211650 / 234837 | Success: 200151 | Failed: 11499 (90.1%)
Progress: 211700 / 234837 | Success: 200201 | Failed: 11499 (90.1%)
Progress: 211750 / 234837 | Success: 200251 | Failed: 11499 (90.2%)
Progress: 211800 / 234837 | Success: 200300 | Failed: 11500 (90.2%)
Progress: 211850 / 234837 | Success: 200350 | Failed: 11500 (90.2%)
Progress: 211900 / 234837 | Success: 200400 | Failed: 11500 (90.2%)
Progress: 211950 / 234837 | Success: 200449 | Failed: 11501 (90.3%)
Progress: 212000 / 234837 | Success: 200499 | Failed: 11501 (90.3%)
Progress: 212050 / 234837 | Success: 200549 | Failed: 11501 (90.3%)
Progress: 212100 / 234837 | Success: 200599 | Failed: 11501 (90.3%)
Progress: 212150 / 234837 | Success: 200649 | Failed: 11501 (90.3%)
Progress: 212200 / 234837 | Success: 200699 | Failed: 11501 (90.4%)
Progress: 212250 / 234837 | Success: 200749 | Failed: 11501 (90.4%)
Progress: 212300 / 234837 | Success: 200799 | Failed: 11501 (90.4%)
Progress: 212350 / 234837 | Success: 200849 | Failed: 11501 (90.4%)
Progress: 212400 / 234837 | Success: 200899 | Failed: 11501 (90.4%)
Progress: 212450 / 234837 | Success: 200949 | Failed: 11501 (90.5%)
Progress: 212500 / 234837 | Success: 200999 | Failed: 11501 (90.5%)
Progress: 212550 / 234837 | Success: 201049 | Failed: 11501 (90.5%)
Progress: 212600 / 234837 | Success: 201099 | Failed: 11501 (90.5%)
Progress: 212650 / 234837 | Success: 201149 | Failed: 11501 (90.6%)
Progress: 212700 / 234837 | Success: 201199 | Failed: 11501 (90.6%)
Progress: 212750 / 234837 | Success: 201249 | Failed: 11501 (90.6%)
Progress: 212800 / 234837 | Success: 201299 | Failed: 11501 (90.6%)
Progress: 212850 / 234837 | Success: 201349 | Failed: 11501 (90.6%)
Progress: 212900 / 234837 | Success: 201399 | Failed: 11501 (90.7%)
Progress: 212950 / 234837 | Success: 201449 | Failed: 11501 (90.7%)
Progress: 213000 / 234837 | Success: 201499 | Failed: 11501 (90.7%)
Progress: 213050 / 234837 | Success: 201549 | Failed: 11501 (90.7%)
Progress: 213100 / 234837 | Success: 201599 | Failed: 11501 (90.7%)
Progress: 213150 / 234837 | Success: 201648 | Failed: 11502 (90.8%)
Progress: 213200 / 234837 | Success: 201698 | Failed: 11502 (90.8%)
Progress: 213250 / 234837 | Success: 201748 | Failed: 11502 (90.8%)
Progress: 213300 / 234837 | Success: 201798 | Failed: 11502 (90.8%)
Progress: 213350 / 234837 | Success: 201848 | Failed: 11502 (90.9%)
Progress: 213400 / 234837 | Success: 201898 | Failed: 11502 (90.9%)
Progress: 213450 / 234837 | Success: 201948 | Failed: 11502 (90.9%)
Progress: 213500 / 234837 | Success: 201998 | Failed: 11502 (90.9%)
Progress: 213550 / 234837 | Success: 202048 | Failed: 11502 (90.9%)
Progress: 213600 / 234837 | Success: 202096 | Failed: 11504 (91.0%)
Progress: 213650 / 234837 | Success: 202145 | Failed: 11505 (91.0%)
Progress: 213700 / 234837 | Success: 202194 | Failed: 11506 (91.0%)
Progress: 213750 / 234837 | Success: 202244 | Failed: 11506 (91.0%)
Progress: 213800 / 234837 | Success: 202292 | Failed: 11508 (91.0%)
Progress: 213850 / 234837 | Success: 202341 | Failed: 11509 (91.1%)
Progress: 213900 / 234837 | Success: 202391 | Failed: 11509 (91.1%)
Progress: 213950 / 234837 | Success: 202440 | Failed: 11510 (91.1%)
Progress: 214000 / 234837 | Success: 202490 | Failed: 11510 (91.1%)
Progress: 214050 / 234837 | Success: 202538 | Failed: 11512 (91.1%)
Progress: 214100 / 234837 | Success: 202586 | Failed: 11514 (91.2%)
Progress: 214150 / 234837 | Success: 202636 | Failed: 11514 (91.2%)
Progress: 214200 / 234837 | Success: 202686 | Failed: 11514 (91.2%)
Progress: 214250 / 234837 | Success: 202736 | Failed: 11514 (91.2%)
Progress: 214300 / 234837 | Success: 202783 | Failed: 11517 (91.3%)
Progress: 214350 / 234837 | Success: 202828 | Failed: 11522 (91.3%)
Progress: 214400 / 234837 | Success: 202877 | Failed: 11523 (91.3%)
Progress: 214450 / 234837 | Success: 202926 | Failed: 11524 (91.3%)
Progress: 214500 / 234837 | Success: 202975 | Failed: 11525 (91.3%)
Progress: 214550 / 234837 | Success: 203024 | Failed: 11526 (91.4%)
Progress: 214600 / 234837 | Success: 203073 | Failed: 11527 (91.4%)
Progress: 214650 / 234837 | Success: 203119 | Failed: 11531 (91.4%)
Progress: 214700 / 234837 | Success: 203168 | Failed: 11532 (91.4%)
Progress: 214750 / 234837 | Success: 203216 | Failed: 11534 (91.4%)
Progress: 214800 / 234837 | Success: 203264 | Failed: 11536 (91.5%)
Progress: 214850 / 234837 | Success: 203309 | Failed: 11541 (91.5%)
Progress: 214900 / 234837 | Success: 203356 | Failed: 11544 (91.5%)
Progress: 214950 / 234837 | Success: 203403 | Failed: 11547 (91.5%)
Progress: 215000 / 234837 | Success: 203444 | Failed: 11556 (91.6%)
Progress: 215050 / 234837 | Success: 203491 | Failed: 11559 (91.6%)
Progress: 215100 / 234837 | Success: 203540 | Failed: 11560 (91.6%)
Progress: 215150 / 234837 | Success: 203587 | Failed: 11563 (91.6%)
Progress: 215200 / 234837 | Success: 203636 | Failed: 11564 (91.6%)
Progress: 215250 / 234837 | Success: 203685 | Failed: 11565 (91.7%)
Progress: 215300 / 234837 | Success: 203728 | Failed: 11572 (91.7%)
Progress: 215350 / 234837 | Success: 203769 | Failed: 11581 (91.7%)
Progress: 215400 / 234837 | Success: 203819 | Failed: 11581 (91.7%)
Progress: 215450 / 234837 | Success: 203864 | Failed: 11586 (91.7%)
Progress: 215500 / 234837 | Success: 203907 | Failed: 11593 (91.8%)
Progress: 215550 / 234837 | Success: 203956 | Failed: 11594 (91.8%)
Progress: 215600 / 234837 | Success: 204004 | Failed: 11596 (91.8%)
Progress: 215650 / 234837 | Success: 204053 | Failed: 11597 (91.8%)
Progress: 215700 / 234837 | Success: 204103 | Failed: 11597 (91.9%)
Progress: 215750 / 234837 | Success: 204153 | Failed: 11597 (91.9%)
Progress: 215800 / 234837 | Success: 204202 | Failed: 11598 (91.9%)
Progress: 215850 / 234837 | Success: 204246 | Failed: 11604 (91.9%)
Progress: 215900 / 234837 | Success: 204293 | Failed: 11607 (91.9%)
Progress: 215950 / 234837 | Success: 204340 | Failed: 11610 (92.0%)
Progress: 216000 / 234837 | Success: 204379 | Failed: 11621 (92.0%)
Progress: 216050 / 234837 | Success: 204423 | Failed: 11627 (92.0%)
Progress: 216100 / 234837 | Success: 204459 | Failed: 11641 (92.0%)
Progress: 216150 / 234837 | Success: 204495 | Failed: 11655 (92.0%)
Progress: 216200 / 234837 | Success: 204542 | Failed: 11658 (92.1%)
Progress: 216250 / 234837 | Success: 204583 | Failed: 11667 (92.1%)
Progress: 216300 / 234837 | Success: 204627 | Failed: 11673 (92.1%)
Progress: 216350 / 234837 | Success: 204669 | Failed: 11681 (92.1%)
Progress: 216400 / 234837 | Success: 204697 | Failed: 11703 (92.1%)
Progress: 216450 / 234837 | Success: 204706 | Failed: 11744 (92.2%)
Progress: 216500 / 234837 | Success: 204736 | Failed: 11764 (92.2%)
Progress: 216550 / 234837 | Success: 204756 | Failed: 11794 (92.2%)
Progress: 216600 / 234837 | Success: 204772 | Failed: 11828 (92.2%)
Progress: 216650 / 234837 | Success: 204812 | Failed: 11838 (92.3%)
Progress: 216700 / 234837 | Success: 204849 | Failed: 11851 (92.3%)
Progress: 216750 / 234837 | Success: 204870 | Failed: 11880 (92.3%)
Progress: 216800 / 234837 | Success: 204898 | Failed: 11902 (92.3%)
Progress: 216850 / 234837 | Success: 204913 | Failed: 11937 (92.3%)
Progress: 216900 / 234837 | Success: 204952 | Failed: 11948 (92.4%)
Progress: 216950 / 234837 | Success: 204994 | Failed: 11956 (92.4%)
Progress: 217000 / 234837 | Success: 205034 | Failed: 11966 (92.4%)
Progress: 217050 / 234837 | Success: 205080 | Failed: 11970 (92.4%)
Progress: 217100 / 234837 | Success: 205116 | Failed: 11984 (92.4%)
Progress: 217150 / 234837 | Success: 205165 | Failed: 11985 (92.5%)
Progress: 217200 / 234837 | Success: 205206 | Failed: 11994 (92.5%)
Progress: 217250 / 234837 | Success: 205243 | Failed: 12007 (92.5%)
Progress: 217300 / 234837 | Success: 205278 | Failed: 12022 (92.5%)
Progress: 217350 / 234837 | Success: 205303 | Failed: 12047 (92.6%)
Progress: 217400 / 234837 | Success: 205341 | Failed: 12059 (92.6%)
Progress: 217450 / 234837 | Success: 205390 | Failed: 12060 (92.6%)
Progress: 217500 / 234837 | Success: 205425 | Failed: 12075 (92.6%)
Progress: 217550 / 234837 | Success: 205473 | Failed: 12077 (92.6%)
Progress: 217600 / 234837 | Success: 205517 | Failed: 12083 (92.7%)
Progress: 217650 / 234837 | Success: 205565 | Failed: 12085 (92.7%)
Progress: 217700 / 234837 | Success: 205612 | Failed: 12088 (92.7%)
Progress: 217750 / 234837 | Success: 205657 | Failed: 12093 (92.7%)
Progress: 217800 / 234837 | Success: 205703 | Failed: 12097 (92.7%)
Progress: 217850 / 234837 | Success: 205751 | Failed: 12099 (92.8%)
Progress: 217900 / 234837 | Success: 205791 | Failed: 12109 (92.8%)
Progress: 217950 / 234837 | Success: 205840 | Failed: 12110 (92.8%)
Progress: 218000 / 234837 | Success: 205887 | Failed: 12113 (92.8%)
Progress: 218050 / 234837 | Success: 205935 | Failed: 12115 (92.9%)
Progress: 218100 / 234837 | Success: 205981 | Failed: 12119 (92.9%)
Progress: 218150 / 234837 | Success: 206030 | Failed: 12120 (92.9%)
Progress: 218200 / 234837 | Success: 206078 | Failed: 12122 (92.9%)
Progress: 218250 / 234837 | Success: 206126 | Failed: 12124 (92.9%)
Progress: 218300 / 234837 | Success: 206174 | Failed: 12126 (93.0%)
Progress: 218350 / 234837 | Success: 206223 | Failed: 12127 (93.0%)
Progress: 218400 / 234837 | Success: 206270 | Failed: 12130 (93.0%)
Progress: 218450 / 234837 | Success: 206318 | Failed: 12132 (93.0%)
Progress: 218500 / 234837 | Success: 206368 | Failed: 12132 (93.0%)
Progress: 218550 / 234837 | Success: 206417 | Failed: 12133 (93.1%)
Progress: 218600 / 234837 | Success: 206465 | Failed: 12135 (93.1%)
Progress: 218650 / 234837 | Success: 206515 | Failed: 12135 (93.1%)
Progress: 218700 / 234837 | Success: 206565 | Failed: 12135 (93.1%)
Progress: 218750 / 234837 | Success: 206615 | Failed: 12135 (93.1%)
Progress: 218800 / 234837 | Success: 206665 | Failed: 12135 (93.2%)
Progress: 218850 / 234837 | Success: 206715 | Failed: 12135 (93.2%)
Progress: 218900 / 234837 | Success: 206765 | Failed: 12135 (93.2%)
Progress: 218950 / 234837 | Success: 206815 | Failed: 12135 (93.2%)
Progress: 219000 / 234837 | Success: 206865 | Failed: 12135 (93.3%)
Progress: 219050 / 234837 | Success: 206915 | Failed: 12135 (93.3%)
Progress: 219100 / 234837 | Success: 206965 | Failed: 12135 (93.3%)
Progress: 219150 / 234837 | Success: 207015 | Failed: 12135 (93.3%)
Progress: 219200 / 234837 | Success: 207065 | Failed: 12135 (93.3%)
Progress: 219250 / 234837 | Success: 207115 | Failed: 12135 (93.4%)
Progress: 219300 / 234837 | Success: 207164 | Failed: 12136 (93.4%)
Progress: 219350 / 234837 | Success: 207208 | Failed: 12142 (93.4%)
Progress: 219400 / 234837 | Success: 207245 | Failed: 12155 (93.4%)
Progress: 219450 / 234837 | Success: 207280 | Failed: 12170 (93.4%)
Progress: 219500 / 234837 | Success: 207323 | Failed: 12177 (93.5%)
Progress: 219550 / 234837 | Success: 207358 | Failed: 12192 (93.5%)
Progress: 219600 / 234837 | Success: 207398 | Failed: 12202 (93.5%)
Progress: 219650 / 234837 | Success: 207437 | Failed: 12213 (93.5%)
Progress: 219700 / 234837 | Success: 207462 | Failed: 12238 (93.6%)
Progress: 219750 / 234837 | Success: 207511 | Failed: 12239 (93.6%)
Progress: 219800 / 234837 | Success: 207557 | Failed: 12243 (93.6%)
Progress: 219850 / 234837 | Success: 207604 | Failed: 12246 (93.6%)
Progress: 219900 / 234837 | Success: 207651 | Failed: 12249 (93.6%)
Progress: 219950 / 234837 | Success: 207695 | Failed: 12255 (93.7%)
Progress: 220000 / 234837 | Success: 207743 | Failed: 12257 (93.7%)
Progress: 220050 / 234837 | Success: 207791 | Failed: 12259 (93.7%)
Progress: 220100 / 234837 | Success: 207814 | Failed: 12286 (93.7%)
Progress: 220150 / 234837 | Success: 207845 | Failed: 12305 (93.7%)
Progress: 220200 / 234837 | Success: 207875 | Failed: 12325 (93.8%)
Progress: 220250 / 234837 | Success: 207917 | Failed: 12333 (93.8%)
Progress: 220300 / 234837 | Success: 207950 | Failed: 12350 (93.8%)
Progress: 220350 / 234837 | Success: 207983 | Failed: 12367 (93.8%)
Progress: 220400 / 234837 | Success: 208014 | Failed: 12386 (93.9%)
Progress: 220450 / 234837 | Success: 208037 | Failed: 12413 (93.9%)
Progress: 220500 / 234837 | Success: 208070 | Failed: 12430 (93.9%)
Progress: 220550 / 234837 | Success: 208107 | Failed: 12443 (93.9%)
Progress: 220600 / 234837 | Success: 208136 | Failed: 12464 (93.9%)
Progress: 220650 / 234837 | Success: 208176 | Failed: 12474 (94.0%)
Progress: 220700 / 234837 | Success: 208208 | Failed: 12492 (94.0%)
Progress: 220750 / 234837 | Success: 208236 | Failed: 12514 (94.0%)
Progress: 220800 / 234837 | Success: 208278 | Failed: 12522 (94.0%)
Progress: 220850 / 234837 | Success: 208308 | Failed: 12542 (94.0%)
Progress: 220900 / 234837 | Success: 208352 | Failed: 12548 (94.1%)
Progress: 220950 / 234837 | Success: 208375 | Failed: 12575 (94.1%)
Progress: 221000 / 234837 | Success: 208418 | Failed: 12582 (94.1%)
Progress: 221050 / 234837 | Success: 208456 | Failed: 12594 (94.1%)
Progress: 221100 / 234837 | Success: 208484 | Failed: 12616 (94.2%)
Progress: 221150 / 234837 | Success: 208500 | Failed: 12650 (94.2%)
Progress: 221200 / 234837 | Success: 208535 | Failed: 12665 (94.2%)
Progress: 221250 / 234837 | Success: 208558 | Failed: 12692 (94.2%)
Progress: 221300 / 234837 | Success: 208581 | Failed: 12719 (94.2%)
Progress: 221350 / 234837 | Success: 208601 | Failed: 12749 (94.3%)
Progress: 221400 / 234837 | Success: 208633 | Failed: 12767 (94.3%)
Progress: 221450 / 234837 | Success: 208669 | Failed: 12781 (94.3%)
Progress: 221500 / 234837 | Success: 208692 | Failed: 12808 (94.3%)
Progress: 221550 / 234837 | Success: 208738 | Failed: 12812 (94.3%)
Progress: 221600 / 234837 | Success: 208776 | Failed: 12824 (94.4%)
Progress: 221650 / 234837 | Success: 208808 | Failed: 12842 (94.4%)
Progress: 221700 / 234837 | Success: 208847 | Failed: 12853 (94.4%)
Progress: 221750 / 234837 | Success: 208896 | Failed: 12854 (94.4%)
Progress: 221800 / 234837 | Success: 208942 | Failed: 12858 (94.4%)
Progress: 221850 / 234837 | Success: 208992 | Failed: 12858 (94.5%)
Progress: 221900 / 234837 | Success: 209038 | Failed: 12862 (94.5%)
Progress: 221950 / 234837 | Success: 209079 | Failed: 12871 (94.5%)
Progress: 222000 / 234837 | Success: 209122 | Failed: 12878 (94.5%)
Progress: 222050 / 234837 | Success: 209161 | Failed: 12889 (94.6%)
Progress: 222100 / 234837 | Success: 209209 | Failed: 12891 (94.6%)
Progress: 222150 / 234837 | Success: 209259 | Failed: 12891 (94.6%)
Progress: 222200 / 234837 | Success: 209308 | Failed: 12892 (94.6%)
Progress: 222250 / 234837 | Success: 209356 | Failed: 12894 (94.6%)
Progress: 222300 / 234837 | Success: 209398 | Failed: 12902 (94.7%)
Progress: 222350 / 234837 | Success: 209428 | Failed: 12922 (94.7%)
Progress: 222400 / 234837 | Success: 209475 | Failed: 12925 (94.7%)
Progress: 222450 / 234837 | Success: 209497 | Failed: 12953 (94.7%)
Progress: 222500 / 234837 | Success: 209538 | Failed: 12962 (94.7%)
Progress: 222550 / 234837 | Success: 209549 | Failed: 13001 (94.8%)
Progress: 222600 / 234837 | Success: 209594 | Failed: 13006 (94.8%)
Progress: 222650 / 234837 | Success: 209626 | Failed: 13024 (94.8%)
Progress: 222700 / 234837 | Success: 209674 | Failed: 13026 (94.8%)
Progress: 222750 / 234837 | Success: 209713 | Failed: 13037 (94.9%)
Progress: 222800 / 234837 | Success: 209752 | Failed: 13048 (94.9%)
Progress: 222850 / 234837 | Success: 209773 | Failed: 13077 (94.9%)
Progress: 222900 / 234837 | Success: 209818 | Failed: 13082 (94.9%)
Progress: 222950 / 234837 | Success: 209851 | Failed: 13099 (94.9%)
Progress: 223000 / 234837 | Success: 209895 | Failed: 13105 (95.0%)
Progress: 223050 / 234837 | Success: 209937 | Failed: 13113 (95.0%)
Progress: 223100 / 234837 | Success: 209982 | Failed: 13118 (95.0%)
Progress: 223150 / 234837 | Success: 210018 | Failed: 13132 (95.0%)
Progress: 223200 / 234837 | Success: 210065 | Failed: 13135 (95.0%)
Progress: 223250 / 234837 | Success: 210101 | Failed: 13149 (95.1%)
Progress: 223300 / 234837 | Success: 210130 | Failed: 13170 (95.1%)
Progress: 223350 / 234837 | Success: 210166 | Failed: 13184 (95.1%)
Progress: 223400 / 234837 | Success: 210198 | Failed: 13202 (95.1%)
Progress: 223450 / 234837 | Success: 210231 | Failed: 13219 (95.2%)
Progress: 223500 / 234837 | Success: 210269 | Failed: 13231 (95.2%)
Progress: 223550 / 234837 | Success: 210305 | Failed: 13245 (95.2%)
Progress: 223600 / 234837 | Success: 210344 | Failed: 13256 (95.2%)
Progress: 223650 / 234837 | Success: 210383 | Failed: 13267 (95.2%)
Progress: 223700 / 234837 | Success: 210421 | Failed: 13279 (95.3%)
Progress: 223750 / 234837 | Success: 210452 | Failed: 13298 (95.3%)
Progress: 223800 / 234837 | Success: 210493 | Failed: 13307 (95.3%)
Progress: 223850 / 234837 | Success: 210502 | Failed: 13348 (95.3%)
Progress: 223900 / 234837 | Success: 210517 | Failed: 13383 (95.3%)
Progress: 223950 / 234837 | Success: 210559 | Failed: 13391 (95.4%)
Progress: 224000 / 234837 | Success: 210597 | Failed: 13403 (95.4%)
Progress: 224050 / 234837 | Success: 210633 | Failed: 13417 (95.4%)
Progress: 224100 / 234837 | Success: 210645 | Failed: 13455 (95.4%)
Progress: 224150 / 234837 | Success: 210676 | Failed: 13474 (95.4%)
Progress: 224200 / 234837 | Success: 210714 | Failed: 13486 (95.5%)
Progress: 224250 / 234837 | Success: 210750 | Failed: 13500 (95.5%)
Progress: 224300 / 234837 | Success: 210765 | Failed: 13535 (95.5%)
Progress: 224350 / 234837 | Success: 210789 | Failed: 13561 (95.5%)
Progress: 224400 / 234837 | Success: 210817 | Failed: 13583 (95.6%)
Progress: 224450 / 234837 | Success: 210854 | Failed: 13596 (95.6%)
Progress: 224500 / 234837 | Success: 210882 | Failed: 13618 (95.6%)
Progress: 224550 / 234837 | Success: 210919 | Failed: 13631 (95.6%)
Progress: 224600 / 234837 | Success: 210935 | Failed: 13665 (95.6%)
Progress: 224650 / 234837 | Success: 210965 | Failed: 13685 (95.7%)
Progress: 224700 / 234837 | Success: 210979 | Failed: 13721 (95.7%)
Progress: 224750 / 234837 | Success: 210986 | Failed: 13764 (95.7%)
Progress: 224800 / 234837 | Success: 211024 | Failed: 13776 (95.7%)
Progress: 224850 / 234837 | Success: 211053 | Failed: 13797 (95.7%)
Progress: 224900 / 234837 | Success: 211075 | Failed: 13825 (95.8%)
Progress: 224950 / 234837 | Success: 211110 | Failed: 13840 (95.8%)
Progress: 225000 / 234837 | Success: 211160 | Failed: 13840 (95.8%)
Progress: 225050 / 234837 | Success: 211209 | Failed: 13841 (95.8%)
Progress: 225100 / 234837 | Success: 211257 | Failed: 13843 (95.9%)
Progress: 225150 / 234837 | Success: 211303 | Failed: 13847 (95.9%)
Progress: 225200 / 234837 | Success: 211335 | Failed: 13865 (95.9%)
Progress: 225250 / 234837 | Success: 211381 | Failed: 13869 (95.9%)
Progress: 225300 / 234837 | Success: 211415 | Failed: 13885 (95.9%)
Progress: 225350 / 234837 | Success: 211449 | Failed: 13901 (96.0%)
Progress: 225400 / 234837 | Success: 211482 | Failed: 13918 (96.0%)
Progress: 225450 / 234837 | Success: 211509 | Failed: 13941 (96.0%)
Progress: 225500 / 234837 | Success: 211528 | Failed: 13972 (96.0%)
Progress: 225550 / 234837 | Success: 211565 | Failed: 13985 (96.0%)
Progress: 225600 / 234837 | Success: 211587 | Failed: 14013 (96.1%)
Progress: 225650 / 234837 | Success: 211626 | Failed: 14024 (96.1%)
Progress: 225700 / 234837 | Success: 211650 | Failed: 14050 (96.1%)
Progress: 225750 / 234837 | Success: 211668 | Failed: 14082 (96.1%)
Progress: 225800 / 234837 | Success: 211699 | Failed: 14101 (96.2%)
Progress: 225850 / 234837 | Success: 211722 | Failed: 14128 (96.2%)
Progress: 225900 / 234837 | Success: 211752 | Failed: 14148 (96.2%)
Progress: 225950 / 234837 | Success: 211802 | Failed: 14148 (96.2%)
Progress: 226000 / 234837 | Success: 211833 | Failed: 14167 (96.2%)
Progress: 226050 / 234837 | Success: 211842 | Failed: 14208 (96.3%)
Progress: 226100 / 234837 | Success: 211877 | Failed: 14223 (96.3%)
Progress: 226150 / 234837 | Success: 211923 | Failed: 14227 (96.3%)
Progress: 226200 / 234837 | Success: 211938 | Failed: 14262 (96.3%)
Progress: 226250 / 234837 | Success: 211963 | Failed: 14287 (96.3%)
Progress: 226300 / 234837 | Success: 211995 | Failed: 14305 (96.4%)
Progress: 226350 / 234837 | Success: 212011 | Failed: 14339 (96.4%)
Progress: 226400 / 234837 | Success: 212029 | Failed: 14371 (96.4%)
Progress: 226450 / 234837 | Success: 212038 | Failed: 14412 (96.4%)
Progress: 226500 / 234837 | Success: 212047 | Failed: 14453 (96.4%)
Progress: 226550 / 234837 | Success: 212088 | Failed: 14462 (96.5%)
Progress: 226600 / 234837 | Success: 212131 | Failed: 14469 (96.5%)
Progress: 226650 / 234837 | Success: 212172 | Failed: 14478 (96.5%)
Progress: 226700 / 234837 | Success: 212209 | Failed: 14491 (96.5%)
Progress: 226750 / 234837 | Success: 212247 | Failed: 14503 (96.6%)
Progress: 226800 / 234837 | Success: 212263 | Failed: 14537 (96.6%)
Progress: 226850 / 234837 | Success: 212263 | Failed: 14587 (96.6%)
Progress: 226900 / 234837 | Success: 212284 | Failed: 14616 (96.6%)
Progress: 226950 / 234837 | Success: 212303 | Failed: 14647 (96.6%)
Progress: 227000 / 234837 | Success: 212303 | Failed: 14697 (96.7%)
Progress: 227050 / 234837 | Success: 212331 | Failed: 14719 (96.7%)
Progress: 227100 / 234837 | Success: 212347 | Failed: 14753 (96.7%)
Progress: 227150 / 234837 | Success: 212362 | Failed: 14788 (96.7%)
Progress: 227200 / 234837 | Success: 212400 | Failed: 14800 (96.7%)
Progress: 227250 / 234837 | Success: 212439 | Failed: 14811 (96.8%)
Progress: 227300 / 234837 | Success: 212474 | Failed: 14826 (96.8%)
Progress: 227350 / 234837 | Success: 212505 | Failed: 14845 (96.8%)
Progress: 227400 / 234837 | Success: 212537 | Failed: 14863 (96.8%)
Progress: 227450 / 234837 | Success: 212584 | Failed: 14866 (96.9%)
Progress: 227500 / 234837 | Success: 212625 | Failed: 14875 (96.9%)
Progress: 227550 / 234837 | Success: 212625 | Failed: 14925 (96.9%)
Progress: 227600 / 234837 | Success: 212657 | Failed: 14943 (96.9%)
Progress: 227650 / 234837 | Success: 212695 | Failed: 14955 (96.9%)
Progress: 227700 / 234837 | Success: 212727 | Failed: 14973 (97.0%)
Progress: 227750 / 234837 | Success: 212749 | Failed: 15001 (97.0%)
Progress: 227800 / 234837 | Success: 212767 | Failed: 15033 (97.0%)
Progress: 227850 / 234837 | Success: 212773 | Failed: 15077 (97.0%)
Progress: 227900 / 234837 | Success: 212773 | Failed: 15127 (97.0%)
Progress: 227950 / 234837 | Success: 212815 | Failed: 15135 (97.1%)
Progress: 228000 / 234837 | Success: 212824 | Failed: 15176 (97.1%)
Progress: 228050 / 234837 | Success: 212824 | Failed: 15226 (97.1%)
Progress: 228100 / 234837 | Success: 212836 | Failed: 15264 (97.1%)
Progress: 228150 / 234837 | Success: 212861 | Failed: 15289 (97.2%)
Progress: 228200 / 234837 | Success: 212870 | Failed: 15330 (97.2%)
Progress: 228250 / 234837 | Success: 212899 | Failed: 15351 (97.2%)
Progress: 228300 / 234837 | Success: 212918 | Failed: 15382 (97.2%)
Progress: 228350 / 234837 | Success: 212965 | Failed: 15385 (97.2%)
Progress: 228400 / 234837 | Success: 212987 | Failed: 15413 (97.3%)
Progress: 228450 / 234837 | Success: 213032 | Failed: 15418 (97.3%)
Progress: 228500 / 234837 | Success: 213077 | Failed: 15423 (97.3%)
Progress: 228550 / 234837 | Success: 213127 | Failed: 15423 (97.3%)
Progress: 228600 / 234837 | Success: 213177 | Failed: 15423 (97.3%)
Progress: 228650 / 234837 | Success: 213227 | Failed: 15423 (97.4%)
Progress: 228700 / 234837 | Success: 213277 | Failed: 15423 (97.4%)
Progress: 228750 / 234837 | Success: 213327 | Failed: 15423 (97.4%)
Progress: 228800 / 234837 | Success: 213377 | Failed: 15423 (97.4%)
Progress: 228850 / 234837 | Success: 213427 | Failed: 15423 (97.5%)
Progress: 228900 / 234837 | Success: 213477 | Failed: 15423 (97.5%)
Progress: 228950 / 234837 | Success: 213526 | Failed: 15424 (97.5%)
Progress: 229000 / 234837 | Success: 213575 | Failed: 15425 (97.5%)
Progress: 229050 / 234837 | Success: 213624 | Failed: 15426 (97.5%)
Progress: 229100 / 234837 | Success: 213674 | Failed: 15426 (97.6%)
Progress: 229150 / 234837 | Success: 213724 | Failed: 15426 (97.6%)
Progress: 229200 / 234837 | Success: 213774 | Failed: 15426 (97.6%)
Progress: 229250 / 234837 | Success: 213824 | Failed: 15426 (97.6%)
Progress: 229300 / 234837 | Success: 213874 | Failed: 15426 (97.6%)
Progress: 229350 / 234837 | Success: 213924 | Failed: 15426 (97.7%)
Progress: 229400 / 234837 | Success: 213974 | Failed: 15426 (97.7%)
Progress: 229450 / 234837 | Success: 214024 | Failed: 15426 (97.7%)
Progress: 229500 / 234837 | Success: 214074 | Failed: 15426 (97.7%)
Progress: 229550 / 234837 | Success: 214124 | Failed: 15426 (97.7%)
Progress: 229600 / 234837 | Success: 214173 | Failed: 15427 (97.8%)
Progress: 229650 / 234837 | Success: 214223 | Failed: 15427 (97.8%)
Progress: 229700 / 234837 | Success: 214273 | Failed: 15427 (97.8%)
Progress: 229750 / 234837 | Success: 214323 | Failed: 15427 (97.8%)
Progress: 229800 / 234837 | Success: 214372 | Failed: 15428 (97.9%)
Progress: 229850 / 234837 | Success: 214420 | Failed: 15430 (97.9%)
Progress: 229900 / 234837 | Success: 214470 | Failed: 15430 (97.9%)
Progress: 229950 / 234837 | Success: 214519 | Failed: 15431 (97.9%)
Progress: 230000 / 234837 | Success: 214568 | Failed: 15432 (97.9%)
Progress: 230050 / 234837 | Success: 214618 | Failed: 15432 (98.0%)
Progress: 230100 / 234837 | Success: 214668 | Failed: 15432 (98.0%)
Progress: 230150 / 234837 | Success: 214718 | Failed: 15432 (98.0%)
Progress: 230200 / 234837 | Success: 214767 | Failed: 15433 (98.0%)
Progress: 230250 / 234837 | Success: 214816 | Failed: 15434 (98.0%)
Progress: 230300 / 234837 | Success: 214866 | Failed: 15434 (98.1%)
Progress: 230350 / 234837 | Success: 214914 | Failed: 15436 (98.1%)
Progress: 230400 / 234837 | Success: 214963 | Failed: 15437 (98.1%)
Progress: 230450 / 234837 | Success: 215013 | Failed: 15437 (98.1%)
Progress: 230500 / 234837 | Success: 215062 | Failed: 15438 (98.2%)
Progress: 230550 / 234837 | Success: 215112 | Failed: 15438 (98.2%)
Progress: 230600 / 234837 | Success: 215162 | Failed: 15438 (98.2%)
Progress: 230650 / 234837 | Success: 215212 | Failed: 15438 (98.2%)
Progress: 230700 / 234837 | Success: 215262 | Failed: 15438 (98.2%)
Progress: 230750 / 234837 | Success: 215312 | Failed: 15438 (98.3%)
Progress: 230800 / 234837 | Success: 215362 | Failed: 15438 (98.3%)
Progress: 230850 / 234837 | Success: 215411 | Failed: 15439 (98.3%)
Progress: 230900 / 234837 | Success: 215461 | Failed: 15439 (98.3%)
Progress: 230950 / 234837 | Success: 215511 | Failed: 15439 (98.3%)
Progress: 231000 / 234837 | Success: 215561 | Failed: 15439 (98.4%)
Progress: 231050 / 234837 | Success: 215610 | Failed: 15440 (98.4%)
Progress: 231100 / 234837 | Success: 215659 | Failed: 15441 (98.4%)
Progress: 231150 / 234837 | Success: 215708 | Failed: 15442 (98.4%)
Progress: 231200 / 234837 | Success: 215758 | Failed: 15442 (98.5%)
Progress: 231250 / 234837 | Success: 215808 | Failed: 15442 (98.5%)
Progress: 231300 / 234837 | Success: 215858 | Failed: 15442 (98.5%)
Progress: 231350 / 234837 | Success: 215908 | Failed: 15442 (98.5%)
Progress: 231400 / 234837 | Success: 215958 | Failed: 15442 (98.5%)
Progress: 231450 / 234837 | Success: 216008 | Failed: 15442 (98.6%)
Progress: 231500 / 234837 | Success: 216058 | Failed: 15442 (98.6%)
Progress: 231550 / 234837 | Success: 216108 | Failed: 15442 (98.6%)
Progress: 231600 / 234837 | Success: 216158 | Failed: 15442 (98.6%)
Progress: 231650 / 234837 | Success: 216207 | Failed: 15443 (98.6%)
Progress: 231700 / 234837 | Success: 216257 | Failed: 15443 (98.7%)
Progress: 231750 / 234837 | Success: 216307 | Failed: 15443 (98.7%)
Progress: 231800 / 234837 | Success: 216357 | Failed: 15443 (98.7%)
Progress: 231850 / 234837 | Success: 216403 | Failed: 15447 (98.7%)
Progress: 231900 / 234837 | Success: 216451 | Failed: 15449 (98.7%)
Progress: 231950 / 234837 | Success: 216500 | Failed: 15450 (98.8%)
Progress: 232000 / 234837 | Success: 216549 | Failed: 15451 (98.8%)
Progress: 232050 / 234837 | Success: 216596 | Failed: 15454 (98.8%)
Progress: 232100 / 234837 | Success: 216644 | Failed: 15456 (98.8%)
Progress: 232150 / 234837 | Success: 216694 | Failed: 15456 (98.9%)
Progress: 232200 / 234837 | Success: 216736 | Failed: 15464 (98.9%)
Progress: 232250 / 234837 | Success: 216782 | Failed: 15468 (98.9%)
Progress: 232300 / 234837 | Success: 216829 | Failed: 15471 (98.9%)
Progress: 232350 / 234837 | Success: 216872 | Failed: 15478 (98.9%)
Progress: 232400 / 234837 | Success: 216920 | Failed: 15480 (99.0%)
Progress: 232450 / 234837 | Success: 216964 | Failed: 15486 (99.0%)
Progress: 232500 / 234837 | Success: 217003 | Failed: 15497 (99.0%)
Progress: 232550 / 234837 | Success: 217037 | Failed: 15513 (99.0%)
Progress: 232600 / 234837 | Success: 217081 | Failed: 15519 (99.0%)
Progress: 232650 / 234837 | Success: 217125 | Failed: 15525 (99.1%)
Progress: 232700 / 234837 | Success: 217158 | Failed: 15542 (99.1%)
Progress: 232750 / 234837 | Success: 217196 | Failed: 15554 (99.1%)
Progress: 232800 / 234837 | Success: 217240 | Failed: 15560 (99.1%)
Progress: 232850 / 234837 | Success: 217286 | Failed: 15564 (99.2%)
Progress: 232900 / 234837 | Success: 217334 | Failed: 15566 (99.2%)
Progress: 232950 / 234837 | Success: 217372 | Failed: 15578 (99.2%)
Progress: 233000 / 234837 | Success: 217416 | Failed: 15584 (99.2%)
Progress: 233050 / 234837 | Success: 217464 | Failed: 15586 (99.2%)
Progress: 233100 / 234837 | Success: 217508 | Failed: 15592 (99.3%)
Progress: 233150 / 234837 | Success: 217525 | Failed: 15625 (99.3%)
Progress: 233200 / 234837 | Success: 217567 | Failed: 15633 (99.3%)
Progress: 233250 / 234837 | Success: 217605 | Failed: 15645 (99.3%)
Progress: 233300 / 234837 | Success: 217648 | Failed: 15652 (99.3%)
Progress: 233350 / 234837 | Success: 217688 | Failed: 15662 (99.4%)
Progress: 233400 / 234837 | Success: 217712 | Failed: 15688 (99.4%)
Progress: 233450 / 234837 | Success: 217715 | Failed: 15735 (99.4%)
Progress: 233500 / 234837 | Success: 217720 | Failed: 15780 (99.4%)
Progress: 233550 / 234837 | Success: 217735 | Failed: 15815 (99.5%)
Progress: 233600 / 234837 | Success: 217756 | Failed: 15844 (99.5%)
Progress: 233650 / 234837 | Success: 217762 | Failed: 15888 (99.5%)
Progress: 233700 / 234837 | Success: 217795 | Failed: 15905 (99.5%)
Progress: 233750 / 234837 | Success: 217815 | Failed: 15935 (99.5%)
Progress: 233800 / 234837 | Success: 217845 | Failed: 15955 (99.6%)
Progress: 233850 / 234837 | Success: 217880 | Failed: 15970 (99.6%)
Progress: 233900 / 234837 | Success: 217927 | Failed: 15973 (99.6%)
Progress: 233950 / 234837 | Success: 217955 | Failed: 15995 (99.6%)
Progress: 234000 / 234837 | Success: 217994 | Failed: 16006 (99.6%)
Progress: 234050 / 234837 | Success: 218012 | Failed: 16038 (99.7%)
Progress: 234100 / 234837 | Success: 218030 | Failed: 16070 (99.7%)
Progress: 234150 / 234837 | Success: 218072 | Failed: 16078 (99.7%)
Progress: 234200 / 234837 | Success: 218110 | Failed: 16090 (99.7%)
Progress: 234250 / 234837 | Success: 218155 | Failed: 16095 (99.8%)
Progress: 234300 / 234837 | Success: 218203 | Failed: 16097 (99.8%)
Progress: 234350 / 234837 | Success: 218248 | Failed: 16102 (99.8%)
Progress: 234400 / 234837 | Success: 218294 | Failed: 16106 (99.8%)
Progress: 234450 / 234837 | Success: 218339 | Failed: 16111 (99.8%)
Progress: 234500 / 234837 | Success: 218382 | Failed: 16118 (99.9%)
Progress: 234550 / 234837 | Success: 218419 | Failed: 16131 (99.9%)
Progress: 234600 / 234837 | Success: 218465 | Failed: 16135 (99.9%)
Progress: 234650 / 234837 | Success: 218511 | Failed: 16139 (99.9%)
Progress: 234700 / 234837 | Success: 218560 | Failed: 16140 (99.9%)
Progress: 234750 / 234837 | Success: 218605 | Failed: 16145 (100.0%)
Progress: 234800 / 234837 | Success: 218653 | Failed: 16147 (100.0%)
Progress: 234850 / 234837 | Success: 218698 | Failed: 16152 (100.0%)
Progress: 234900 / 234837 | Success: 218745 | Failed: 16155 (100.0%)
Progress: 234950 / 234837 | Success: 218793 | Failed: 16157 (100.0%)
Progress: 235000 / 234837 | Success: 218840 | Failed: 16160 (100.1%)
Progress: 235050 / 234837 | Success: 218890 | Failed: 16160 (100.1%)
Progress: 235100 / 234837 | Success: 218940 | Failed: 16160 (100.1%)
Progress: 235150 / 234837 | Success: 218990 | Failed: 16160 (100.1%)
Progress: 235200 / 234837 | Success: 219036 | Failed: 16164 (100.2%)
Progress: 235250 / 234837 | Success: 219066 | Failed: 16184 (100.2%)
Progress: 235300 / 234837 | Success: 219091 | Failed: 16209 (100.2%)
Progress: 235350 / 234837 | Success: 219117 | Failed: 16233 (100.2%)
Progress: 235400 / 234837 | Success: 219142 | Failed: 16258 (100.2%)
Progress: 235450 / 234837 | Success: 219165 | Failed: 16285 (100.3%)
Progress: 235500 / 234837 | Success: 219199 | Failed: 16301 (100.3%)
Progress: 235550 / 234837 | Success: 219199 | Failed: 16351 (100.3%)
Progress: 235600 / 234837 | Success: 219220 | Failed: 16380 (100.3%)
Progress: 235650 / 234837 | Success: 219235 | Failed: 16415 (100.3%)
Progress: 235700 / 234837 | Success: 219257 | Failed: 16443 (100.4%)
Progress: 235750 / 234837 | Success: 219285 | Failed: 16465 (100.4%)
Progress: 235800 / 234837 | Success: 219307 | Failed: 16493 (100.4%)
Progress: 235850 / 234837 | Success: 219335 | Failed: 16515 (100.4%)
Progress: 235900 / 234837 | Success: 219361 | Failed: 16539 (100.5%)
Progress: 235950 / 234837 | Success: 219370 | Failed: 16580 (100.5%)
Progress: 236000 / 234837 | Success: 219388 | Failed: 16612 (100.5%)
Progress: 236050 / 234837 | Success: 219407 | Failed: 16643 (100.5%)
Progress: 236100 / 234837 | Success: 219440 | Failed: 16660 (100.5%)
Progress: 236150 / 234837 | Success: 219477 | Failed: 16673 (100.6%)
Progress: 236200 / 234837 | Success: 219505 | Failed: 16695 (100.6%)
Progress: 236250 / 234837 | Success: 219512 | Failed: 16738 (100.6%)
Progress: 236300 / 234837 | Success: 219527 | Failed: 16773 (100.6%)
Progress: 236350 / 234837 | Success: 219545 | Failed: 16805 (100.6%)
Progress: 236400 / 234837 | Success: 219551 | Failed: 16849 (100.7%)
Progress: 236450 / 234837 | Success: 219581 | Failed: 16869 (100.7%)
Progress: 236500 / 234837 | Success: 219596 | Failed: 16904 (100.7%)
Progress: 236550 / 234837 | Success: 219610 | Failed: 16940 (100.7%)
Progress: 236600 / 234837 | Success: 219642 | Failed: 16958 (100.8%)
Progress: 236650 / 234837 | Success: 219689 | Failed: 16961 (100.8%)
Progress: 236700 / 234837 | Success: 219734 | Failed: 16966 (100.8%)
Progress: 236750 / 234837 | Success: 219763 | Failed: 16987 (100.8%)
Progress: 236800 / 234837 | Success: 219804 | Failed: 16996 (100.8%)
Progress: 236850 / 234837 | Success: 219850 | Failed: 17000 (100.9%)
Progress: 236900 / 234837 | Success: 219899 | Failed: 17001 (100.9%)
Progress: 236950 / 234837 | Success: 219946 | Failed: 17004 (100.9%)
Progress: 237000 / 234837 | Success: 219961 | Failed: 17039 (100.9%)
Progress: 237050 / 234837 | Success: 219985 | Failed: 17065 (100.9%)
Progress: 237100 / 234837 | Success: 220022 | Failed: 17078 (101.0%)
Progress: 237150 / 234837 | Success: 220028 | Failed: 17122 (101.0%)
Progress: 237200 / 234837 | Success: 220060 | Failed: 17140 (101.0%)
Progress: 237250 / 234837 | Success: 220097 | Failed: 17153 (101.0%)
Progress: 237300 / 234837 | Success: 220128 | Failed: 17172 (101.0%)
Progress: 237350 / 234837 | Success: 220153 | Failed: 17197 (101.1%)
Progress: 237400 / 234837 | Success: 220186 | Failed: 17214 (101.1%)
Progress: 237450 / 234837 | Success: 220235 | Failed: 17215 (101.1%)
Progress: 237500 / 234837 | Success: 220269 | Failed: 17231 (101.1%)
Progress: 237550 / 234837 | Success: 220299 | Failed: 17251 (101.2%)
Progress: 237600 / 234837 | Success: 220341 | Failed: 17259 (101.2%)
Progress: 237650 / 234837 | Success: 220366 | Failed: 17284 (101.2%)
Progress: 237700 / 234837 | Success: 220376 | Failed: 17324 (101.2%)
Progress: 237750 / 234837 | Success: 220407 | Failed: 17343 (101.2%)
Progress: 237800 / 234837 | Success: 220435 | Failed: 17365 (101.3%)
Progress: 237850 / 234837 | Success: 220461 | Failed: 17389 (101.3%)
Progress: 237900 / 234837 | Success: 220486 | Failed: 17414 (101.3%)
Progress: 237950 / 234837 | Success: 220517 | Failed: 17433 (101.3%)
Progress: 238000 / 234837 | Success: 220518 | Failed: 17482 (101.3%)
Progress: 238050 / 234837 | Success: 220536 | Failed: 17514 (101.4%)
Progress: 238100 / 234837 | Success: 220557 | Failed: 17543 (101.4%)
Progress: 238150 / 234837 | Success: 220601 | Failed: 17549 (101.4%)
Progress: 238200 / 234837 | Success: 220609 | Failed: 17591 (101.4%)
Progress: 238250 / 234837 | Success: 220638 | Failed: 17612 (101.5%)
Progress: 238300 / 234837 | Success: 220675 | Failed: 17625 (101.5%)
Progress: 238350 / 234837 | Success: 220675 | Failed: 17675 (101.5%)
Progress: 238400 / 234837 | Success: 220677 | Failed: 17723 (101.5%)
Progress: 238450 / 234837 | Success: 220693 | Failed: 17757 (101.5%)
Progress: 238500 / 234837 | Success: 220718 | Failed: 17782 (101.6%)
Progress: 238550 / 234837 | Success: 220762 | Failed: 17788 (101.6%)
Progress: 238600 / 234837 | Success: 220789 | Failed: 17811 (101.6%)
Progress: 238650 / 234837 | Success: 220789 | Failed: 17861 (101.6%)
Progress: 238700 / 234837 | Success: 220789 | Failed: 17911 (101.6%)
Progress: 238750 / 234837 | Success: 220807 | Failed: 17943 (101.7%)
Progress: 238800 / 234837 | Success: 220838 | Failed: 17962 (101.7%)
Progress: 238850 / 234837 | Success: 220861 | Failed: 17989 (101.7%)
Progress: 238900 / 234837 | Success: 220865 | Failed: 18035 (101.7%)
Progress: 238950 / 234837 | Success: 220890 | Failed: 18060 (101.8%)
Progress: 239000 / 234837 | Success: 220920 | Failed: 18080 (101.8%)
Progress: 239050 / 234837 | Success: 220950 | Failed: 18100 (101.8%)
Progress: 239100 / 234837 | Success: 220979 | Failed: 18121 (101.8%)
Progress: 239150 / 234837 | Success: 220979 | Failed: 18171 (101.8%)
Progress: 239200 / 234837 | Success: 220991 | Failed: 18209 (101.9%)
Progress: 239250 / 234837 | Success: 220995 | Failed: 18255 (101.9%)
Progress: 239300 / 234837 | Success: 220995 | Failed: 18305 (101.9%)
Progress: 239350 / 234837 | Success: 221009 | Failed: 18341 (101.9%)
Progress: 239400 / 234837 | Success: 221050 | Failed: 18350 (101.9%)
Progress: 239450 / 234837 | Success: 221080 | Failed: 18370 (102.0%)
Progress: 239500 / 234837 | Success: 221088 | Failed: 18412 (102.0%)
Progress: 239550 / 234837 | Success: 221126 | Failed: 18424 (102.0%)
Progress: 239600 / 234837 | Success: 221130 | Failed: 18470 (102.0%)
Progress: 239650 / 234837 | Success: 221146 | Failed: 18504 (102.0%)
Progress: 239700 / 234837 | Success: 221153 | Failed: 18547 (102.1%)
Progress: 239750 / 234837 | Success: 221163 | Failed: 18587 (102.1%)
Progress: 239800 / 234837 | Success: 221181 | Failed: 18619 (102.1%)
Progress: 239850 / 234837 | Success: 221181 | Failed: 18669 (102.1%)
Progress: 239900 / 234837 | Success: 221223 | Failed: 18677 (102.2%)
Progress: 239950 / 234837 | Success: 221262 | Failed: 18688 (102.2%)
Progress: 240000 / 234837 | Success: 221302 | Failed: 18698 (102.2%)
Progress: 240050 / 234837 | Success: 221320 | Failed: 18730 (102.2%)
Progress: 240100 / 234837 | Success: 221359 | Failed: 18741 (102.2%)
Progress: 240150 / 234837 | Success: 221359 | Failed: 18791 (102.3%)
Progress: 240200 / 234837 | Success: 221359 | Failed: 18841 (102.3%)
Progress: 240250 / 234837 | Success: 221359 | Failed: 18891 (102.3%)
Progress: 240300 / 234837 | Success: 221362 | Failed: 18938 (102.3%)
Progress: 240350 / 234837 | Success: 221364 | Failed: 18986 (102.3%)
Progress: 240400 / 234837 | Success: 221384 | Failed: 19016 (102.4%)
Progress: 240450 / 234837 | Success: 221419 | Failed: 19031 (102.4%)
Progress: 240500 / 234837 | Success: 221458 | Failed: 19042 (102.4%)
Progress: 240550 / 234837 | Success: 221493 | Failed: 19057 (102.4%)
Progress: 240600 / 234837 | Success: 221497 | Failed: 19103 (102.5%)
Progress: 240650 / 234837 | Success: 221524 | Failed: 19126 (102.5%)
Progress: 240700 / 234837 | Success: 221524 | Failed: 19176 (102.5%)
Progress: 240750 / 234837 | Success: 221547 | Failed: 19203 (102.5%)
Progress: 240800 / 234837 | Success: 221578 | Failed: 19222 (102.5%)
Progress: 240850 / 234837 | Success: 221595 | Failed: 19255 (102.6%)
Progress: 240900 / 234837 | Success: 221613 | Failed: 19287 (102.6%)
Progress: 240950 / 234837 | Success: 221623 | Failed: 19327 (102.6%)
Progress: 241000 / 234837 | Success: 221623 | Failed: 19377 (102.6%)
Progress: 241050 / 234837 | Success: 221632 | Failed: 19418 (102.6%)
Progress: 241100 / 234837 | Success: 221632 | Failed: 19468 (102.7%)
Progress: 241150 / 234837 | Success: 221644 | Failed: 19506 (102.7%)
Progress: 241200 / 234837 | Success: 221647 | Failed: 19553 (102.7%)
Progress: 241250 / 234837 | Success: 221678 | Failed: 19572 (102.7%)
Progress: 241300 / 234837 | Success: 221683 | Failed: 19617 (102.8%)
Progress: 241350 / 234837 | Success: 221713 | Failed: 19637 (102.8%)
Progress: 241400 / 234837 | Success: 221737 | Failed: 19663 (102.8%)
Progress: 241450 / 234837 | Success: 221777 | Failed: 19673 (102.8%)
Progress: 241500 / 234837 | Success: 221827 | Failed: 19673 (102.8%)
Progress: 241550 / 234837 | Success: 221877 | Failed: 19673 (102.9%)
Progress: 241600 / 234837 | Success: 221927 | Failed: 19673 (102.9%)
Progress: 241650 / 234837 | Success: 221974 | Failed: 19676 (102.9%)
Progress: 241700 / 234837 | Success: 222024 | Failed: 19676 (102.9%)
Progress: 241750 / 234837 | Success: 222074 | Failed: 19676 (102.9%)
Progress: 241800 / 234837 | Success: 222124 | Failed: 19676 (103.0%)
Progress: 241850 / 234837 | Success: 222173 | Failed: 19677 (103.0%)
Progress: 241900 / 234837 | Success: 222223 | Failed: 19677 (103.0%)
Progress: 241950 / 234837 | Success: 222272 | Failed: 19678 (103.0%)
Progress: 242000 / 234837 | Success: 222307 | Failed: 19693 (103.1%)
Progress: 242050 / 234837 | Success: 222355 | Failed: 19695 (103.1%)
Progress: 242100 / 234837 | Success: 222404 | Failed: 19696 (103.1%)
Progress: 242150 / 234837 | Success: 222453 | Failed: 19697 (103.1%)
Progress: 242200 / 234837 | Success: 222503 | Failed: 19697 (103.1%)
Progress: 242250 / 234837 | Success: 222551 | Failed: 19699 (103.2%)
Progress: 242300 / 234837 | Success: 222601 | Failed: 19699 (103.2%)
Progress: 242350 / 234837 | Success: 222648 | Failed: 19702 (103.2%)
Progress: 242400 / 234837 | Success: 222697 | Failed: 19703 (103.2%)
Progress: 242450 / 234837 | Success: 222746 | Failed: 19704 (103.2%)
Progress: 242500 / 234837 | Success: 222796 | Failed: 19704 (103.3%)
Progress: 242550 / 234837 | Success: 222846 | Failed: 19704 (103.3%)
Progress: 242600 / 234837 | Success: 222896 | Failed: 19704 (103.3%)
Progress: 242650 / 234837 | Success: 222946 | Failed: 19704 (103.3%)
Progress: 242700 / 234837 | Success: 222996 | Failed: 19704 (103.3%)
Progress: 242750 / 234837 | Success: 223044 | Failed: 19706 (103.4%)
Progress: 242800 / 234837 | Success: 223092 | Failed: 19708 (103.4%)
Progress: 242850 / 234837 | Success: 223142 | Failed: 19708 (103.4%)
Progress: 242900 / 234837 | Success: 223192 | Failed: 19708 (103.4%)
Progress: 242950 / 234837 | Success: 223242 | Failed: 19708 (103.5%)
Progress: 243000 / 234837 | Success: 223291 | Failed: 19709 (103.5%)
Progress: 243050 / 234837 | Success: 223337 | Failed: 19713 (103.5%)
Progress: 243100 / 234837 | Success: 223384 | Failed: 19716 (103.5%)
Progress: 243150 / 234837 | Success: 223432 | Failed: 19718 (103.5%)
Progress: 243200 / 234837 | Success: 223474 | Failed: 19726 (103.6%)
Progress: 243250 / 234837 | Success: 223518 | Failed: 19732 (103.6%)
Progress: 243300 / 234837 | Success: 223563 | Failed: 19737 (103.6%)
Progress: 243350 / 234837 | Success: 223600 | Failed: 19750 (103.6%)
Progress: 243400 / 234837 | Success: 223631 | Failed: 19769 (103.6%)
Progress: 243450 / 234837 | Success: 223663 | Failed: 19787 (103.7%)
Progress: 243500 / 234837 | Success: 223699 | Failed: 19801 (103.7%)
Progress: 243550 / 234837 | Success: 223718 | Failed: 19832 (103.7%)
Progress: 243600 / 234837 | Success: 223758 | Failed: 19842 (103.7%)
Progress: 243650 / 234837 | Success: 223806 | Failed: 19844 (103.8%)
Progress: 243700 / 234837 | Success: 223842 | Failed: 19858 (103.8%)
Progress: 243750 / 234837 | Success: 223868 | Failed: 19882 (103.8%)
Progress: 243800 / 234837 | Success: 223882 | Failed: 19918 (103.8%)
Progress: 243850 / 234837 | Success: 223923 | Failed: 19927 (103.8%)
Progress: 243900 / 234837 | Success: 223956 | Failed: 19944 (103.9%)
Progress: 243950 / 234837 | Success: 223956 | Failed: 19994 (103.9%)
Progress: 244000 / 234837 | Success: 223959 | Failed: 20041 (103.9%)
Progress: 244050 / 234837 | Success: 223969 | Failed: 20081 (103.9%)
Progress: 244100 / 234837 | Success: 223986 | Failed: 20114 (103.9%)
Progress: 244150 / 234837 | Success: 224009 | Failed: 20141 (104.0%)
Progress: 244200 / 234837 | Success: 224009 | Failed: 20191 (104.0%)
Progress: 244250 / 234837 | Success: 224011 | Failed: 20239 (104.0%)
Progress: 244300 / 234837 | Success: 224025 | Failed: 20275 (104.0%)
Progress: 244350 / 234837 | Success: 224042 | Failed: 20308 (104.1%)
Progress: 244400 / 234837 | Success: 224081 | Failed: 20319 (104.1%)
Progress: 244450 / 234837 | Success: 224097 | Failed: 20353 (104.1%)
Progress: 244500 / 234837 | Success: 224118 | Failed: 20382 (104.1%)
Progress: 244550 / 234837 | Success: 224135 | Failed: 20415 (104.1%)
Progress: 244600 / 234837 | Success: 224176 | Failed: 20424 (104.2%)
Progress: 244650 / 234837 | Success: 224207 | Failed: 20443 (104.2%)
Progress: 244700 / 234837 | Success: 224236 | Failed: 20464 (104.2%)
Progress: 244750 / 234837 | Success: 224274 | Failed: 20476 (104.2%)
Progress: 244800 / 234837 | Success: 224310 | Failed: 20490 (104.2%)
Progress: 244850 / 234837 | Success: 224359 | Failed: 20491 (104.3%)
Progress: 244900 / 234837 | Success: 224406 | Failed: 20494 (104.3%)
Progress: 244950 / 234837 | Success: 224456 | Failed: 20494 (104.3%)
Progress: 245000 / 234837 | Success: 224501 | Failed: 20499 (104.3%)
Progress: 245050 / 234837 | Success: 224521 | Failed: 20529 (104.3%)
Progress: 245100 / 234837 | Success: 224548 | Failed: 20552 (104.4%)
Progress: 245150 / 234837 | Success: 224555 | Failed: 20595 (104.4%)
Progress: 245200 / 234837 | Success: 224582 | Failed: 20618 (104.4%)
Progress: 245250 / 234837 | Success: 224614 | Failed: 20636 (104.4%)
Progress: 245300 / 234837 | Success: 224619 | Failed: 20681 (104.5%)
Progress: 245350 / 234837 | Success: 224645 | Failed: 20705 (104.5%)
Progress: 245400 / 234837 | Success: 224652 | Failed: 20748 (104.5%)
Progress: 245450 / 234837 | Success: 224657 | Failed: 20793 (104.5%)
Progress: 245500 / 234837 | Success: 224664 | Failed: 20836 (104.5%)
Progress: 245550 / 234837 | Success: 224691 | Failed: 20859 (104.6%)
Progress: 245600 / 234837 | Success: 224712 | Failed: 20888 (104.6%)
Progress: 245650 / 234837 | Success: 224730 | Failed: 20920 (104.6%)
Progress: 245700 / 234837 | Success: 224751 | Failed: 20949 (104.6%)
Progress: 245750 / 234837 | Success: 224765 | Failed: 20985 (104.6%)
Progress: 245800 / 234837 | Success: 224774 | Failed: 21026 (104.7%)
Progress: 245850 / 234837 | Success: 224787 | Failed: 21063 (104.7%)
Progress: 245900 / 234837 | Success: 224787 | Failed: 21113 (104.7%)
Progress: 245950 / 234837 | Success: 224797 | Failed: 21153 (104.7%)
Progress: 246000 / 234837 | Success: 224799 | Failed: 21201 (104.8%)
Progress: 246050 / 234837 | Success: 224831 | Failed: 21219 (104.8%)
Progress: 246100 / 234837 | Success: 224845 | Failed: 21255 (104.8%)
Progress: 246150 / 234837 | Success: 224863 | Failed: 21287 (104.8%)
Progress: 246200 / 234837 | Success: 224890 | Failed: 21310 (104.8%)
Progress: 246250 / 234837 | Success: 224908 | Failed: 21342 (104.9%)
Progress: 246300 / 234837 | Success: 224945 | Failed: 21355 (104.9%)
Progress: 246350 / 234837 | Success: 224992 | Failed: 21358 (104.9%)
Progress: 246400 / 234837 | Success: 225037 | Failed: 21363 (104.9%)
Progress: 246450 / 234837 | Success: 225051 | Failed: 21399 (104.9%)
Progress: 246500 / 234837 | Success: 225057 | Failed: 21443 (105.0%)
Progress: 246550 / 234837 | Success: 225063 | Failed: 21487 (105.0%)
Progress: 246600 / 234837 | Success: 225095 | Failed: 21505 (105.0%)
Progress: 246650 / 234837 | Success: 225128 | Failed: 21522 (105.0%)
Progress: 246700 / 234837 | Success: 225137 | Failed: 21563 (105.1%)
Progress: 246750 / 234837 | Success: 225161 | Failed: 21589 (105.1%)
Progress: 246800 / 234837 | Success: 225199 | Failed: 21601 (105.1%)
Progress: 246850 / 234837 | Success: 225229 | Failed: 21621 (105.1%)
Progress: 246900 / 234837 | Success: 225241 | Failed: 21659 (105.1%)
Progress: 246950 / 234837 | Success: 225241 | Failed: 21709 (105.2%)
Progress: 247000 / 234837 | Success: 225251 | Failed: 21749 (105.2%)
Progress: 247050 / 234837 | Success: 225264 | Failed: 21786 (105.2%)
Progress: 247100 / 234837 | Success: 225279 | Failed: 21821 (105.2%)
Progress: 247150 / 234837 | Success: 225280 | Failed: 21870 (105.2%)
Progress: 247200 / 234837 | Success: 225283 | Failed: 21917 (105.3%)
Progress: 247250 / 234837 | Success: 225284 | Failed: 21966 (105.3%)
Progress: 247300 / 234837 | Success: 225316 | Failed: 21984 (105.3%)
Progress: 247350 / 234837 | Success: 225328 | Failed: 22022 (105.3%)
Progress: 247400 / 234837 | Success: 225328 | Failed: 22072 (105.3%)
Progress: 247450 / 234837 | Success: 225330 | Failed: 22120 (105.4%)
Progress: 247500 / 234837 | Success: 225330 | Failed: 22170 (105.4%)
Progress: 247550 / 234837 | Success: 225343 | Failed: 22207 (105.4%)
Progress: 247600 / 234837 | Success: 225345 | Failed: 22255 (105.4%)
Progress: 247650 / 234837 | Success: 225345 | Failed: 22305 (105.5%)
Progress: 247700 / 234837 | Success: 225362 | Failed: 22338 (105.5%)
Progress: 247750 / 234837 | Success: 225362 | Failed: 22388 (105.5%)
Progress: 247800 / 234837 | Success: 225362 | Failed: 22438 (105.5%)
Progress: 247850 / 234837 | Success: 225401 | Failed: 22449 (105.5%)
Progress: 247900 / 234837 | Success: 225426 | Failed: 22474 (105.6%)
Progress: 247950 / 234837 | Success: 225459 | Failed: 22491 (105.6%)
Progress: 248000 / 234837 | Success: 225459 | Failed: 22541 (105.6%)
Progress: 248050 / 234837 | Success: 225466 | Failed: 22584 (105.6%)
Progress: 248100 / 234837 | Success: 225499 | Failed: 22601 (105.6%)
Progress: 248150 / 234837 | Success: 225506 | Failed: 22644 (105.7%)
Progress: 248200 / 234837 | Success: 225508 | Failed: 22692 (105.7%)
Progress: 248250 / 234837 | Success: 225512 | Failed: 22738 (105.7%)
Progress: 248300 / 234837 | Success: 225541 | Failed: 22759 (105.7%)
Progress: 248350 / 234837 | Success: 225549 | Failed: 22801 (105.8%)
Progress: 248400 / 234837 | Success: 225587 | Failed: 22813 (105.8%)
Progress: 248450 / 234837 | Success: 225588 | Failed: 22862 (105.8%)
Progress: 248500 / 234837 | Success: 225588 | Failed: 22912 (105.8%)
Progress: 248550 / 234837 | Success: 225598 | Failed: 22952 (105.8%)
Progress: 248600 / 234837 | Success: 225599 | Failed: 23001 (105.9%)
Progress: 248650 / 234837 | Success: 225622 | Failed: 23028 (105.9%)
Progress: 248700 / 234837 | Success: 225624 | Failed: 23076 (105.9%)
Progress: 248750 / 234837 | Success: 225667 | Failed: 23083 (105.9%)
Progress: 248800 / 234837 | Success: 225692 | Failed: 23108 (105.9%)
Progress: 248850 / 234837 | Success: 225696 | Failed: 23154 (106.0%)
Progress: 248900 / 234837 | Success: 225696 | Failed: 23204 (106.0%)
Progress: 248950 / 234837 | Success: 225696 | Failed: 23254 (106.0%)
Progress: 249000 / 234837 | Success: 225696 | Failed: 23304 (106.0%)
Progress: 249050 / 234837 | Success: 225698 | Failed: 23352 (106.1%)
Progress: 249100 / 234837 | Success: 225698 | Failed: 23402 (106.1%)
Progress: 249150 / 234837 | Success: 225700 | Failed: 23450 (106.1%)
Progress: 249200 / 234837 | Success: 225725 | Failed: 23475 (106.1%)
Progress: 249250 / 234837 | Success: 225725 | Failed: 23525 (106.1%)
Progress: 249300 / 234837 | Success: 225732 | Failed: 23568 (106.2%)
Progress: 249350 / 234837 | Success: 225732 | Failed: 23618 (106.2%)
Progress: 249400 / 234837 | Success: 225753 | Failed: 23647 (106.2%)
Progress: 249450 / 234837 | Success: 225767 | Failed: 23683 (106.2%)
Progress: 249500 / 234837 | Success: 225783 | Failed: 23717 (106.2%)
Progress: 249550 / 234837 | Success: 225793 | Failed: 23757 (106.3%)
Progress: 249600 / 234837 | Success: 225793 | Failed: 23807 (106.3%)
Progress: 249650 / 234837 | Success: 225802 | Failed: 23848 (106.3%)
Progress: 249700 / 234837 | Success: 225802 | Failed: 23898 (106.3%)
Progress: 249750 / 234837 | Success: 225813 | Failed: 23937 (106.4%)
Progress: 249800 / 234837 | Success: 225813 | Failed: 23987 (106.4%)
Progress: 249850 / 234837 | Success: 225813 | Failed: 24037 (106.4%)
Progress: 249900 / 234837 | Success: 225820 | Failed: 24080 (106.4%)
Progress: 249950 / 234837 | Success: 225842 | Failed: 24108 (106.4%)
Progress: 250000 / 234837 | Success: 225882 | Failed: 24118 (106.5%)
Progress: 250050 / 234837 | Success: 225929 | Failed: 24121 (106.5%)
Progress: 250100 / 234837 | Success: 225979 | Failed: 24121 (106.5%)
Progress: 250150 / 234837 | Success: 226028 | Failed: 24122 (106.5%)
Progress: 250200 / 234837 | Success: 226074 | Failed: 24126 (106.5%)
Progress: 250250 / 234837 | Success: 226123 | Failed: 24127 (106.6%)
Progress: 250300 / 234837 | Success: 226172 | Failed: 24128 (106.6%)
Progress: 250350 / 234837 | Success: 226219 | Failed: 24131 (106.6%)
Progress: 250400 / 234837 | Success: 226267 | Failed: 24133 (106.6%)
Progress: 250450 / 234837 | Success: 226317 | Failed: 24133 (106.6%)
Progress: 250500 / 234837 | Success: 226367 | Failed: 24133 (106.7%)
Progress: 250550 / 234837 | Success: 226417 | Failed: 24133 (106.7%)
Progress: 250600 / 234837 | Success: 226463 | Failed: 24137 (106.7%)
Progress: 250650 / 234837 | Success: 226512 | Failed: 24138 (106.7%)
Progress: 250700 / 234837 | Success: 226554 | Failed: 24146 (106.8%)
Progress: 250750 / 234837 | Success: 226591 | Failed: 24159 (106.8%)
Progress: 250800 / 234837 | Success: 226630 | Failed: 24170 (106.8%)
Progress: 250850 / 234837 | Success: 226672 | Failed: 24178 (106.8%)
Progress: 250900 / 234837 | Success: 226689 | Failed: 24211 (106.8%)
Progress: 250950 / 234837 | Success: 226715 | Failed: 24235 (106.9%)
Progress: 251000 / 234837 | Success: 226735 | Failed: 24265 (106.9%)
Progress: 251050 / 234837 | Success: 226769 | Failed: 24281 (106.9%)
Progress: 251100 / 234837 | Success: 226807 | Failed: 24293 (106.9%)
Progress: 251150 / 234837 | Success: 226851 | Failed: 24299 (106.9%)
Progress: 251200 / 234837 | Success: 226893 | Failed: 24307 (107.0%)
Progress: 251250 / 234837 | Success: 226899 | Failed: 24351 (107.0%)
Progress: 251300 / 234837 | Success: 226926 | Failed: 24374 (107.0%)
Progress: 251350 / 234837 | Success: 226947 | Failed: 24403 (107.0%)
Progress: 251400 / 234837 | Success: 226947 | Failed: 24453 (107.1%)
Progress: 251450 / 234837 | Success: 226947 | Failed: 24503 (107.1%)
Progress: 251500 / 234837 | Success: 226947 | Failed: 24553 (107.1%)
Progress: 251550 / 234837 | Success: 226949 | Failed: 24601 (107.1%)
Progress: 251600 / 234837 | Success: 226949 | Failed: 24651 (107.1%)
Progress: 251650 / 234837 | Success: 226955 | Failed: 24695 (107.2%)
Progress: 251700 / 234837 | Success: 226955 | Failed: 24745 (107.2%)
Progress: 251750 / 234837 | Success: 226978 | Failed: 24772 (107.2%)
Progress: 251800 / 234837 | Success: 226994 | Failed: 24806 (107.2%)
Progress: 251850 / 234837 | Success: 227014 | Failed: 24836 (107.2%)
Progress: 251900 / 234837 | Success: 227020 | Failed: 24880 (107.3%)
Progress: 251950 / 234837 | Success: 227045 | Failed: 24905 (107.3%)
Progress: 252000 / 234837 | Success: 227078 | Failed: 24922 (107.3%)
Progress: 252050 / 234837 | Success: 227099 | Failed: 24951 (107.3%)
Progress: 252100 / 234837 | Success: 227146 | Failed: 24954 (107.4%)
Progress: 252150 / 234837 | Success: 227189 | Failed: 24961 (107.4%)
Progress: 252200 / 234837 | Success: 227189 | Failed: 25011 (107.4%)
Progress: 252250 / 234837 | Success: 227189 | Failed: 25061 (107.4%)
Progress: 252300 / 234837 | Success: 227215 | Failed: 25085 (107.4%)
Progress: 252350 / 234837 | Success: 227220 | Failed: 25130 (107.5%)
Progress: 252400 / 234837 | Success: 227259 | Failed: 25141 (107.5%)
Progress: 252450 / 234837 | Success: 227284 | Failed: 25166 (107.5%)
Progress: 252500 / 234837 | Success: 227297 | Failed: 25203 (107.5%)
Progress: 252550 / 234837 | Success: 227297 | Failed: 25253 (107.5%)
Progress: 252600 / 234837 | Success: 227297 | Failed: 25303 (107.6%)
Progress: 252650 / 234837 | Success: 227297 | Failed: 25353 (107.6%)
Progress: 252700 / 234837 | Success: 227303 | Failed: 25397 (107.6%)
Progress: 252750 / 234837 | Success: 227324 | Failed: 25426 (107.6%)
Progress: 252800 / 234837 | Success: 227336 | Failed: 25464 (107.6%)
Progress: 252850 / 234837 | Success: 227336 | Failed: 25514 (107.7%)
Progress: 252900 / 234837 | Success: 227336 | Failed: 25564 (107.7%)
Progress: 252950 / 234837 | Success: 227341 | Failed: 25609 (107.7%)
Progress: 253000 / 234837 | Success: 227348 | Failed: 25652 (107.7%)
Progress: 253050 / 234837 | Success: 227355 | Failed: 25695 (107.8%)
Progress: 253100 / 234837 | Success: 227380 | Failed: 25720 (107.8%)
Progress: 253150 / 234837 | Success: 227381 | Failed: 25769 (107.8%)
Progress: 253200 / 234837 | Success: 227410 | Failed: 25790 (107.8%)
Progress: 253250 / 234837 | Success: 227416 | Failed: 25834 (107.8%)
Progress: 253300 / 234837 | Success: 227435 | Failed: 25865 (107.9%)
Progress: 253350 / 234837 | Success: 227448 | Failed: 25902 (107.9%)
Progress: 253400 / 234837 | Success: 227452 | Failed: 25948 (107.9%)
Progress: 253450 / 234837 | Success: 227467 | Failed: 25983 (107.9%)
Progress: 253500 / 234837 | Success: 227485 | Failed: 26015 (107.9%)
Progress: 253550 / 234837 | Success: 227485 | Failed: 26065 (108.0%)
Progress: 253600 / 234837 | Success: 227509 | Failed: 26091 (108.0%)
Progress: 253650 / 234837 | Success: 227523 | Failed: 26127 (108.0%)
Progress: 253700 / 234837 | Success: 227537 | Failed: 26163 (108.0%)
Progress: 253750 / 234837 | Success: 227537 | Failed: 26213 (108.1%)
Progress: 253800 / 234837 | Success: 227545 | Failed: 26255 (108.1%)
Progress: 253850 / 234837 | Success: 227545 | Failed: 26305 (108.1%)
Progress: 253900 / 234837 | Success: 227567 | Failed: 26333 (108.1%)
Progress: 253950 / 234837 | Success: 227576 | Failed: 26374 (108.1%)
Progress: 254000 / 234837 | Success: 227576 | Failed: 26424 (108.2%)
Progress: 254050 / 234837 | Success: 227576 | Failed: 26474 (108.2%)
Progress: 254100 / 234837 | Success: 227577 | Failed: 26523 (108.2%)
Progress: 254150 / 234837 | Success: 227596 | Failed: 26554 (108.2%)
Progress: 254200 / 234837 | Success: 227596 | Failed: 26604 (108.2%)
Progress: 254250 / 234837 | Success: 227609 | Failed: 26641 (108.3%)
Progress: 254300 / 234837 | Success: 227609 | Failed: 26691 (108.3%)
Progress: 254350 / 234837 | Success: 227609 | Failed: 26741 (108.3%)
Progress: 254400 / 234837 | Success: 227621 | Failed: 26779 (108.3%)
Progress: 254450 / 234837 | Success: 227621 | Failed: 26829 (108.4%)
Progress: 254500 / 234837 | Success: 227638 | Failed: 26862 (108.4%)
Progress: 254550 / 234837 | Success: 227638 | Failed: 26912 (108.4%)
Progress: 254600 / 234837 | Success: 227638 | Failed: 26962 (108.4%)
Progress: 254650 / 234837 | Success: 227654 | Failed: 26996 (108.4%)
Progress: 254700 / 234837 | Success: 227654 | Failed: 27046 (108.5%)
Progress: 254750 / 234837 | Success: 227654 | Failed: 27096 (108.5%)
Progress: 254800 / 234837 | Success: 227661 | Failed: 27139 (108.5%)
Progress: 254850 / 234837 | Success: 227661 | Failed: 27189 (108.5%)
Progress: 254900 / 234837 | Success: 227668 | Failed: 27232 (108.5%)
Progress: 254950 / 234837 | Success: 227668 | Failed: 27282 (108.6%)
Progress: 255000 / 234837 | Success: 227698 | Failed: 27302 (108.6%)
Progress: 255050 / 234837 | Success: 227706 | Failed: 27344 (108.6%)
Progress: 255100 / 234837 | Success: 227711 | Failed: 27389 (108.6%)
Progress: 255150 / 234837 | Success: 227711 | Failed: 27439 (108.6%)
Progress: 255200 / 234837 | Success: 227717 | Failed: 27483 (108.7%)
Progress: 255250 / 234837 | Success: 227717 | Failed: 27533 (108.7%)
Progress: 255300 / 234837 | Success: 227722 | Failed: 27578 (108.7%)
Progress: 255350 / 234837 | Success: 227749 | Failed: 27601 (108.7%)
Progress: 255400 / 234837 | Success: 227772 | Failed: 27628 (108.8%)
Progress: 255450 / 234837 | Success: 227791 | Failed: 27659 (108.8%)
Progress: 255500 / 234837 | Success: 227821 | Failed: 27679 (108.8%)
Progress: 255550 / 234837 | Success: 227823 | Failed: 27727 (108.8%)
Progress: 255600 / 234837 | Success: 227823 | Failed: 27777 (108.8%)
Progress: 255650 / 234837 | Success: 227823 | Failed: 27827 (108.9%)
Progress: 255700 / 234837 | Success: 227835 | Failed: 27865 (108.9%)
Progress: 255750 / 234837 | Success: 227835 | Failed: 27915 (108.9%)
Progress: 255800 / 234837 | Success: 227835 | Failed: 27965 (108.9%)
Progress: 255850 / 234837 | Success: 227837 | Failed: 28013 (108.9%)
Progress: 255900 / 234837 | Success: 227842 | Failed: 28058 (109.0%)
Progress: 255950 / 234837 | Success: 227842 | Failed: 28108 (109.0%)
Progress: 256000 / 234837 | Success: 227842 | Failed: 28158 (109.0%)
Progress: 256050 / 234837 | Success: 227856 | Failed: 28194 (109.0%)
Progress: 256100 / 234837 | Success: 227864 | Failed: 28236 (109.1%)
Progress: 256150 / 234837 | Success: 227874 | Failed: 28276 (109.1%)
Progress: 256200 / 234837 | Success: 227874 | Failed: 28326 (109.1%)
Progress: 256250 / 234837 | Success: 227883 | Failed: 28367 (109.1%)
Progress: 256300 / 234837 | Success: 227883 | Failed: 28417 (109.1%)
Progress: 256350 / 234837 | Success: 227887 | Failed: 28463 (109.2%)
Progress: 256400 / 234837 | Success: 227887 | Failed: 28513 (109.2%)
Progress: 256450 / 234837 | Success: 227887 | Failed: 28563 (109.2%)
Progress: 256500 / 234837 | Success: 227900 | Failed: 28600 (109.2%)
Progress: 256550 / 234837 | Success: 227910 | Failed: 28640 (109.2%)
Progress: 256600 / 234837 | Success: 227956 | Failed: 28644 (109.3%)
Progress: 256650 / 234837 | Success: 228002 | Failed: 28648 (109.3%)
Progress: 256700 / 234837 | Success: 228046 | Failed: 28654 (109.3%)
Progress: 256750 / 234837 | Success: 228094 | Failed: 28656 (109.3%)
Progress: 256800 / 234837 | Success: 228139 | Failed: 28661 (109.4%)
Progress: 256850 / 234837 | Success: 228178 | Failed: 28672 (109.4%)
Progress: 256900 / 234837 | Success: 228218 | Failed: 28682 (109.4%)
Progress: 256950 / 234837 | Success: 228249 | Failed: 28701 (109.4%)
Progress: 257000 / 234837 | Success: 228265 | Failed: 28735 (109.4%)
Progress: 257050 / 234837 | Success: 228287 | Failed: 28763 (109.5%)
Progress: 257100 / 234837 | Success: 228289 | Failed: 28811 (109.5%)
Progress: 257150 / 234837 | Success: 228325 | Failed: 28825 (109.5%)
Progress: 257200 / 234837 | Success: 228350 | Failed: 28850 (109.5%)
Progress: 257250 / 234837 | Success: 228350 | Failed: 28900 (109.5%)
Progress: 257300 / 234837 | Success: 228357 | Failed: 28943 (109.6%)
Progress: 257350 / 234837 | Success: 228357 | Failed: 28993 (109.6%)
Progress: 257400 / 234837 | Success: 228357 | Failed: 29043 (109.6%)
Progress: 257450 / 234837 | Success: 228357 | Failed: 29093 (109.6%)
Progress: 257500 / 234837 | Success: 228366 | Failed: 29134 (109.7%)
Progress: 257550 / 234837 | Success: 228366 | Failed: 29184 (109.7%)
Progress: 257600 / 234837 | Success: 228372 | Failed: 29228 (109.7%)
Progress: 257650 / 234837 | Success: 228372 | Failed: 29278 (109.7%)
Progress: 257700 / 234837 | Success: 228403 | Failed: 29297 (109.7%)
Progress: 257750 / 234837 | Success: 228419 | Failed: 29331 (109.8%)
Progress: 257800 / 234837 | Success: 228424 | Failed: 29376 (109.8%)
Progress: 257850 / 234837 | Success: 228424 | Failed: 29426 (109.8%)
Progress: 257900 / 234837 | Success: 228449 | Failed: 29451 (109.8%)
Progress: 257950 / 234837 | Success: 228473 | Failed: 29477 (109.8%)
Progress: 258000 / 234837 | Success: 228502 | Failed: 29498 (109.9%)
Progress: 258050 / 234837 | Success: 228502 | Failed: 29548 (109.9%)
Progress: 258100 / 234837 | Success: 228504 | Failed: 29596 (109.9%)
Progress: 258150 / 234837 | Success: 228537 | Failed: 29613 (109.9%)
Progress: 258200 / 234837 | Success: 228537 | Failed: 29663 (109.9%)
Progress: 258250 / 234837 | Success: 228552 | Failed: 29698 (110.0%)
Progress: 258300 / 234837 | Success: 228599 | Failed: 29701 (110.0%)
Progress: 258350 / 234837 | Success: 228612 | Failed: 29738 (110.0%)
Progress: 258400 / 234837 | Success: 228612 | Failed: 29788 (110.0%)
Progress: 258450 / 234837 | Success: 228612 | Failed: 29838 (110.1%)
Progress: 258500 / 234837 | Success: 228612 | Failed: 29888 (110.1%)
Progress: 258550 / 234837 | Success: 228617 | Failed: 29933 (110.1%)
Progress: 258600 / 234837 | Success: 228636 | Failed: 29964 (110.1%)
Progress: 258650 / 234837 | Success: 228636 | Failed: 30014 (110.1%)
Progress: 258700 / 234837 | Success: 228636 | Failed: 30064 (110.2%)
Progress: 258750 / 234837 | Success: 228636 | Failed: 30114 (110.2%)
Progress: 258800 / 234837 | Success: 228666 | Failed: 30134 (110.2%)
Progress: 258850 / 234837 | Success: 228666 | Failed: 30184 (110.2%)
Progress: 258900 / 234837 | Success: 228668 | Failed: 30232 (110.2%)
Progress: 258950 / 234837 | Success: 228668 | Failed: 30282 (110.3%)
Progress: 259000 / 234837 | Success: 228695 | Failed: 30305 (110.3%)
Progress: 259050 / 234837 | Success: 228697 | Failed: 30353 (110.3%)
Progress: 259100 / 234837 | Success: 228719 | Failed: 30381 (110.3%)
Progress: 259150 / 234837 | Success: 228731 | Failed: 30419 (110.4%)
Progress: 259200 / 234837 | Success: 228731 | Failed: 30469 (110.4%)
Progress: 259250 / 234837 | Success: 228746 | Failed: 30504 (110.4%)
Progress: 259300 / 234837 | Success: 228746 | Failed: 30554 (110.4%)
Progress: 259350 / 234837 | Success: 228752 | Failed: 30598 (110.4%)
Progress: 259400 / 234837 | Success: 228755 | Failed: 30645 (110.5%)
Progress: 259450 / 234837 | Success: 228755 | Failed: 30695 (110.5%)
Progress: 259500 / 234837 | Success: 228768 | Failed: 30732 (110.5%)
Progress: 259550 / 234837 | Success: 228768 | Failed: 30782 (110.5%)
Progress: 259600 / 234837 | Success: 228800 | Failed: 30800 (110.5%)
Progress: 259650 / 234837 | Success: 228800 | Failed: 30850 (110.6%)
Progress: 259700 / 234837 | Success: 228811 | Failed: 30889 (110.6%)
Progress: 259750 / 234837 | Success: 228811 | Failed: 30939 (110.6%)
Progress: 259800 / 234837 | Success: 228811 | Failed: 30989 (110.6%)
Progress: 259850 / 234837 | Success: 228811 | Failed: 31039 (110.7%)
Progress: 259900 / 234837 | Success: 228811 | Failed: 31089 (110.7%)
Progress: 259950 / 234837 | Success: 228811 | Failed: 31139 (110.7%)
Progress: 260000 / 234837 | Success: 228811 | Failed: 31189 (110.7%)
Progress: 260050 / 234837 | Success: 228811 | Failed: 31239 (110.7%)
Progress: 260100 / 234837 | Success: 228811 | Failed: 31289 (110.8%)
Progress: 260150 / 234837 | Success: 228811 | Failed: 31339 (110.8%)
Progress: 260200 / 234837 | Success: 228811 | Failed: 31389 (110.8%)
Progress: 260250 / 234837 | Success: 228811 | Failed: 31439 (110.8%)
Progress: 260300 / 234837 | Success: 228811 | Failed: 31489 (110.8%)
Progress: 260350 / 234837 | Success: 228834 | Failed: 31516 (110.9%)
Progress: 260400 / 234837 | Success: 228840 | Failed: 31560 (110.9%)
Progress: 260450 / 234837 | Success: 228840 | Failed: 31610 (110.9%)
Progress: 260500 / 234837 | Success: 228840 | Failed: 31660 (110.9%)
Progress: 260550 / 234837 | Success: 228853 | Failed: 31697 (110.9%)
Progress: 260600 / 234837 | Success: 228853 | Failed: 31747 (111.0%)
Progress: 260650 / 234837 | Success: 228853 | Failed: 31797 (111.0%)
Progress: 260700 / 234837 | Success: 228853 | Failed: 31847 (111.0%)
Progress: 260750 / 234837 | Success: 228872 | Failed: 31878 (111.0%)
Progress: 260800 / 234837 | Success: 228872 | Failed: 31928 (111.1%)
Progress: 260850 / 234837 | Success: 228872 | Failed: 31978 (111.1%)
Progress: 260900 / 234837 | Success: 228878 | Failed: 32022 (111.1%)
Progress: 260950 / 234837 | Success: 228878 | Failed: 32072 (111.1%)
Progress: 261000 / 234837 | Success: 228878 | Failed: 32122 (111.1%)
Progress: 261050 / 234837 | Success: 228886 | Failed: 32164 (111.2%)
Progress: 261100 / 234837 | Success: 228886 | Failed: 32214 (111.2%)
Progress: 261150 / 234837 | Success: 228886 | Failed: 32264 (111.2%)
Progress: 261200 / 234837 | Success: 228886 | Failed: 32314 (111.2%)
Progress: 261250 / 234837 | Success: 228886 | Failed: 32364 (111.2%)
Progress: 261300 / 234837 | Success: 228886 | Failed: 32414 (111.3%)
Progress: 261350 / 234837 | Success: 228886 | Failed: 32464 (111.3%)
Progress: 261400 / 234837 | Success: 228886 | Failed: 32514 (111.3%)
Progress: 261450 / 234837 | Success: 228911 | Failed: 32539 (111.3%)
Progress: 261500 / 234837 | Success: 228911 | Failed: 32589 (111.4%)
Progress: 261550 / 234837 | Success: 228911 | Failed: 32639 (111.4%)
Progress: 261600 / 234837 | Success: 228911 | Failed: 32689 (111.4%)
Progress: 261650 / 234837 | Success: 228911 | Failed: 32739 (111.4%)
Progress: 261700 / 234837 | Success: 228911 | Failed: 32789 (111.4%)
Progress: 261750 / 234837 | Success: 228927 | Failed: 32823 (111.5%)
Progress: 261800 / 234837 | Success: 228933 | Failed: 32867 (111.5%)
Progress: 261850 / 234837 | Success: 228946 | Failed: 32904 (111.5%)
Progress: 261900 / 234837 | Success: 228946 | Failed: 32954 (111.5%)
Progress: 261950 / 234837 | Success: 228946 | Failed: 33004 (111.5%)
Progress: 262000 / 234837 | Success: 228946 | Failed: 33054 (111.6%)
Progress: 262050 / 234837 | Success: 228946 | Failed: 33104 (111.6%)
Progress: 262100 / 234837 | Success: 228946 | Failed: 33154 (111.6%)
Progress: 262150 / 234837 | Success: 228946 | Failed: 33204 (111.6%)
Progress: 262200 / 234837 | Success: 228985 | Failed: 33215 (111.7%)
Progress: 262250 / 234837 | Success: 229024 | Failed: 33226 (111.7%)
Progress: 262300 / 234837 | Success: 229059 | Failed: 33241 (111.7%)
Progress: 262350 / 234837 | Success: 229085 | Failed: 33265 (111.7%)
Progress: 262400 / 234837 | Success: 229111 | Failed: 33289 (111.7%)
Progress: 262450 / 234837 | Success: 229119 | Failed: 33331 (111.8%)
Progress: 262500 / 234837 | Success: 229121 | Failed: 33379 (111.8%)
Progress: 262550 / 234837 | Success: 229151 | Failed: 33399 (111.8%)
Progress: 262600 / 234837 | Success: 229151 | Failed: 33449 (111.8%)
Progress: 262650 / 234837 | Success: 229157 | Failed: 33493 (111.8%)
Progress: 262700 / 234837 | Success: 229157 | Failed: 33543 (111.9%)
Progress: 262750 / 234837 | Success: 229157 | Failed: 33593 (111.9%)
Progress: 262800 / 234837 | Success: 229157 | Failed: 33643 (111.9%)
Progress: 262850 / 234837 | Success: 229157 | Failed: 33693 (111.9%)
Progress: 262900 / 234837 | Success: 229157 | Failed: 33743 (111.9%)
Progress: 262950 / 234837 | Success: 229157 | Failed: 33793 (112.0%)
Progress: 263000 / 234837 | Success: 229157 | Failed: 33843 (112.0%)
Progress: 263050 / 234837 | Success: 229162 | Failed: 33888 (112.0%)
Progress: 263100 / 234837 | Success: 229170 | Failed: 33930 (112.0%)
Progress: 263150 / 234837 | Success: 229170 | Failed: 33980 (112.1%)
Progress: 263200 / 234837 | Success: 229170 | Failed: 34030 (112.1%)
Progress: 263250 / 234837 | Success: 229186 | Failed: 34064 (112.1%)
Progress: 263300 / 234837 | Success: 229186 | Failed: 34114 (112.1%)
Progress: 263350 / 234837 | Success: 229186 | Failed: 34164 (112.1%)
Progress: 263400 / 234837 | Success: 229186 | Failed: 34214 (112.2%)
Progress: 263450 / 234837 | Success: 229186 | Failed: 34264 (112.2%)
Progress: 263500 / 234837 | Success: 229192 | Failed: 34308 (112.2%)
Progress: 263550 / 234837 | Success: 229205 | Failed: 34345 (112.2%)
Progress: 263600 / 234837 | Success: 229205 | Failed: 34395 (112.2%)
Progress: 263650 / 234837 | Success: 229205 | Failed: 34445 (112.3%)
Progress: 263700 / 234837 | Success: 229205 | Failed: 34495 (112.3%)
Progress: 263750 / 234837 | Success: 229210 | Failed: 34540 (112.3%)
Progress: 263800 / 234837 | Success: 229214 | Failed: 34586 (112.3%)
Progress: 263850 / 234837 | Success: 229214 | Failed: 34636 (112.4%)
Progress: 263900 / 234837 | Success: 229214 | Failed: 34686 (112.4%)
Progress: 263950 / 234837 | Success: 229214 | Failed: 34736 (112.4%)
Progress: 264000 / 234837 | Success: 229214 | Failed: 34786 (112.4%)
Progress: 264050 / 234837 | Success: 229214 | Failed: 34836 (112.4%)
Progress: 264100 / 234837 | Success: 229214 | Failed: 34886 (112.5%)
Progress: 264150 / 234837 | Success: 229215 | Failed: 34935 (112.5%)
Progress: 264200 / 234837 | Success: 229220 | Failed: 34980 (112.5%)
Progress: 264250 / 234837 | Success: 229242 | Failed: 35008 (112.5%)
Progress: 264300 / 234837 | Success: 229250 | Failed: 35050 (112.5%)
Progress: 264350 / 234837 | Success: 229250 | Failed: 35100 (112.6%)
Progress: 264400 / 234837 | Success: 229277 | Failed: 35123 (112.6%)
Progress: 264450 / 234837 | Success: 229277 | Failed: 35173 (112.6%)
Progress: 264500 / 234837 | Success: 229277 | Failed: 35223 (112.6%)
Progress: 264550 / 234837 | Success: 229277 | Failed: 35273 (112.7%)
Progress: 264600 / 234837 | Success: 229277 | Failed: 35323 (112.7%)
Progress: 264650 / 234837 | Success: 229277 | Failed: 35373 (112.7%)
Progress: 264700 / 234837 | Success: 229280 | Failed: 35420 (112.7%)
Progress: 264750 / 234837 | Success: 229280 | Failed: 35470 (112.7%)
Progress: 264800 / 234837 | Success: 229280 | Failed: 35520 (112.8%)
Progress: 264850 / 234837 | Success: 229280 | Failed: 35570 (112.8%)
Progress: 264900 / 234837 | Success: 229280 | Failed: 35620 (112.8%)
Progress: 264950 / 234837 | Success: 229280 | Failed: 35670 (112.8%)
Progress: 265000 / 234837 | Success: 229280 | Failed: 35720 (112.8%)
Progress: 265050 / 234837 | Success: 229280 | Failed: 35770 (112.9%)
Progress: 265100 / 234837 | Success: 229280 | Failed: 35820 (112.9%)
Progress: 265150 / 234837 | Success: 229280 | Failed: 35870 (112.9%)
Progress: 265200 / 234837 | Success: 229280 | Failed: 35920 (112.9%)
Progress: 265250 / 234837 | Success: 229280 | Failed: 35970 (113.0%)
Progress: 265300 / 234837 | Success: 229280 | Failed: 36020 (113.0%)
Progress: 265350 / 234837 | Success: 229280 | Failed: 36070 (113.0%)
Progress: 265400 / 234837 | Success: 229280 | Failed: 36120 (113.0%)
Progress: 265450 / 234837 | Success: 229280 | Failed: 36170 (113.0%)
Progress: 265500 / 234837 | Success: 229280 | Failed: 36220 (113.1%)
Progress: 265550 / 234837 | Success: 229280 | Failed: 36270 (113.1%)
Progress: 265600 / 234837 | Success: 229280 | Failed: 36320 (113.1%)
Progress: 265650 / 234837 | Success: 229280 | Failed: 36370 (113.1%)
Progress: 265700 / 234837 | Success: 229280 | Failed: 36420 (113.1%)
Progress: 265750 / 234837 | Success: 229280 | Failed: 36470 (113.2%)
Progress: 265800 / 234837 | Success: 229302 | Failed: 36498 (113.2%)
Progress: 265850 / 234837 | Success: 229302 | Failed: 36548 (113.2%)
Progress: 265900 / 234837 | Success: 229302 | Failed: 36598 (113.2%)
Progress: 265950 / 234837 | Success: 229311 | Failed: 36639 (113.2%)
Progress: 266000 / 234837 | Success: 229311 | Failed: 36689 (113.3%)
Progress: 266050 / 234837 | Success: 229311 | Failed: 36739 (113.3%)
Progress: 266100 / 234837 | Success: 229311 | Failed: 36789 (113.3%)
Progress: 266150 / 234837 | Success: 229311 | Failed: 36839 (113.3%)
Progress: 266200 / 234837 | Success: 229311 | Failed: 36889 (113.4%)
Progress: 266250 / 234837 | Success: 229311 | Failed: 36939 (113.4%)
Progress: 266300 / 234837 | Success: 229311 | Failed: 36989 (113.4%)
Progress: 266350 / 234837 | Success: 229311 | Failed: 37039 (113.4%)
Progress: 266400 / 234837 | Success: 229311 | Failed: 37089 (113.4%)
Progress: 266450 / 234837 | Success: 229311 | Failed: 37139 (113.5%)
Progress: 266500 / 234837 | Success: 229311 | Failed: 37189 (113.5%)
Progress: 266550 / 234837 | Success: 229311 | Failed: 37239 (113.5%)
Progress: 266600 / 234837 | Success: 229311 | Failed: 37289 (113.5%)
Progress: 266650 / 234837 | Success: 229311 | Failed: 37339 (113.5%)
Progress: 266700 / 234837 | Success: 229311 | Failed: 37389 (113.6%)
Progress: 266750 / 234837 | Success: 229311 | Failed: 37439 (113.6%)
Progress: 266800 / 234837 | Success: 229311 | Failed: 37489 (113.6%)
Progress: 266850 / 234837 | Success: 229311 | Failed: 37539 (113.6%)
Progress: 266900 / 234837 | Success: 229311 | Failed: 37589 (113.7%)
Progress: 266950 / 234837 | Success: 229311 | Failed: 37639 (113.7%)
Progress: 267000 / 234837 | Success: 229311 | Failed: 37689 (113.7%)
Progress: 267050 / 234837 | Success: 229311 | Failed: 37739 (113.7%)
Progress: 267100 / 234837 | Success: 229311 | Failed: 37789 (113.7%)
Progress: 267150 / 234837 | Success: 229311 | Failed: 37839 (113.8%)
Progress: 267200 / 234837 | Success: 229336 | Failed: 37864 (113.8%)
Progress: 267250 / 234837 | Success: 229336 | Failed: 37914 (113.8%)
Progress: 267300 / 234837 | Success: 229336 | Failed: 37964 (113.8%)
Progress: 267350 / 234837 | Success: 229358 | Failed: 37992 (113.8%)
Progress: 267400 / 234837 | Success: 229358 | Failed: 38042 (113.9%)
Progress: 267450 / 234837 | Success: 229358 | Failed: 38092 (113.9%)
Progress: 267500 / 234837 | Success: 229358 | Failed: 38142 (113.9%)
Progress: 267550 / 234837 | Success: 229358 | Failed: 38192 (113.9%)
Progress: 267600 / 234837 | Success: 229358 | Failed: 38242 (114.0%)
Progress: 267650 / 234837 | Success: 229358 | Failed: 38292 (114.0%)
Progress: 267700 / 234837 | Success: 229358 | Failed: 38342 (114.0%)
Progress: 267750 / 234837 | Success: 229358 | Failed: 38392 (114.0%)
Progress: 267800 / 234837 | Success: 229358 | Failed: 38442 (114.0%)
Progress: 267850 / 234837 | Success: 229358 | Failed: 38492 (114.1%)
Progress: 267900 / 234837 | Success: 229358 | Failed: 38542 (114.1%)
Progress: 267950 / 234837 | Success: 229358 | Failed: 38592 (114.1%)
Progress: 268000 / 234837 | Success: 229358 | Failed: 38642 (114.1%)
Progress: 268050 / 234837 | Success: 229382 | Failed: 38668 (114.1%)
Progress: 268100 / 234837 | Success: 229382 | Failed: 38718 (114.2%)
Progress: 268150 / 234837 | Success: 229382 | Failed: 38768 (114.2%)
Progress: 268200 / 234837 | Success: 229382 | Failed: 38818 (114.2%)
Progress: 268250 / 234837 | Success: 229382 | Failed: 38868 (114.2%)
Progress: 268300 / 234837 | Success: 229385 | Failed: 38915 (114.2%)
Progress: 268350 / 234837 | Success: 229398 | Failed: 38952 (114.3%)
Progress: 268400 / 234837 | Success: 229398 | Failed: 39002 (114.3%)
Progress: 268450 / 234837 | Success: 229398 | Failed: 39052 (114.3%)
Progress: 268500 / 234837 | Success: 229398 | Failed: 39102 (114.3%)
Progress: 268550 / 234837 | Success: 229403 | Failed: 39147 (114.4%)
Progress: 268600 / 234837 | Success: 229403 | Failed: 39197 (114.4%)
Progress: 268650 / 234837 | Success: 229403 | Failed: 39247 (114.4%)
Progress: 268700 / 234837 | Success: 229403 | Failed: 39297 (114.4%)
Progress: 268750 / 234837 | Success: 229403 | Failed: 39347 (114.4%)
Progress: 268800 / 234837 | Success: 229403 | Failed: 39397 (114.5%)
Progress: 268850 / 234837 | Success: 229403 | Failed: 39447 (114.5%)
Progress: 268900 / 234837 | Success: 229403 | Failed: 39497 (114.5%)
Progress: 268950 / 234837 | Success: 229403 | Failed: 39547 (114.5%)
Progress: 269000 / 234837 | Success: 229407 | Failed: 39593 (114.5%)
Progress: 269050 / 234837 | Success: 229417 | Failed: 39633 (114.6%)
Progress: 269100 / 234837 | Success: 229417 | Failed: 39683 (114.6%)
Progress: 269150 / 234837 | Success: 229417 | Failed: 39733 (114.6%)
Progress: 269200 / 234837 | Success: 229419 | Failed: 39781 (114.6%)
Progress: 269250 / 234837 | Success: 229419 | Failed: 39831 (114.7%)
Progress: 269300 / 234837 | Success: 229419 | Failed: 39881 (114.7%)
Progress: 269350 / 234837 | Success: 229419 | Failed: 39931 (114.7%)
Progress: 269400 / 234837 | Success: 229419 | Failed: 39981 (114.7%)
Progress: 269450 / 234837 | Success: 229419 | Failed: 40031 (114.7%)
Progress: 269500 / 234837 | Success: 229419 | Failed: 40081 (114.8%)
Progress: 269550 / 234837 | Success: 229419 | Failed: 40131 (114.8%)
Progress: 269600 / 234837 | Success: 229419 | Failed: 40181 (114.8%)
Progress: 269650 / 234837 | Success: 229419 | Failed: 40231 (114.8%)
Progress: 269700 / 234837 | Success: 229419 | Failed: 40281 (114.8%)
Progress: 269750 / 234837 | Success: 229419 | Failed: 40331 (114.9%)
Progress: 269800 / 234837 | Success: 229419 | Failed: 40381 (114.9%)
Progress: 269850 / 234837 | Success: 229419 | Failed: 40431 (114.9%)
Progress: 269900 / 234837 | Success: 229419 | Failed: 40481 (114.9%)
Progress: 269950 / 234837 | Success: 229419 | Failed: 40531 (115.0%)
Progress: 270000 / 234837 | Success: 229419 | Failed: 40581 (115.0%)
Progress: 270050 / 234837 | Success: 229419 | Failed: 40631 (115.0%)
Progress: 270100 / 234837 | Success: 229419 | Failed: 40681 (115.0%)
Progress: 270150 / 234837 | Success: 229419 | Failed: 40731 (115.0%)
Progress: 270200 / 234837 | Success: 229419 | Failed: 40781 (115.1%)
Progress: 270250 / 234837 | Success: 229419 | Failed: 40831 (115.1%)
Progress: 270300 / 234837 | Success: 229419 | Failed: 40881 (115.1%)
Progress: 270350 / 234837 | Success: 229419 | Failed: 40931 (115.1%)
Progress: 270400 / 234837 | Success: 229419 | Failed: 40981 (115.1%)
Progress: 270450 / 234837 | Success: 229419 | Failed: 41031 (115.2%)
Progress: 270500 / 234837 | Success: 229419 | Failed: 41081 (115.2%)
Progress: 270550 / 234837 | Success: 229419 | Failed: 41131 (115.2%)
Progress: 270600 / 234837 | Success: 229419 | Failed: 41181 (115.2%)
Progress: 270650 / 234837 | Success: 229419 | Failed: 41231 (115.3%)
Progress: 270700 / 234837 | Success: 229423 | Failed: 41277 (115.3%)
Progress: 270750 / 234837 | Success: 229423 | Failed: 41327 (115.3%)
Progress: 270800 / 234837 | Success: 229423 | Failed: 41377 (115.3%)
Progress: 270850 / 234837 | Success: 229423 | Failed: 41427 (115.3%)
Progress: 270900 / 234837 | Success: 229423 | Failed: 41477 (115.4%)
Progress: 270950 / 234837 | Success: 229423 | Failed: 41527 (115.4%)
Progress: 271000 / 234837 | Success: 229423 | Failed: 41577 (115.4%)
Progress: 271050 / 234837 | Success: 229423 | Failed: 41627 (115.4%)
Progress: 271100 / 234837 | Success: 229423 | Failed: 41677 (115.4%)
Progress: 271150 / 234837 | Success: 229423 | Failed: 41727 (115.5%)
Progress: 271200 / 234837 | Success: 229423 | Failed: 41777 (115.5%)
Progress: 271250 / 234837 | Success: 229423 | Failed: 41827 (115.5%)
Progress: 271300 / 234837 | Success: 229423 | Failed: 41877 (115.5%)
Progress: 271350 / 234837 | Success: 229423 | Failed: 41927 (115.5%)
Progress: 271400 / 234837 | Success: 229423 | Failed: 41977 (115.6%)
Progress: 271450 / 234837 | Success: 229423 | Failed: 42027 (115.6%)
Progress: 271500 / 234837 | Success: 229423 | Failed: 42077 (115.6%)
Progress: 271550 / 234837 | Success: 229423 | Failed: 42127 (115.6%)
Progress: 271600 / 234837 | Success: 229423 | Failed: 42177 (115.7%)
Progress: 271650 / 234837 | Success: 229423 | Failed: 42227 (115.7%)
Progress: 271700 / 234837 | Success: 229423 | Failed: 42277 (115.7%)
Progress: 271750 / 234837 | Success: 229423 | Failed: 42327 (115.7%)
Progress: 271800 / 234837 | Success: 229423 | Failed: 42377 (115.7%)
Progress: 271850 / 234837 | Success: 229423 | Failed: 42427 (115.8%)
Progress: 271900 / 234837 | Success: 229423 | Failed: 42477 (115.8%)
Progress: 271950 / 234837 | Success: 229423 | Failed: 42527 (115.8%)
Progress: 272000 / 234837 | Success: 229423 | Failed: 42577 (115.8%)
Progress: 272050 / 234837 | Success: 229423 | Failed: 42627 (115.8%)
Progress: 272100 / 234837 | Success: 229423 | Failed: 42677 (115.9%)
Progress: 272150 / 234837 | Success: 229423 | Failed: 42727 (115.9%)
Progress: 272200 / 234837 | Success: 229423 | Failed: 42777 (115.9%)
Progress: 272250 / 234837 | Success: 229423 | Failed: 42827 (115.9%)
Progress: 272300 / 234837 | Success: 229423 | Failed: 42877 (116.0%)
Progress: 272350 / 234837 | Success: 229423 | Failed: 42927 (116.0%)
Progress: 272400 / 234837 | Success: 229423 | Failed: 42977 (116.0%)
Progress: 272450 / 234837 | Success: 229423 | Failed: 43027 (116.0%)
Progress: 272500 / 234837 | Success: 229423 | Failed: 43077 (116.0%)
Progress: 272550 / 234837 | Success: 229423 | Failed: 43127 (116.1%)
Progress: 272600 / 234837 | Success: 229456 | Failed: 43144 (116.1%)
Progress: 272650 / 234837 | Success: 229456 | Failed: 43194 (116.1%)
Progress: 272700 / 234837 | Success: 229456 | Failed: 43244 (116.1%)
Progress: 272750 / 234837 | Success: 229456 | Failed: 43294 (116.1%)
Progress: 272800 / 234837 | Success: 229472 | Failed: 43328 (116.2%)
Progress: 272850 / 234837 | Success: 229472 | Failed: 43378 (116.2%)
Progress: 272900 / 234837 | Success: 229472 | Failed: 43428 (116.2%)
Progress: 272950 / 234837 | Success: 229472 | Failed: 43478 (116.2%)
Progress: 273000 / 234837 | Success: 229472 | Failed: 43528 (116.3%)
Progress: 273050 / 234837 | Success: 229472 | Failed: 43578 (116.3%)
Progress: 273100 / 234837 | Success: 229472 | Failed: 43628 (116.3%)
Progress: 273150 / 234837 | Success: 229472 | Failed: 43678 (116.3%)
Progress: 273200 / 234837 | Success: 229472 | Failed: 43728 (116.3%)
Progress: 273250 / 234837 | Success: 229472 | Failed: 43778 (116.4%)
Progress: 273300 / 234837 | Success: 229472 | Failed: 43828 (116.4%)
Progress: 273350 / 234837 | Success: 229472 | Failed: 43878 (116.4%)
Progress: 273400 / 234837 | Success: 229472 | Failed: 43928 (116.4%)
Progress: 273450 / 234837 | Success: 229472 | Failed: 43978 (116.4%)
Progress: 273500 / 234837 | Success: 229472 | Failed: 44028 (116.5%)
Progress: 273550 / 234837 | Success: 229472 | Failed: 44078 (116.5%)
Progress: 273600 / 234837 | Success: 229472 | Failed: 44128 (116.5%)
Progress: 273650 / 234837 | Success: 229472 | Failed: 44178 (116.5%)
Progress: 273700 / 234837 | Success: 229472 | Failed: 44228 (116.5%)
Progress: 273750 / 234837 | Success: 229472 | Failed: 44278 (116.6%)
Progress: 273800 / 234837 | Success: 229472 | Failed: 44328 (116.6%)
Progress: 273850 / 234837 | Success: 229472 | Failed: 44378 (116.6%)
Progress: 273900 / 234837 | Success: 229472 | Failed: 44428 (116.6%)
Progress: 273950 / 234837 | Success: 229472 | Failed: 44478 (116.7%)
Progress: 274000 / 234837 | Success: 229472 | Failed: 44528 (116.7%)
Progress: 274050 / 234837 | Success: 229472 | Failed: 44578 (116.7%)
Progress: 274100 / 234837 | Success: 229472 | Failed: 44628 (116.7%)
Progress: 274150 / 234837 | Success: 229472 | Failed: 44678 (116.7%)
Progress: 274200 / 234837 | Success: 229472 | Failed: 44728 (116.8%)
Progress: 274250 / 234837 | Success: 229472 | Failed: 44778 (116.8%)
Progress: 274300 / 234837 | Success: 229472 | Failed: 44828 (116.8%)
Progress: 274350 / 234837 | Success: 229472 | Failed: 44878 (116.8%)
Progress: 274400 / 234837 | Success: 229472 | Failed: 44928 (116.8%)
Progress: 274450 / 234837 | Success: 229472 | Failed: 44978 (116.9%)
Progress: 274500 / 234837 | Success: 229472 | Failed: 45028 (116.9%)
Progress: 274550 / 234837 | Success: 229472 | Failed: 45078 (116.9%)
Progress: 274600 / 234837 | Success: 229472 | Failed: 45128 (116.9%)
Progress: 274650 / 234837 | Success: 229472 | Failed: 45178 (117.0%)
Progress: 274700 / 234837 | Success: 229472 | Failed: 45228 (117.0%)
Progress: 274750 / 234837 | Success: 229472 | Failed: 45278 (117.0%)
Progress: 274800 / 234837 | Success: 229472 | Failed: 45328 (117.0%)
Progress: 274850 / 234837 | Success: 229472 | Failed: 45378 (117.0%)
Progress: 274900 / 234837 | Success: 229472 | Failed: 45428 (117.1%)
Progress: 274950 / 234837 | Success: 229472 | Failed: 45478 (117.1%)
Progress: 275000 / 234837 | Success: 229472 | Failed: 45528 (117.1%)
Progress: 275050 / 234837 | Success: 229472 | Failed: 45578 (117.1%)
Progress: 275100 / 234837 | Success: 229472 | Failed: 45628 (117.1%)
Progress: 275150 / 234837 | Success: 229472 | Failed: 45678 (117.2%)
Progress: 275200 / 234837 | Success: 229472 | Failed: 45728 (117.2%)
Progress: 275250 / 234837 | Success: 229472 | Failed: 45778 (117.2%)
Progress: 275300 / 234837 | Success: 229472 | Failed: 45828 (117.2%)
Progress: 275350 / 234837 | Success: 229472 | Failed: 45878 (117.3%)
Progress: 275400 / 234837 | Success: 229472 | Failed: 45928 (117.3%)
Progress: 275450 / 234837 | Success: 229498 | Failed: 45952 (117.3%)
Progress: 275500 / 234837 | Success: 229519 | Failed: 45981 (117.3%)
Progress: 275550 / 234837 | Success: 229519 | Failed: 46031 (117.3%)
Progress: 275600 / 234837 | Success: 229519 | Failed: 46081 (117.4%)
Progress: 275650 / 234837 | Success: 229519 | Failed: 46131 (117.4%)
Progress: 275700 / 234837 | Success: 229519 | Failed: 46181 (117.4%)
Progress: 275750 / 234837 | Success: 229519 | Failed: 46231 (117.4%)
Progress: 275800 / 234837 | Success: 229519 | Failed: 46281 (117.4%)
Progress: 275850 / 234837 | Success: 229519 | Failed: 46331 (117.5%)
Progress: 275900 / 234837 | Success: 229519 | Failed: 46381 (117.5%)
Progress: 275950 / 234837 | Success: 229519 | Failed: 46431 (117.5%)
Progress: 276000 / 234837 | Success: 229519 | Failed: 46481 (117.5%)
Progress: 276050 / 234837 | Success: 229543 | Failed: 46507 (117.5%)
Progress: 276100 / 234837 | Success: 229543 | Failed: 46557 (117.6%)
Progress: 276150 / 234837 | Success: 229543 | Failed: 46607 (117.6%)
Progress: 276200 / 234837 | Success: 229543 | Failed: 46657 (117.6%)
Progress: 276250 / 234837 | Success: 229543 | Failed: 46707 (117.6%)
Progress: 276300 / 234837 | Success: 229543 | Failed: 46757 (117.7%)
Progress: 276350 / 234837 | Success: 229543 | Failed: 46807 (117.7%)
Progress: 276400 / 234837 | Success: 229543 | Failed: 46857 (117.7%)
Progress: 276450 / 234837 | Success: 229543 | Failed: 46907 (117.7%)
Progress: 276500 / 234837 | Success: 229543 | Failed: 46957 (117.7%)
Progress: 276550 / 234837 | Success: 229543 | Failed: 47007 (117.8%)
Progress: 276600 / 234837 | Success: 229543 | Failed: 47057 (117.8%)
Progress: 276650 / 234837 | Success: 229543 | Failed: 47107 (117.8%)
Progress: 276700 / 234837 | Success: 229543 | Failed: 47157 (117.8%)
Progress: 276750 / 234837 | Success: 229543 | Failed: 47207 (117.8%)
Progress: 276800 / 234837 | Success: 229543 | Failed: 47257 (117.9%)
Progress: 276850 / 234837 | Success: 229543 | Failed: 47307 (117.9%)
Progress: 276900 / 234837 | Success: 229543 | Failed: 47357 (117.9%)
Progress: 276950 / 234837 | Success: 229543 | Failed: 47407 (117.9%)
Progress: 277000 / 234837 | Success: 229543 | Failed: 47457 (118.0%)
Progress: 277050 / 234837 | Success: 229543 | Failed: 47507 (118.0%)
Progress: 277100 / 234837 | Success: 229543 | Failed: 47557 (118.0%)
Progress: 277150 / 234837 | Success: 229543 | Failed: 47607 (118.0%)
Progress: 277200 / 234837 | Success: 229543 | Failed: 47657 (118.0%)
Progress: 277250 / 234837 | Success: 229543 | Failed: 47707 (118.1%)
Progress: 277300 / 234837 | Success: 229543 | Failed: 47757 (118.1%)
Progress: 277350 / 234837 | Success: 229543 | Failed: 47807 (118.1%)
Progress: 277400 / 234837 | Success: 229543 | Failed: 47857 (118.1%)
Progress: 277450 / 234837 | Success: 229543 | Failed: 47907 (118.1%)
Progress: 277500 / 234837 | Success: 229543 | Failed: 47957 (118.2%)
Progress: 277550 / 234837 | Success: 229548 | Failed: 48002 (118.2%)
Progress: 277600 / 234837 | Success: 229548 | Failed: 48052 (118.2%)
Progress: 277650 / 234837 | Success: 229548 | Failed: 48102 (118.2%)
Progress: 277700 / 234837 | Success: 229548 | Failed: 48152 (118.3%)
Progress: 277750 / 234837 | Success: 229581 | Failed: 48169 (118.3%)
Progress: 277800 / 234837 | Success: 229581 | Failed: 48219 (118.3%)
Progress: 277850 / 234837 | Success: 229581 | Failed: 48269 (118.3%)
Progress: 277900 / 234837 | Success: 229586 | Failed: 48314 (118.3%)
Progress: 277950 / 234837 | Success: 229586 | Failed: 48364 (118.4%)
Progress: 278000 / 234837 | Success: 229586 | Failed: 48414 (118.4%)
Progress: 278050 / 234837 | Success: 229586 | Failed: 48464 (118.4%)
Progress: 278100 / 234837 | Success: 229586 | Failed: 48514 (118.4%)
Progress: 278150 / 234837 | Success: 229586 | Failed: 48564 (118.4%)
Progress: 278200 / 234837 | Success: 229591 | Failed: 48609 (118.5%)
Progress: 278250 / 234837 | Success: 229591 | Failed: 48659 (118.5%)
Progress: 278300 / 234837 | Success: 229591 | Failed: 48709 (118.5%)
Progress: 278350 / 234837 | Success: 229591 | Failed: 48759 (118.5%)
Progress: 278400 / 234837 | Success: 229591 | Failed: 48809 (118.6%)
Progress: 278450 / 234837 | Success: 229591 | Failed: 48859 (118.6%)
Progress: 278500 / 234837 | Success: 229591 | Failed: 48909 (118.6%)
Progress: 278550 / 234837 | Success: 229591 | Failed: 48959 (118.6%)
Progress: 278600 / 234837 | Success: 229591 | Failed: 49009 (118.6%)
Progress: 278650 / 234837 | Success: 229591 | Failed: 49059 (118.7%)
Progress: 278700 / 234837 | Success: 229591 | Failed: 49109 (118.7%)
Progress: 278750 / 234837 | Success: 229591 | Failed: 49159 (118.7%)
Progress: 278800 / 234837 | Success: 229591 | Failed: 49209 (118.7%)
Progress: 278850 / 234837 | Success: 229591 | Failed: 49259 (118.7%)
Progress: 278900 / 234837 | Success: 229591 | Failed: 49309 (118.8%)
Progress: 278950 / 234837 | Success: 229591 | Failed: 49359 (118.8%)
Progress: 279000 / 234837 | Success: 229591 | Failed: 49409 (118.8%)
Progress: 279050 / 234837 | Success: 229591 | Failed: 49459 (118.8%)
Progress: 279100 / 234837 | Success: 229591 | Failed: 49509 (118.8%)
Progress: 279150 / 234837 | Success: 229591 | Failed: 49559 (118.9%)
Progress: 279200 / 234837 | Success: 229591 | Failed: 49609 (118.9%)
Progress: 279250 / 234837 | Success: 229591 | Failed: 49659 (118.9%)
Progress: 279300 / 234837 | Success: 229591 | Failed: 49709 (118.9%)
Progress: 279350 / 234837 | Success: 229591 | Failed: 49759 (119.0%)
Progress: 279400 / 234837 | Success: 229591 | Failed: 49809 (119.0%)
Progress: 279450 / 234837 | Success: 229591 | Failed: 49859 (119.0%)
Progress: 279500 / 234837 | Success: 229591 | Failed: 49909 (119.0%)
Progress: 279550 / 234837 | Success: 229591 | Failed: 49959 (119.0%)
Progress: 279600 / 234837 | Success: 229591 | Failed: 50009 (119.1%)
Progress: 279650 / 234837 | Success: 229591 | Failed: 50059 (119.1%)
Progress: 279700 / 234837 | Success: 229591 | Failed: 50109 (119.1%)
Progress: 279750 / 234837 | Success: 229591 | Failed: 50159 (119.1%)
Progress: 279800 / 234837 | Success: 229591 | Failed: 50209 (119.1%)
Progress: 279850 / 234837 | Success: 229591 | Failed: 50259 (119.2%)
Progress: 279900 / 234837 | Success: 229591 | Failed: 50309 (119.2%)
Progress: 279950 / 234837 | Success: 229591 | Failed: 50359 (119.2%)
Progress: 280000 / 234837 | Success: 229591 | Failed: 50409 (119.2%)
Progress: 280050 / 234837 | Success: 229591 | Failed: 50459 (119.3%)
Progress: 280100 / 234837 | Success: 229591 | Failed: 50509 (119.3%)
Progress: 280150 / 234837 | Success: 229591 | Failed: 50559 (119.3%)
Progress: 280200 / 234837 | Success: 229591 | Failed: 50609 (119.3%)
Progress: 280250 / 234837 | Success: 229591 | Failed: 50659 (119.3%)
Progress: 280300 / 234837 | Success: 229591 | Failed: 50709 (119.4%)
Progress: 280350 / 234837 | Success: 229591 | Failed: 50759 (119.4%)
Progress: 280400 / 234837 | Success: 229591 | Failed: 50809 (119.4%)
Progress: 280450 / 234837 | Success: 229591 | Failed: 50859 (119.4%)
Progress: 280500 / 234837 | Success: 229591 | Failed: 50909 (119.4%)
Progress: 280550 / 234837 | Success: 229591 | Failed: 50959 (119.5%)
Progress: 280600 / 234837 | Success: 229591 | Failed: 51009 (119.5%)
Progress: 280650 / 234837 | Success: 229591 | Failed: 51059 (119.5%)
Progress: 280700 / 234837 | Success: 229591 | Failed: 51109 (119.5%)
Progress: 280750 / 234837 | Success: 229601 | Failed: 51149 (119.6%)
Progress: 280800 / 234837 | Success: 229601 | Failed: 51199 (119.6%)
Progress: 280850 / 234837 | Success: 229601 | Failed: 51249 (119.6%)
Progress: 280900 / 234837 | Success: 229601 | Failed: 51299 (119.6%)
Progress: 280950 / 234837 | Success: 229601 | Failed: 51349 (119.6%)
Progress: 281000 / 234837 | Success: 229601 | Failed: 51399 (119.7%)
Progress: 281050 / 234837 | Success: 229601 | Failed: 51449 (119.7%)
Progress: 281100 / 234837 | Success: 229601 | Failed: 51499 (119.7%)
Progress: 281150 / 234837 | Success: 229601 | Failed: 51549 (119.7%)
Progress: 281200 / 234837 | Success: 229601 | Failed: 51599 (119.7%)
Progress: 281250 / 234837 | Success: 229601 | Failed: 51649 (119.8%)
Progress: 281300 / 234837 | Success: 229601 | Failed: 51699 (119.8%)
Progress: 281350 / 234837 | Success: 229601 | Failed: 51749 (119.8%)
Progress: 281400 / 234837 | Success: 229601 | Failed: 51799 (119.8%)
Progress: 281450 / 234837 | Success: 229601 | Failed: 51849 (119.8%)
Progress: 281500 / 234837 | Success: 229601 | Failed: 51899 (119.9%)
Progress: 281550 / 234837 | Success: 229601 | Failed: 51949 (119.9%)
Progress: 281600 / 234837 | Success: 229601 | Failed: 51999 (119.9%)
Progress: 281650 / 234837 | Success: 229601 | Failed: 52049 (119.9%)
Progress: 281700 / 234837 | Success: 229601 | Failed: 52099 (120.0%)
Progress: 281750 / 234837 | Success: 229601 | Failed: 52149 (120.0%)
Progress: 281800 / 234837 | Success: 229601 | Failed: 52199 (120.0%)
Progress: 281850 / 234837 | Success: 229601 | Failed: 52249 (120.0%)
Progress: 281900 / 234837 | Success: 229601 | Failed: 52299 (120.0%)
Progress: 281950 / 234837 | Success: 229601 | Failed: 52349 (120.1%)
Progress: 282000 / 234837 | Success: 229601 | Failed: 52399 (120.1%)
Progress: 282050 / 234837 | Success: 229601 | Failed: 52449 (120.1%)
Progress: 282100 / 234837 | Success: 229601 | Failed: 52499 (120.1%)
Progress: 282150 / 234837 | Success: 229601 | Failed: 52549 (120.1%)
Progress: 282200 / 234837 | Success: 229601 | Failed: 52599 (120.2%)
Progress: 282250 / 234837 | Success: 229601 | Failed: 52649 (120.2%)
Progress: 282300 / 234837 | Success: 229601 | Failed: 52699 (120.2%)
Progress: 282350 / 234837 | Success: 229601 | Failed: 52749 (120.2%)
Progress: 282400 / 234837 | Success: 229601 | Failed: 52799 (120.3%)
Progress: 282450 / 234837 | Success: 229601 | Failed: 52849 (120.3%)
Progress: 282500 / 234837 | Success: 229601 | Failed: 52899 (120.3%)
Progress: 282550 / 234837 | Success: 229601 | Failed: 52949 (120.3%)
Progress: 282600 / 234837 | Success: 229601 | Failed: 52999 (120.3%)
Progress: 282650 / 234837 | Success: 229601 | Failed: 53049 (120.4%)
Progress: 282700 / 234837 | Success: 229601 | Failed: 53099 (120.4%)
Progress: 282750 / 234837 | Success: 229601 | Failed: 53149 (120.4%)
Progress: 282800 / 234837 | Success: 229601 | Failed: 53199 (120.4%)
Progress: 282850 / 234837 | Success: 229601 | Failed: 53249 (120.4%)
Progress: 282900 / 234837 | Success: 229601 | Failed: 53299 (120.5%)
Progress: 282950 / 234837 | Success: 229601 | Failed: 53349 (120.5%)
Progress: 283000 / 234837 | Success: 229601 | Failed: 53399 (120.5%)
Progress: 283050 / 234837 | Success: 229601 | Failed: 53449 (120.5%)
Progress: 283100 / 234837 | Success: 229601 | Failed: 53499 (120.6%)
Progress: 283150 / 234837 | Success: 229601 | Failed: 53549 (120.6%)
Progress: 283200 / 234837 | Success: 229601 | Failed: 53599 (120.6%)
Progress: 283250 / 234837 | Success: 229601 | Failed: 53649 (120.6%)
Progress: 283300 / 234837 | Success: 229601 | Failed: 53699 (120.6%)
Progress: 283350 / 234837 | Success: 229601 | Failed: 53749 (120.7%)
Progress: 283400 / 234837 | Success: 229601 | Failed: 53799 (120.7%)
Progress: 283450 / 234837 | Success: 229601 | Failed: 53849 (120.7%)
Progress: 283500 / 234837 | Success: 229601 | Failed: 53899 (120.7%)
Progress: 283550 / 234837 | Success: 229601 | Failed: 53949 (120.7%)
Progress: 283600 / 234837 | Success: 229601 | Failed: 53999 (120.8%)
Progress: 283650 / 234837 | Success: 229601 | Failed: 54049 (120.8%)
Progress: 283700 / 234837 | Success: 229601 | Failed: 54099 (120.8%)
Progress: 283750 / 234837 | Success: 229601 | Failed: 54149 (120.8%)
Progress: 283800 / 234837 | Success: 229601 | Failed: 54199 (120.8%)
Progress: 283850 / 234837 | Success: 229601 | Failed: 54249 (120.9%)
Progress: 283900 / 234837 | Success: 229601 | Failed: 54299 (120.9%)
Progress: 283950 / 234837 | Success: 229601 | Failed: 54349 (120.9%)
Progress: 284000 / 234837 | Success: 229601 | Failed: 54399 (120.9%)
Progress: 284050 / 234837 | Success: 229601 | Failed: 54449 (121.0%)
Progress: 284100 / 234837 | Success: 229601 | Failed: 54499 (121.0%)
Progress: 284150 / 234837 | Success: 229601 | Failed: 54549 (121.0%)
Progress: 284200 / 234837 | Success: 229601 | Failed: 54599 (121.0%)
Progress: 284250 / 234837 | Success: 229601 | Failed: 54649 (121.0%)
Progress: 284300 / 234837 | Success: 229601 | Failed: 54699 (121.1%)
Progress: 284350 / 234837 | Success: 229601 | Failed: 54749 (121.1%)
Progress: 284400 / 234837 | Success: 229601 | Failed: 54799 (121.1%)
Progress: 284450 / 234837 | Success: 229601 | Failed: 54849 (121.1%)
Progress: 284500 / 234837 | Success: 229601 | Failed: 54899 (121.1%)
Progress: 284550 / 234837 | Success: 229601 | Failed: 54949 (121.2%)
Progress: 284600 / 234837 | Success: 229601 | Failed: 54999 (121.2%)
Progress: 284650 / 234837 | Success: 229601 | Failed: 55049 (121.2%)
Progress: 284700 / 234837 | Success: 229601 | Failed: 55099 (121.2%)
Progress: 284750 / 234837 | Success: 229601 | Failed: 55149 (121.3%)
Progress: 284800 / 234837 | Success: 229601 | Failed: 55199 (121.3%)
Progress: 284850 / 234837 | Success: 229601 | Failed: 55249 (121.3%)
Progress: 284900 / 234837 | Success: 229601 | Failed: 55299 (121.3%)
Progress: 284950 / 234837 | Success: 229601 | Failed: 55349 (121.3%)
Progress: 285000 / 234837 | Success: 229601 | Failed: 55399 (121.4%)
Progress: 285050 / 234837 | Success: 229601 | Failed: 55449 (121.4%)
Progress: 285100 / 234837 | Success: 229601 | Failed: 55499 (121.4%)
Progress: 285150 / 234837 | Success: 229601 | Failed: 55549 (121.4%)
Progress: 285200 / 234837 | Success: 229601 | Failed: 55599 (121.4%)
Progress: 285250 / 234837 | Success: 229601 | Failed: 55649 (121.5%)
Progress: 285300 / 234837 | Success: 229601 | Failed: 55699 (121.5%)
Progress: 285350 / 234837 | Success: 229601 | Failed: 55749 (121.5%)
Progress: 285400 / 234837 | Success: 229601 | Failed: 55799 (121.5%)
Progress: 285450 / 234837 | Success: 229601 | Failed: 55849 (121.6%)
Progress: 285500 / 234837 | Success: 229601 | Failed: 55899 (121.6%)
Progress: 285550 / 234837 | Success: 229601 | Failed: 55949 (121.6%)
Progress: 285600 / 234837 | Success: 229601 | Failed: 55999 (121.6%)
Progress: 285650 / 234837 | Success: 229601 | Failed: 56049 (121.6%)
Progress: 285700 / 234837 | Success: 229601 | Failed: 56099 (121.7%)
Progress: 285750 / 234837 | Success: 229601 | Failed: 56149 (121.7%)
Progress: 285800 / 234837 | Success: 229601 | Failed: 56199 (121.7%)
Progress: 285850 / 234837 | Success: 229601 | Failed: 56249 (121.7%)
Progress: 285900 / 234837 | Success: 229601 | Failed: 56299 (121.7%)
Progress: 285950 / 234837 | Success: 229601 | Failed: 56349 (121.8%)
Progress: 286000 / 234837 | Success: 229601 | Failed: 56399 (121.8%)
Progress: 286050 / 234837 | Success: 229601 | Failed: 56449 (121.8%)
Progress: 286100 / 234837 | Success: 229601 | Failed: 56499 (121.8%)
Progress: 286150 / 234837 | Success: 229601 | Failed: 56549 (121.9%)
Progress: 286200 / 234837 | Success: 229601 | Failed: 56599 (121.9%)
Progress: 286250 / 234837 | Success: 229601 | Failed: 56649 (121.9%)
Progress: 286300 / 234837 | Success: 229601 | Failed: 56699 (121.9%)
Progress: 286350 / 234837 | Success: 229601 | Failed: 56749 (121.9%)
Progress: 286400 / 234837 | Success: 229601 | Failed: 56799 (122.0%)
Progress: 286450 / 234837 | Success: 229601 | Failed: 56849 (122.0%)
Progress: 286500 / 234837 | Success: 229601 | Failed: 56899 (122.0%)
Progress: 286550 / 234837 | Success: 229601 | Failed: 56949 (122.0%)
Progress: 286600 / 234837 | Success: 229601 | Failed: 56999 (122.0%)
Progress: 286650 / 234837 | Success: 229601 | Failed: 57049 (122.1%)
Progress: 286700 / 234837 | Success: 229601 | Failed: 57099 (122.1%)
Progress: 286750 / 234837 | Success: 229601 | Failed: 57149 (122.1%)
Progress: 286800 / 234837 | Success: 229601 | Failed: 57199 (122.1%)
Progress: 286850 / 234837 | Success: 229601 | Failed: 57249 (122.1%)
Progress: 286900 / 234837 | Success: 229601 | Failed: 57299 (122.2%)
Progress: 286950 / 234837 | Success: 229601 | Failed: 57349 (122.2%)
Progress: 287000 / 234837 | Success: 229601 | Failed: 57399 (122.2%)
Progress: 287050 / 234837 | Success: 229601 | Failed: 57449 (122.2%)
Progress: 287100 / 234837 | Success: 229601 | Failed: 57499 (122.3%)
Progress: 287150 / 234837 | Success: 229601 | Failed: 57549 (122.3%)
Progress: 287200 / 234837 | Success: 229601 | Failed: 57599 (122.3%)
Progress: 287250 / 234837 | Success: 229601 | Failed: 57649 (122.3%)
Progress: 287300 / 234837 | Success: 229601 | Failed: 57699 (122.3%)
Progress: 287350 / 234837 | Success: 229601 | Failed: 57749 (122.4%)
Progress: 287400 / 234837 | Success: 229601 | Failed: 57799 (122.4%)
Progress: 287450 / 234837 | Success: 229601 | Failed: 57849 (122.4%)
Progress: 287500 / 234837 | Success: 229601 | Failed: 57899 (122.4%)
Progress: 287550 / 234837 | Success: 229601 | Failed: 57949 (122.4%)
Progress: 287600 / 234837 | Success: 229601 | Failed: 57999 (122.5%)
Progress: 287650 / 234837 | Success: 229601 | Failed: 58049 (122.5%)
Progress: 287700 / 234837 | Success: 229617 | Failed: 58083 (122.5%)
Progress: 287750 / 234837 | Success: 229617 | Failed: 58133 (122.5%)
Progress: 287800 / 234837 | Success: 229617 | Failed: 58183 (122.6%)
Progress: 287850 / 234837 | Success: 229617 | Failed: 58233 (122.6%)
Progress: 287900 / 234837 | Success: 229617 | Failed: 58283 (122.6%)
Progress: 287950 / 234837 | Success: 229647 | Failed: 58303 (122.6%)
Progress: 288000 / 234837 | Success: 229647 | Failed: 58353 (122.6%)
Progress: 288050 / 234837 | Success: 229647 | Failed: 58403 (122.7%)
Progress: 288100 / 234837 | Success: 229647 | Failed: 58453 (122.7%)
Progress: 288150 / 234837 | Success: 229647 | Failed: 58503 (122.7%)
Progress: 288200 / 234837 | Success: 229647 | Failed: 58553 (122.7%)
Progress: 288250 / 234837 | Success: 229647 | Failed: 58603 (122.7%)
Progress: 288300 / 234837 | Success: 229647 | Failed: 58653 (122.8%)
Progress: 288350 / 234837 | Success: 229647 | Failed: 58703 (122.8%)
Progress: 288400 / 234837 | Success: 229647 | Failed: 58753 (122.8%)
Progress: 288450 / 234837 | Success: 229647 | Failed: 58803 (122.8%)
Progress: 288500 / 234837 | Success: 229647 | Failed: 58853 (122.9%)
Progress: 288550 / 234837 | Success: 229647 | Failed: 58903 (122.9%)
Progress: 288600 / 234837 | Success: 229647 | Failed: 58953 (122.9%)
Progress: 288650 / 234837 | Success: 229647 | Failed: 59003 (122.9%)
Progress: 288700 / 234837 | Success: 229647 | Failed: 59053 (122.9%)
Progress: 288750 / 234837 | Success: 229647 | Failed: 59103 (123.0%)
Progress: 288800 / 234837 | Success: 229647 | Failed: 59153 (123.0%)
Progress: 288850 / 234837 | Success: 229647 | Failed: 59203 (123.0%)
Progress: 288900 / 234837 | Success: 229647 | Failed: 59253 (123.0%)
Progress: 288950 / 234837 | Success: 229647 | Failed: 59303 (123.0%)
Progress: 289000 / 234837 | Success: 229647 | Failed: 59353 (123.1%)
Progress: 289050 / 234837 | Success: 229647 | Failed: 59403 (123.1%)
Progress: 289100 / 234837 | Success: 229647 | Failed: 59453 (123.1%)
Progress: 289150 / 234837 | Success: 229647 | Failed: 59503 (123.1%)
Progress: 289200 / 234837 | Success: 229647 | Failed: 59553 (123.1%)
Progress: 289250 / 234837 | Success: 229647 | Failed: 59603 (123.2%)
Progress: 289300 / 234837 | Success: 229647 | Failed: 59653 (123.2%)
Progress: 289350 / 234837 | Success: 229647 | Failed: 59703 (123.2%)
Progress: 289400 / 234837 | Success: 229647 | Failed: 59753 (123.2%)
Progress: 289450 / 234837 | Success: 229647 | Failed: 59803 (123.3%)
Progress: 289500 / 234837 | Success: 229647 | Failed: 59853 (123.3%)
Progress: 289550 / 234837 | Success: 229647 | Failed: 59903 (123.3%)
Progress: 289600 / 234837 | Success: 229647 | Failed: 59953 (123.3%)
Progress: 289650 / 234837 | Success: 229647 | Failed: 60003 (123.3%)
Progress: 289700 / 234837 | Success: 229647 | Failed: 60053 (123.4%)
Progress: 289750 / 234837 | Success: 229647 | Failed: 60103 (123.4%)
Progress: 289800 / 234837 | Success: 229647 | Failed: 60153 (123.4%)
Progress: 289850 / 234837 | Success: 229647 | Failed: 60203 (123.4%)
Progress: 289900 / 234837 | Success: 229647 | Failed: 60253 (123.4%)
Progress: 289950 / 234837 | Success: 229647 | Failed: 60303 (123.5%)
Progress: 290000 / 234837 | Success: 229647 | Failed: 60353 (123.5%)
Progress: 290050 / 234837 | Success: 229647 | Failed: 60403 (123.5%)
Progress: 290100 / 234837 | Success: 229647 | Failed: 60453 (123.5%)
Progress: 290150 / 234837 | Success: 229647 | Failed: 60503 (123.6%)
Progress: 290200 / 234837 | Success: 229647 | Failed: 60553 (123.6%)
Progress: 290250 / 234837 | Success: 229647 | Failed: 60603 (123.6%)
Progress: 290300 / 234837 | Success: 229647 | Failed: 60653 (123.6%)
Progress: 290350 / 234837 | Success: 229647 | Failed: 60703 (123.6%)
Progress: 290400 / 234837 | Success: 229647 | Failed: 60753 (123.7%)
Progress: 290450 / 234837 | Success: 229647 | Failed: 60803 (123.7%)
Progress: 290500 / 234837 | Success: 229647 | Failed: 60853 (123.7%)
Progress: 290550 / 234837 | Success: 229647 | Failed: 60903 (123.7%)
Progress: 290600 / 234837 | Success: 229647 | Failed: 60953 (123.7%)
Progress: 290650 / 234837 | Success: 229647 | Failed: 61003 (123.8%)
Progress: 290700 / 234837 | Success: 229647 | Failed: 61053 (123.8%)
Progress: 290750 / 234837 | Success: 229647 | Failed: 61103 (123.8%)
Progress: 290800 / 234837 | Success: 229647 | Failed: 61153 (123.8%)
Progress: 290850 / 234837 | Success: 229647 | Failed: 61203 (123.9%)
Progress: 290900 / 234837 | Success: 229647 | Failed: 61253 (123.9%)
Progress: 290950 / 234837 | Success: 229647 | Failed: 61303 (123.9%)
Progress: 291000 / 234837 | Success: 229647 | Failed: 61353 (123.9%)
Progress: 291050 / 234837 | Success: 229647 | Failed: 61403 (123.9%)
Progress: 291100 / 234837 | Success: 229647 | Failed: 61453 (124.0%)
Progress: 291150 / 234837 | Success: 229647 | Failed: 61503 (124.0%)
Progress: 291200 / 234837 | Success: 229647 | Failed: 61553 (124.0%)
Progress: 291250 / 234837 | Success: 229647 | Failed: 61603 (124.0%)
Progress: 291300 / 234837 | Success: 229647 | Failed: 61653 (124.0%)
Progress: 291350 / 234837 | Success: 229647 | Failed: 61703 (124.1%)
Progress: 291400 / 234837 | Success: 229647 | Failed: 61753 (124.1%)
Progress: 291450 / 234837 | Success: 229647 | Failed: 61803 (124.1%)
Progress: 291500 / 234837 | Success: 229647 | Failed: 61853 (124.1%)
Progress: 291550 / 234837 | Success: 229647 | Failed: 61903 (124.1%)
Progress: 291600 / 234837 | Success: 229647 | Failed: 61953 (124.2%)
Progress: 291650 / 234837 | Success: 229647 | Failed: 62003 (124.2%)
Progress: 291700 / 234837 | Success: 229647 | Failed: 62053 (124.2%)
Progress: 291750 / 234837 | Success: 229647 | Failed: 62103 (124.2%)
Progress: 291800 / 234837 | Success: 229647 | Failed: 62153 (124.3%)
Progress: 291850 / 234837 | Success: 229647 | Failed: 62203 (124.3%)
Progress: 291900 / 234837 | Success: 229647 | Failed: 62253 (124.3%)
Progress: 291950 / 234837 | Success: 229647 | Failed: 62303 (124.3%)
Progress: 292000 / 234837 | Success: 229647 | Failed: 62353 (124.3%)
Progress: 292050 / 234837 | Success: 229647 | Failed: 62403 (124.4%)
Progress: 292100 / 234837 | Success: 229647 | Failed: 62453 (124.4%)
Progress: 292150 / 234837 | Success: 229647 | Failed: 62503 (124.4%)
Progress: 292200 / 234837 | Success: 229647 | Failed: 62553 (124.4%)
Progress: 292250 / 234837 | Success: 229647 | Failed: 62603 (124.4%)
Progress: 292300 / 234837 | Success: 229647 | Failed: 62653 (124.5%)
Progress: 292350 / 234837 | Success: 229647 | Failed: 62703 (124.5%)
Progress: 292400 / 234837 | Success: 229647 | Failed: 62753 (124.5%)
Progress: 292450 / 234837 | Success: 229647 | Failed: 62803 (124.5%)
Progress: 292500 / 234837 | Success: 229647 | Failed: 62853 (124.6%)
Progress: 292550 / 234837 | Success: 229647 | Failed: 62903 (124.6%)
Progress: 292600 / 234837 | Success: 229647 | Failed: 62953 (124.6%)
Progress: 292650 / 234837 | Success: 229647 | Failed: 63003 (124.6%)
Progress: 292700 / 234837 | Success: 229647 | Failed: 63053 (124.6%)
Progress: 292750 / 234837 | Success: 229647 | Failed: 63103 (124.7%)
Progress: 292800 / 234837 | Success: 229647 | Failed: 63153 (124.7%)
Progress: 292850 / 234837 | Success: 229647 | Failed: 63203 (124.7%)
Progress: 292900 / 234837 | Success: 229647 | Failed: 63253 (124.7%)
Progress: 292950 / 234837 | Success: 229647 | Failed: 63303 (124.7%)
Progress: 293000 / 234837 | Success: 229647 | Failed: 63353 (124.8%)
Progress: 293050 / 234837 | Success: 229647 | Failed: 63403 (124.8%)
Progress: 293100 / 234837 | Success: 229647 | Failed: 63453 (124.8%)
Progress: 293150 / 234837 | Success: 229647 | Failed: 63503 (124.8%)
Progress: 293200 / 234837 | Success: 229647 | Failed: 63553 (124.9%)
Progress: 293250 / 234837 | Success: 229647 | Failed: 63603 (124.9%)
Progress: 293300 / 234837 | Success: 229647 | Failed: 63653 (124.9%)
Progress: 293350 / 234837 | Success: 229647 | Failed: 63703 (124.9%)
Progress: 293400 / 234837 | Success: 229647 | Failed: 63753 (124.9%)
Progress: 293450 / 234837 | Success: 229647 | Failed: 63803 (125.0%)
Progress: 293500 / 234837 | Success: 229647 | Failed: 63853 (125.0%)
Progress: 293550 / 234837 | Success: 229647 | Failed: 63903 (125.0%)
Progress: 293600 / 234837 | Success: 229647 | Failed: 63953 (125.0%)
Progress: 293650 / 234837 | Success: 229647 | Failed: 64003 (125.0%)
Progress: 293700 / 234837 | Success: 229647 | Failed: 64053 (125.1%)
Progress: 293750 / 234837 | Success: 229647 | Failed: 64103 (125.1%)
Progress: 293800 / 234837 | Success: 229647 | Failed: 64153 (125.1%)
Progress: 293850 / 234837 | Success: 229647 | Failed: 64203 (125.1%)
Progress: 293900 / 234837 | Success: 229647 | Failed: 64253 (125.2%)
Progress: 293950 / 234837 | Success: 229647 | Failed: 64303 (125.2%)
Progress: 294000 / 234837 | Success: 229647 | Failed: 64353 (125.2%)
Progress: 294050 / 234837 | Success: 229647 | Failed: 64403 (125.2%)
Progress: 294100 / 234837 | Success: 229647 | Failed: 64453 (125.2%)
Progress: 294150 / 234837 | Success: 229647 | Failed: 64503 (125.3%)
Progress: 294200 / 234837 | Success: 229647 | Failed: 64553 (125.3%)
Progress: 294250 / 234837 | Success: 229647 | Failed: 64603 (125.3%)
Progress: 294300 / 234837 | Success: 229647 | Failed: 64653 (125.3%)
Progress: 294350 / 234837 | Success: 229647 | Failed: 64703 (125.3%)
Progress: 294400 / 234837 | Success: 229647 | Failed: 64753 (125.4%)
Progress: 294450 / 234837 | Success: 229647 | Failed: 64803 (125.4%)
Progress: 294500 / 234837 | Success: 229647 | Failed: 64853 (125.4%)
Progress: 294550 / 234837 | Success: 229647 | Failed: 64903 (125.4%)
Progress: 294600 / 234837 | Success: 229647 | Failed: 64953 (125.4%)
Progress: 294650 / 234837 | Success: 229647 | Failed: 65003 (125.5%)
Progress: 294700 / 234837 | Success: 229647 | Failed: 65053 (125.5%)
Progress: 294750 / 234837 | Success: 229647 | Failed: 65103 (125.5%)
Progress: 294800 / 234837 | Success: 229647 | Failed: 65153 (125.5%)
Progress: 294850 / 234837 | Success: 229647 | Failed: 65203 (125.6%)
Progress: 294900 / 234837 | Success: 229647 | Failed: 65253 (125.6%)
Progress: 294950 / 234837 | Success: 229647 | Failed: 65303 (125.6%)
Progress: 295000 / 234837 | Success: 229647 | Failed: 65353 (125.6%)
Progress: 295050 / 234837 | Success: 229647 | Failed: 65403 (125.6%)
Progress: 295100 / 234837 | Success: 229647 | Failed: 65453 (125.7%)
Progress: 295150 / 234837 | Success: 229647 | Failed: 65503 (125.7%)
Progress: 295200 / 234837 | Success: 229647 | Failed: 65553 (125.7%)
Progress: 295250 / 234837 | Success: 229647 | Failed: 65603 (125.7%)
Progress: 295300 / 234837 | Success: 229647 | Failed: 65653 (125.7%)
Progress: 295350 / 234837 | Success: 229647 | Failed: 65703 (125.8%)
Progress: 295400 / 234837 | Success: 229647 | Failed: 65753 (125.8%)
Progress: 295450 / 234837 | Success: 229647 | Failed: 65803 (125.8%)
Progress: 295500 / 234837 | Success: 229647 | Failed: 65853 (125.8%)
Progress: 295550 / 234837 | Success: 229647 | Failed: 65903 (125.9%)
Progress: 295600 / 234837 | Success: 229647 | Failed: 65953 (125.9%)
Progress: 295650 / 234837 | Success: 229647 | Failed: 66003 (125.9%)
Progress: 295700 / 234837 | Success: 229647 | Failed: 66053 (125.9%)
Progress: 295750 / 234837 | Success: 229647 | Failed: 66103 (125.9%)
Progress: 295800 / 234837 | Success: 229647 | Failed: 66153 (126.0%)
Progress: 295850 / 234837 | Success: 229647 | Failed: 66203 (126.0%)
Progress: 295900 / 234837 | Success: 229647 | Failed: 66253 (126.0%)
Progress: 295950 / 234837 | Success: 229647 | Failed: 66303 (126.0%)
Progress: 296000 / 234837 | Success: 229647 | Failed: 66353 (126.0%)
Progress: 296050 / 234837 | Success: 229647 | Failed: 66403 (126.1%)
Progress: 296100 / 234837 | Success: 229647 | Failed: 66453 (126.1%)
Progress: 296150 / 234837 | Success: 229647 | Failed: 66503 (126.1%)
Progress: 296200 / 234837 | Success: 229647 | Failed: 66553 (126.1%)
Progress: 296250 / 234837 | Success: 229647 | Failed: 66603 (126.2%)
Progress: 296300 / 234837 | Success: 229647 | Failed: 66653 (126.2%)
Progress: 296350 / 234837 | Success: 229647 | Failed: 66703 (126.2%)
Progress: 296400 / 234837 | Success: 229647 | Failed: 66753 (126.2%)
Progress: 296450 / 234837 | Success: 229647 | Failed: 66803 (126.2%)
Progress: 296500 / 234837 | Success: 229647 | Failed: 66853 (126.3%)
Progress: 296550 / 234837 | Success: 229647 | Failed: 66903 (126.3%)
Progress: 296600 / 234837 | Success: 229647 | Failed: 66953 (126.3%)
Progress: 296650 / 234837 | Success: 229647 | Failed: 67003 (126.3%)
Progress: 296700 / 234837 | Success: 229647 | Failed: 67053 (126.3%)
Progress: 296750 / 234837 | Success: 229647 | Failed: 67103 (126.4%)
Progress: 296800 / 234837 | Success: 229647 | Failed: 67153 (126.4%)
Progress: 296850 / 234837 | Success: 229647 | Failed: 67203 (126.4%)
Progress: 296900 / 234837 | Success: 229647 | Failed: 67253 (126.4%)
Progress: 296950 / 234837 | Success: 229647 | Failed: 67303 (126.4%)
Progress: 297000 / 234837 | Success: 229647 | Failed: 67353 (126.5%)
Progress: 297050 / 234837 | Success: 229647 | Failed: 67403 (126.5%)
Progress: 297100 / 234837 | Success: 229647 | Failed: 67453 (126.5%)
Progress: 297150 / 234837 | Success: 229647 | Failed: 67503 (126.5%)
Progress: 297200 / 234837 | Success: 229647 | Failed: 67553 (126.6%)
Progress: 297250 / 234837 | Success: 229647 | Failed: 67603 (126.6%)
Progress: 297300 / 234837 | Success: 229647 | Failed: 67653 (126.6%)
Progress: 297350 / 234837 | Success: 229647 | Failed: 67703 (126.6%)
Progress: 297400 / 234837 | Success: 229647 | Failed: 67753 (126.6%)
Progress: 297450 / 234837 | Success: 229647 | Failed: 67803 (126.7%)
Progress: 297500 / 234837 | Success: 229647 | Failed: 67853 (126.7%)
Progress: 297550 / 234837 | Success: 229647 | Failed: 67903 (126.7%)
Progress: 297600 / 234837 | Success: 229647 | Failed: 67953 (126.7%)
Progress: 297650 / 234837 | Success: 229647 | Failed: 68003 (126.7%)
Progress: 297700 / 234837 | Success: 229647 | Failed: 68053 (126.8%)
Progress: 297750 / 234837 | Success: 229647 | Failed: 68103 (126.8%)
Progress: 297800 / 234837 | Success: 229647 | Failed: 68153 (126.8%)
Progress: 297850 / 234837 | Success: 229647 | Failed: 68203 (126.8%)
Progress: 297900 / 234837 | Success: 229647 | Failed: 68253 (126.9%)
Progress: 297950 / 234837 | Success: 229647 | Failed: 68303 (126.9%)
Progress: 298000 / 234837 | Success: 229647 | Failed: 68353 (126.9%)
Progress: 298050 / 234837 | Success: 229647 | Failed: 68403 (126.9%)
Progress: 298100 / 234837 | Success: 229647 | Failed: 68453 (126.9%)
Progress: 298150 / 234837 | Success: 229647 | Failed: 68503 (127.0%)
Progress: 298200 / 234837 | Success: 229647 | Failed: 68553 (127.0%)
Progress: 298250 / 234837 | Success: 229647 | Failed: 68603 (127.0%)
Progress: 298300 / 234837 | Success: 229647 | Failed: 68653 (127.0%)
Progress: 298350 / 234837 | Success: 229647 | Failed: 68703 (127.0%)
Progress: 298400 / 234837 | Success: 229647 | Failed: 68753 (127.1%)
Progress: 298450 / 234837 | Success: 229647 | Failed: 68803 (127.1%)
Progress: 298500 / 234837 | Success: 229647 | Failed: 68853 (127.1%)
Progress: 298550 / 234837 | Success: 229647 | Failed: 68903 (127.1%)
Progress: 298600 / 234837 | Success: 229647 | Failed: 68953 (127.2%)
Progress: 298650 / 234837 | Success: 229647 | Failed: 69003 (127.2%)
Progress: 298700 / 234837 | Success: 229647 | Failed: 69053 (127.2%)
Progress: 298750 / 234837 | Success: 229647 | Failed: 69103 (127.2%)
Progress: 298800 / 234837 | Success: 229647 | Failed: 69153 (127.2%)
Progress: 298850 / 234837 | Success: 229647 | Failed: 69203 (127.3%)
Progress: 298900 / 234837 | Success: 229647 | Failed: 69253 (127.3%)
Progress: 298950 / 234837 | Success: 229647 | Failed: 69303 (127.3%)
Progress: 299000 / 234837 | Success: 229647 | Failed: 69353 (127.3%)
Progress: 299050 / 234837 | Success: 229647 | Failed: 69403 (127.3%)
Progress: 299100 / 234837 | Success: 229647 | Failed: 69453 (127.4%)
Progress: 299150 / 234837 | Success: 229647 | Failed: 69503 (127.4%)
Progress: 299200 / 234837 | Success: 229647 | Failed: 69553 (127.4%)
Progress: 299250 / 234837 | Success: 229647 | Failed: 69603 (127.4%)
Progress: 299300 / 234837 | Success: 229647 | Failed: 69653 (127.5%)
Progress: 299350 / 234837 | Success: 229647 | Failed: 69703 (127.5%)
Progress: 299400 / 234837 | Success: 229647 | Failed: 69753 (127.5%)
Progress: 299450 / 234837 | Success: 229647 | Failed: 69803 (127.5%)
Progress: 299500 / 234837 | Success: 229647 | Failed: 69853 (127.5%)
Progress: 299550 / 234837 | Success: 229647 | Failed: 69903 (127.6%)
Progress: 299600 / 234837 | Success: 229647 | Failed: 69953 (127.6%)
Progress: 299650 / 234837 | Success: 229647 | Failed: 70003 (127.6%)
Progress: 299700 / 234837 | Success: 229647 | Failed: 70053 (127.6%)
Progress: 299750 / 234837 | Success: 229647 | Failed: 70103 (127.6%)
Progress: 299800 / 234837 | Success: 229647 | Failed: 70153 (127.7%)
Progress: 299850 / 234837 | Success: 229647 | Failed: 70203 (127.7%)
Progress: 299900 / 234837 | Success: 229647 | Failed: 70253 (127.7%)
Progress: 299950 / 234837 | Success: 229647 | Failed: 70303 (127.7%)
Progress: 300000 / 234837 | Success: 229647 | Failed: 70353 (127.7%)
Progress: 300050 / 234837 | Success: 229647 | Failed: 70403 (127.8%)
Progress: 300100 / 234837 | Success: 229647 | Failed: 70453 (127.8%)
Progress: 300150 / 234837 | Success: 229647 | Failed: 70503 (127.8%)
Progress: 300200 / 234837 | Success: 229647 | Failed: 70553 (127.8%)
Progress: 300250 / 234837 | Success: 229647 | Failed: 70603 (127.9%)
Progress: 300300 / 234837 | Success: 229647 | Failed: 70653 (127.9%)
Progress: 300350 / 234837 | Success: 229647 | Failed: 70703 (127.9%)
Progress: 300400 / 234837 | Success: 229647 | Failed: 70753 (127.9%)
Progress: 300450 / 234837 | Success: 229647 | Failed: 70803 (127.9%)
Progress: 300500 / 234837 | Success: 229647 | Failed: 70853 (128.0%)
Progress: 300550 / 234837 | Success: 229647 | Failed: 70903 (128.0%)
Progress: 300600 / 234837 | Success: 229647 | Failed: 70953 (128.0%)
Progress: 300650 / 234837 | Success: 229647 | Failed: 71003 (128.0%)
Progress: 300700 / 234837 | Success: 229647 | Failed: 71053 (128.0%)
Progress: 300750 / 234837 | Success: 229647 | Failed: 71103 (128.1%)
Progress: 300800 / 234837 | Success: 229647 | Failed: 71153 (128.1%)
Progress: 300850 / 234837 | Success: 229647 | Failed: 71203 (128.1%)
Progress: 300900 / 234837 | Success: 229647 | Failed: 71253 (128.1%)
Progress: 300950 / 234837 | Success: 229647 | Failed: 71303 (128.2%)
Progress: 301000 / 234837 | Success: 229647 | Failed: 71353 (128.2%)
Progress: 301050 / 234837 | Success: 229647 | Failed: 71403 (128.2%)
Progress: 301100 / 234837 | Success: 229647 | Failed: 71453 (128.2%)
Progress: 301150 / 234837 | Success: 229647 | Failed: 71503 (128.2%)
Progress: 301200 / 234837 | Success: 229647 | Failed: 71553 (128.3%)
Progress: 301250 / 234837 | Success: 229647 | Failed: 71603 (128.3%)
Progress: 301300 / 234837 | Success: 229647 | Failed: 71653 (128.3%)
Progress: 301350 / 234837 | Success: 229647 | Failed: 71703 (128.3%)
Progress: 301400 / 234837 | Success: 229647 | Failed: 71753 (128.3%)
Progress: 301450 / 234837 | Success: 229647 | Failed: 71803 (128.4%)
Progress: 301500 / 234837 | Success: 229647 | Failed: 71853 (128.4%)
Progress: 301550 / 234837 | Success: 229647 | Failed: 71903 (128.4%)
Progress: 301600 / 234837 | Success: 229647 | Failed: 71953 (128.4%)
Progress: 301650 / 234837 | Success: 229647 | Failed: 72003 (128.5%)
Progress: 301700 / 234837 | Success: 229647 | Failed: 72053 (128.5%)
Progress: 301750 / 234837 | Success: 229647 | Failed: 72103 (128.5%)
Progress: 301800 / 234837 | Success: 229647 | Failed: 72153 (128.5%)
Progress: 301850 / 234837 | Success: 229647 | Failed: 72203 (128.5%)
Progress: 301900 / 234837 | Success: 229647 | Failed: 72253 (128.6%)
Progress: 301950 / 234837 | Success: 229647 | Failed: 72303 (128.6%)
Progress: 302000 / 234837 | Success: 229647 | Failed: 72353 (128.6%)
Progress: 302050 / 234837 | Success: 229647 | Failed: 72403 (128.6%)
Progress: 302100 / 234837 | Success: 229647 | Failed: 72453 (128.6%)
Progress: 302150 / 234837 | Success: 229647 | Failed: 72503 (128.7%)
Progress: 302200 / 234837 | Success: 229647 | Failed: 72553 (128.7%)
Progress: 302250 / 234837 | Success: 229647 | Failed: 72603 (128.7%)
Progress: 302300 / 234837 | Success: 229647 | Failed: 72653 (128.7%)
Progress: 302350 / 234837 | Success: 229647 | Failed: 72703 (128.7%)
Progress: 302400 / 234837 | Success: 229647 | Failed: 72753 (128.8%)
Progress: 302450 / 234837 | Success: 229647 | Failed: 72803 (128.8%)
Progress: 302500 / 234837 | Success: 229647 | Failed: 72853 (128.8%)
Progress: 302550 / 234837 | Success: 229647 | Failed: 72903 (128.8%)
Progress: 302600 / 234837 | Success: 229647 | Failed: 72953 (128.9%)
Progress: 302650 / 234837 | Success: 229647 | Failed: 73003 (128.9%)
Progress: 302700 / 234837 | Success: 229647 | Failed: 73053 (128.9%)
Progress: 302750 / 234837 | Success: 229647 | Failed: 73103 (128.9%)
Progress: 302800 / 234837 | Success: 229647 | Failed: 73153 (128.9%)
Progress: 302850 / 234837 | Success: 229647 | Failed: 73203 (129.0%)
Progress: 302900 / 234837 | Success: 229647 | Failed: 73253 (129.0%)
Progress: 302950 / 234837 | Success: 229647 | Failed: 73303 (129.0%)
Progress: 303000 / 234837 | Success: 229647 | Failed: 73353 (129.0%)
Progress: 303050 / 234837 | Success: 229647 | Failed: 73403 (129.0%)
Progress: 303100 / 234837 | Success: 229647 | Failed: 73453 (129.1%)
Progress: 303150 / 234837 | Success: 229647 | Failed: 73503 (129.1%)
Progress: 303200 / 234837 | Success: 229647 | Failed: 73553 (129.1%)
Progress: 303250 / 234837 | Success: 229647 | Failed: 73603 (129.1%)
Progress: 303300 / 234837 | Success: 229647 | Failed: 73653 (129.2%)
Progress: 303350 / 234837 | Success: 229647 | Failed: 73703 (129.2%)
Progress: 303400 / 234837 | Success: 229647 | Failed: 73753 (129.2%)
Progress: 303450 / 234837 | Success: 229647 | Failed: 73803 (129.2%)
Progress: 303500 / 234837 | Success: 229647 | Failed: 73853 (129.2%)
Progress: 303550 / 234837 | Success: 229647 | Failed: 73903 (129.3%)
Progress: 303600 / 234837 | Success: 229647 | Failed: 73953 (129.3%)
Progress: 303650 / 234837 | Success: 229647 | Failed: 74003 (129.3%)
Progress: 303700 / 234837 | Success: 229647 | Failed: 74053 (129.3%)
Progress: 303750 / 234837 | Success: 229647 | Failed: 74103 (129.3%)
Progress: 303800 / 234837 | Success: 229647 | Failed: 74153 (129.4%)
Progress: 303850 / 234837 | Success: 229647 | Failed: 74203 (129.4%)
Progress: 303900 / 234837 | Success: 229647 | Failed: 74253 (129.4%)
Progress: 303950 / 234837 | Success: 229647 | Failed: 74303 (129.4%)
Progress: 304000 / 234837 | Success: 229647 | Failed: 74353 (129.5%)
Progress: 304050 / 234837 | Success: 229647 | Failed: 74403 (129.5%)
Progress: 304100 / 234837 | Success: 229647 | Failed: 74453 (129.5%)
Progress: 304150 / 234837 | Success: 229647 | Failed: 74503 (129.5%)
Progress: 304200 / 234837 | Success: 229647 | Failed: 74553 (129.5%)
Progress: 304250 / 234837 | Success: 229647 | Failed: 74603 (129.6%)
Progress: 304300 / 234837 | Success: 229647 | Failed: 74653 (129.6%)
Progress: 304350 / 234837 | Success: 229647 | Failed: 74703 (129.6%)
Progress: 304400 / 234837 | Success: 229647 | Failed: 74753 (129.6%)
Progress: 304450 / 234837 | Success: 229647 | Failed: 74803 (129.6%)
Progress: 304500 / 234837 | Success: 229647 | Failed: 74853 (129.7%)
Progress: 304550 / 234837 | Success: 229647 | Failed: 74903 (129.7%)
Progress: 304600 / 234837 | Success: 229647 | Failed: 74953 (129.7%)
Progress: 304650 / 234837 | Success: 229647 | Failed: 75003 (129.7%)
Progress: 304700 / 234837 | Success: 229647 | Failed: 75053 (129.7%)
Progress: 304750 / 234837 | Success: 229647 | Failed: 75103 (129.8%)
Progress: 304800 / 234837 | Success: 229647 | Failed: 75153 (129.8%)
Progress: 304850 / 234837 | Success: 229647 | Failed: 75203 (129.8%)
Progress: 304900 / 234837 | Success: 229647 | Failed: 75253 (129.8%)
Progress: 304950 / 234837 | Success: 229647 | Failed: 75303 (129.9%)
Progress: 305000 / 234837 | Success: 229647 | Failed: 75353 (129.9%)
Progress: 305050 / 234837 | Success: 229647 | Failed: 75403 (129.9%)
Progress: 305100 / 234837 | Success: 229647 | Failed: 75453 (129.9%)
Progress: 305150 / 234837 | Success: 229647 | Failed: 75503 (129.9%)
Progress: 305200 / 234837 | Success: 229647 | Failed: 75553 (130.0%)
Progress: 305250 / 234837 | Success: 229647 | Failed: 75603 (130.0%)
Progress: 305300 / 234837 | Success: 229647 | Failed: 75653 (130.0%)
Progress: 305350 / 234837 | Success: 229647 | Failed: 75703 (130.0%)
Progress: 305400 / 234837 | Success: 229647 | Failed: 75753 (130.0%)
Progress: 305450 / 234837 | Success: 229647 | Failed: 75803 (130.1%)
Progress: 305500 / 234837 | Success: 229647 | Failed: 75853 (130.1%)
Progress: 305550 / 234837 | Success: 229647 | Failed: 75903 (130.1%)
Progress: 305600 / 234837 | Success: 229647 | Failed: 75953 (130.1%)
Progress: 305650 / 234837 | Success: 229647 | Failed: 76003 (130.2%)
Progress: 305700 / 234837 | Success: 229647 | Failed: 76053 (130.2%)
Progress: 305750 / 234837 | Success: 229647 | Failed: 76103 (130.2%)
Progress: 305800 / 234837 | Success: 229647 | Failed: 76153 (130.2%)
Progress: 305850 / 234837 | Success: 229647 | Failed: 76203 (130.2%)
Progress: 305900 / 234837 | Success: 229647 | Failed: 76253 (130.3%)
Progress: 305950 / 234837 | Success: 229647 | Failed: 76303 (130.3%)
Progress: 306000 / 234837 | Success: 229647 | Failed: 76353 (130.3%)
Progress: 306050 / 234837 | Success: 229647 | Failed: 76403 (130.3%)
Progress: 306100 / 234837 | Success: 229647 | Failed: 76453 (130.3%)
Progress: 306150 / 234837 | Success: 229647 | Failed: 76503 (130.4%)
Progress: 306200 / 234837 | Success: 229647 | Failed: 76553 (130.4%)
Progress: 306250 / 234837 | Success: 229647 | Failed: 76603 (130.4%)
Progress: 306300 / 234837 | Success: 229647 | Failed: 76653 (130.4%)
Progress: 306350 / 234837 | Success: 229647 | Failed: 76703 (130.5%)
Progress: 306400 / 234837 | Success: 229647 | Failed: 76753 (130.5%)
Progress: 306450 / 234837 | Success: 229647 | Failed: 76803 (130.5%)
Progress: 306500 / 234837 | Success: 229647 | Failed: 76853 (130.5%)
Progress: 306550 / 234837 | Success: 229647 | Failed: 76903 (130.5%)
Progress: 306600 / 234837 | Success: 229647 | Failed: 76953 (130.6%)
Progress: 306650 / 234837 | Success: 229647 | Failed: 77003 (130.6%)
Progress: 306700 / 234837 | Success: 229647 | Failed: 77053 (130.6%)
Progress: 306750 / 234837 | Success: 229647 | Failed: 77103 (130.6%)
Progress: 306800 / 234837 | Success: 229647 | Failed: 77153 (130.6%)
Progress: 306850 / 234837 | Success: 229647 | Failed: 77203 (130.7%)
Progress: 306900 / 234837 | Success: 229647 | Failed: 77253 (130.7%)
Progress: 306950 / 234837 | Success: 229647 | Failed: 77303 (130.7%)
Progress: 307000 / 234837 | Success: 229647 | Failed: 77353 (130.7%)
Progress: 307050 / 234837 | Success: 229647 | Failed: 77403 (130.8%)
Progress: 307100 / 234837 | Success: 229647 | Failed: 77453 (130.8%)
Progress: 307150 / 234837 | Success: 229647 | Failed: 77503 (130.8%)
Progress: 307200 / 234837 | Success: 229647 | Failed: 77553 (130.8%)
Progress: 307250 / 234837 | Success: 229647 | Failed: 77603 (130.8%)
Progress: 307300 / 234837 | Success: 229647 | Failed: 77653 (130.9%)
Progress: 307350 / 234837 | Success: 229647 | Failed: 77703 (130.9%)
Progress: 307400 / 234837 | Success: 229647 | Failed: 77753 (130.9%)
Progress: 307450 / 234837 | Success: 229647 | Failed: 77803 (130.9%)
Progress: 307500 / 234837 | Success: 229647 | Failed: 77853 (130.9%)
Progress: 307550 / 234837 | Success: 229647 | Failed: 77903 (131.0%)
Progress: 307600 / 234837 | Success: 229647 | Failed: 77953 (131.0%)
Progress: 307650 / 234837 | Success: 229647 | Failed: 78003 (131.0%)
Progress: 307700 / 234837 | Success: 229647 | Failed: 78053 (131.0%)
Progress: 307750 / 234837 | Success: 229647 | Failed: 78103 (131.0%)
Progress: 307800 / 234837 | Success: 229647 | Failed: 78153 (131.1%)
Progress: 307850 / 234837 | Success: 229647 | Failed: 78203 (131.1%)
Progress: 307900 / 234837 | Success: 229647 | Failed: 78253 (131.1%)
Progress: 307950 / 234837 | Success: 229647 | Failed: 78303 (131.1%)
Progress: 308000 / 234837 | Success: 229647 | Failed: 78353 (131.2%)
Progress: 308050 / 234837 | Success: 229647 | Failed: 78403 (131.2%)
Progress: 308100 / 234837 | Success: 229647 | Failed: 78453 (131.2%)
Progress: 308150 / 234837 | Success: 229647 | Failed: 78503 (131.2%)
Progress: 308200 / 234837 | Success: 229647 | Failed: 78553 (131.2%)
Progress: 308250 / 234837 | Success: 229647 | Failed: 78603 (131.3%)
Progress: 308300 / 234837 | Success: 229647 | Failed: 78653 (131.3%)
Progress: 308350 / 234837 | Success: 229647 | Failed: 78703 (131.3%)
Progress: 308400 / 234837 | Success: 229647 | Failed: 78753 (131.3%)
Progress: 308450 / 234837 | Success: 229647 | Failed: 78803 (131.3%)
Progress: 308500 / 234837 | Success: 229647 | Failed: 78853 (131.4%)
Progress: 308550 / 234837 | Success: 229647 | Failed: 78903 (131.4%)
Progress: 308600 / 234837 | Success: 229647 | Failed: 78953 (131.4%)
Progress: 308650 / 234837 | Success: 229647 | Failed: 79003 (131.4%)
Progress: 308700 / 234837 | Success: 229647 | Failed: 79053 (131.5%)
Progress: 308750 / 234837 | Success: 229647 | Failed: 79103 (131.5%)
Progress: 308800 / 234837 | Success: 229647 | Failed: 79153 (131.5%)
Progress: 308850 / 234837 | Success: 229647 | Failed: 79203 (131.5%)
Progress: 308900 / 234837 | Success: 229647 | Failed: 79253 (131.5%)
Progress: 308950 / 234837 | Success: 229647 | Failed: 79303 (131.6%)
Progress: 309000 / 234837 | Success: 229647 | Failed: 79353 (131.6%)
Progress: 309050 / 234837 | Success: 229647 | Failed: 79403 (131.6%)
Progress: 309100 / 234837 | Success: 229647 | Failed: 79453 (131.6%)
Progress: 309150 / 234837 | Success: 229647 | Failed: 79503 (131.6%)
Progress: 309200 / 234837 | Success: 229647 | Failed: 79553 (131.7%)
Progress: 309250 / 234837 | Success: 229647 | Failed: 79603 (131.7%)
Progress: 309300 / 234837 | Success: 229647 | Failed: 79653 (131.7%)
Progress: 309350 / 234837 | Success: 229647 | Failed: 79703 (131.7%)
Progress: 309400 / 234837 | Success: 229647 | Failed: 79753 (131.8%)
Progress: 309450 / 234837 | Success: 229647 | Failed: 79803 (131.8%)
Progress: 309500 / 234837 | Success: 229647 | Failed: 79853 (131.8%)
Progress: 309550 / 234837 | Success: 229647 | Failed: 79903 (131.8%)
Progress: 309600 / 234837 | Success: 229647 | Failed: 79953 (131.8%)
Progress: 309650 / 234837 | Success: 229647 | Failed: 80003 (131.9%)
Progress: 309700 / 234837 | Success: 229647 | Failed: 80053 (131.9%)
Progress: 309750 / 234837 | Success: 229647 | Failed: 80103 (131.9%)
Progress: 309800 / 234837 | Success: 229647 | Failed: 80153 (131.9%)
Progress: 309850 / 234837 | Success: 229647 | Failed: 80203 (131.9%)
Progress: 309900 / 234837 | Success: 229647 | Failed: 80253 (132.0%)
Progress: 309950 / 234837 | Success: 229647 | Failed: 80303 (132.0%)
Progress: 310000 / 234837 | Success: 229647 | Failed: 80353 (132.0%)
Progress: 310050 / 234837 | Success: 229647 | Failed: 80403 (132.0%)
Progress: 310100 / 234837 | Success: 229647 | Failed: 80453 (132.0%)
Progress: 310150 / 234837 | Success: 229647 | Failed: 80503 (132.1%)
Progress: 310200 / 234837 | Success: 229647 | Failed: 80553 (132.1%)
Progress: 310250 / 234837 | Success: 229647 | Failed: 80603 (132.1%)
Progress: 310300 / 234837 | Success: 229647 | Failed: 80653 (132.1%)
Progress: 310350 / 234837 | Success: 229647 | Failed: 80703 (132.2%)
Progress: 310400 / 234837 | Success: 229647 | Failed: 80753 (132.2%)
Progress: 310450 / 234837 | Success: 229647 | Failed: 80803 (132.2%)
Progress: 310500 / 234837 | Success: 229647 | Failed: 80853 (132.2%)
Progress: 310550 / 234837 | Success: 229647 | Failed: 80903 (132.2%)
Progress: 310600 / 234837 | Success: 229647 | Failed: 80953 (132.3%)
Progress: 310650 / 234837 | Success: 229647 | Failed: 81003 (132.3%)
Progress: 310700 / 234837 | Success: 229647 | Failed: 81053 (132.3%)
Progress: 310750 / 234837 | Success: 229647 | Failed: 81103 (132.3%)
Progress: 310800 / 234837 | Success: 229647 | Failed: 81153 (132.3%)
Progress: 310850 / 234837 | Success: 229647 | Failed: 81203 (132.4%)
Progress: 310900 / 234837 | Success: 229647 | Failed: 81253 (132.4%)
Progress: 310950 / 234837 | Success: 229647 | Failed: 81303 (132.4%)
Progress: 311000 / 234837 | Success: 229647 | Failed: 81353 (132.4%)
Progress: 311050 / 234837 | Success: 229647 | Failed: 81403 (132.5%)
Progress: 311100 / 234837 | Success: 229647 | Failed: 81453 (132.5%)
Progress: 311150 / 234837 | Success: 229647 | Failed: 81503 (132.5%)
Progress: 311200 / 234837 | Success: 229647 | Failed: 81553 (132.5%)
Progress: 311250 / 234837 | Success: 229647 | Failed: 81603 (132.5%)
Progress: 311300 / 234837 | Success: 229647 | Failed: 81653 (132.6%)
Progress: 311350 / 234837 | Success: 229647 | Failed: 81703 (132.6%)
Progress: 311400 / 234837 | Success: 229647 | Failed: 81753 (132.6%)
Progress: 311450 / 234837 | Success: 229647 | Failed: 81803 (132.6%)
Progress: 311500 / 234837 | Success: 229647 | Failed: 81853 (132.6%)
Progress: 311550 / 234837 | Success: 229647 | Failed: 81903 (132.7%)
Progress: 311600 / 234837 | Success: 229647 | Failed: 81953 (132.7%)
Progress: 311650 / 234837 | Success: 229647 | Failed: 82003 (132.7%)
Progress: 311700 / 234837 | Success: 229647 | Failed: 82053 (132.7%)
Progress: 311750 / 234837 | Success: 229647 | Failed: 82103 (132.8%)
Progress: 311800 / 234837 | Success: 229647 | Failed: 82153 (132.8%)
Progress: 311850 / 234837 | Success: 229647 | Failed: 82203 (132.8%)
Progress: 311900 / 234837 | Success: 229647 | Failed: 82253 (132.8%)
Progress: 311950 / 234837 | Success: 229647 | Failed: 82303 (132.8%)
Progress: 312000 / 234837 | Success: 229647 | Failed: 82353 (132.9%)
Progress: 312050 / 234837 | Success: 229647 | Failed: 82403 (132.9%)
Progress: 312100 / 234837 | Success: 229647 | Failed: 82453 (132.9%)
Progress: 312150 / 234837 | Success: 229647 | Failed: 82503 (132.9%)
Progress: 312200 / 234837 | Success: 229647 | Failed: 82553 (132.9%)
Progress: 312250 / 234837 | Success: 229647 | Failed: 82603 (133.0%)
Progress: 312300 / 234837 | Success: 229647 | Failed: 82653 (133.0%)
Progress: 312350 / 234837 | Success: 229647 | Failed: 82703 (133.0%)
Progress: 312400 / 234837 | Success: 229647 | Failed: 82753 (133.0%)
Progress: 312450 / 234837 | Success: 229647 | Failed: 82803 (133.0%)
Progress: 312500 / 234837 | Success: 229647 | Failed: 82853 (133.1%)
Progress: 312550 / 234837 | Success: 229647 | Failed: 82903 (133.1%)
Progress: 312600 / 234837 | Success: 229647 | Failed: 82953 (133.1%)
Progress: 312650 / 234837 | Success: 229647 | Failed: 83003 (133.1%)
Progress: 312700 / 234837 | Success: 229647 | Failed: 83053 (133.2%)
Progress: 312750 / 234837 | Success: 229647 | Failed: 83103 (133.2%)
Progress: 312800 / 234837 | Success: 229647 | Failed: 83153 (133.2%)
Progress: 312850 / 234837 | Success: 229647 | Failed: 83203 (133.2%)
Progress: 312900 / 234837 | Success: 229647 | Failed: 83253 (133.2%)
Progress: 312950 / 234837 | Success: 229647 | Failed: 83303 (133.3%)
Progress: 313000 / 234837 | Success: 229647 | Failed: 83353 (133.3%)
Progress: 313050 / 234837 | Success: 229647 | Failed: 83403 (133.3%)
Progress: 313100 / 234837 | Success: 229647 | Failed: 83453 (133.3%)
Progress: 313150 / 234837 | Success: 229647 | Failed: 83503 (133.3%)
Progress: 313200 / 234837 | Success: 229647 | Failed: 83553 (133.4%)
Progress: 313250 / 234837 | Success: 229647 | Failed: 83603 (133.4%)
Progress: 313300 / 234837 | Success: 229647 | Failed: 83653 (133.4%)
Progress: 313350 / 234837 | Success: 229647 | Failed: 83703 (133.4%)
Progress: 313400 / 234837 | Success: 229647 | Failed: 83753 (133.5%)
Progress: 313450 / 234837 | Success: 229647 | Failed: 83803 (133.5%)
Progress: 313500 / 234837 | Success: 229647 | Failed: 83853 (133.5%)
Progress: 313550 / 234837 | Success: 229647 | Failed: 83903 (133.5%)
Progress: 313600 / 234837 | Success: 229647 | Failed: 83953 (133.5%)
Progress: 313650 / 234837 | Success: 229647 | Failed: 84003 (133.6%)
Progress: 313700 / 234837 | Success: 229647 | Failed: 84053 (133.6%)
Progress: 313750 / 234837 | Success: 229647 | Failed: 84103 (133.6%)
Progress: 313800 / 234837 | Success: 229647 | Failed: 84153 (133.6%)
Progress: 313850 / 234837 | Success: 229647 | Failed: 84203 (133.6%)
Progress: 313900 / 234837 | Success: 229647 | Failed: 84253 (133.7%)
Progress: 313950 / 234837 | Success: 229647 | Failed: 84303 (133.7%)
Progress: 314000 / 234837 | Success: 229647 | Failed: 84353 (133.7%)
Progress: 314050 / 234837 | Success: 229647 | Failed: 84403 (133.7%)
Progress: 314100 / 234837 | Success: 229647 | Failed: 84453 (133.8%)
Progress: 314150 / 234837 | Success: 229647 | Failed: 84503 (133.8%)
Progress: 314200 / 234837 | Success: 229647 | Failed: 84553 (133.8%)
Progress: 314250 / 234837 | Success: 229647 | Failed: 84603 (133.8%)
Progress: 314300 / 234837 | Success: 229647 | Failed: 84653 (133.8%)
Progress: 314350 / 234837 | Success: 229647 | Failed: 84703 (133.9%)
Progress: 314400 / 234837 | Success: 229647 | Failed: 84753 (133.9%)
Progress: 314450 / 234837 | Success: 229647 | Failed: 84803 (133.9%)
Progress: 314500 / 234837 | Success: 229647 | Failed: 84853 (133.9%)
Progress: 314550 / 234837 | Success: 229647 | Failed: 84903 (133.9%)
Progress: 314600 / 234837 | Success: 229647 | Failed: 84953 (134.0%)
Progress: 314650 / 234837 | Success: 229647 | Failed: 85003 (134.0%)
Progress: 314700 / 234837 | Success: 229647 | Failed: 85053 (134.0%)
Progress: 314750 / 234837 | Success: 229647 | Failed: 85103 (134.0%)
Progress: 314800 / 234837 | Success: 229647 | Failed: 85153 (134.1%)
Progress: 314850 / 234837 | Success: 229647 | Failed: 85203 (134.1%)
Progress: 314900 / 234837 | Success: 229647 | Failed: 85253 (134.1%)
Progress: 314950 / 234837 | Success: 229647 | Failed: 85303 (134.1%)
Progress: 315000 / 234837 | Success: 229647 | Failed: 85353 (134.1%)
Progress: 315050 / 234837 | Success: 229647 | Failed: 85403 (134.2%)
Progress: 315100 / 234837 | Success: 229647 | Failed: 85453 (134.2%)
Progress: 315150 / 234837 | Success: 229647 | Failed: 85503 (134.2%)
Progress: 315200 / 234837 | Success: 229647 | Failed: 85553 (134.2%)
Progress: 315250 / 234837 | Success: 229647 | Failed: 85603 (134.2%)
Progress: 315300 / 234837 | Success: 229647 | Failed: 85653 (134.3%)
Progress: 315350 / 234837 | Success: 229647 | Failed: 85703 (134.3%)
Progress: 315400 / 234837 | Success: 229647 | Failed: 85753 (134.3%)
Progress: 315450 / 234837 | Success: 229647 | Failed: 85803 (134.3%)
Progress: 315500 / 234837 | Success: 229647 | Failed: 85853 (134.3%)
Progress: 315550 / 234837 | Success: 229647 | Failed: 85903 (134.4%)
Progress: 315600 / 234837 | Success: 229647 | Failed: 85953 (134.4%)
Progress: 315650 / 234837 | Success: 229647 | Failed: 86003 (134.4%)
Progress: 315700 / 234837 | Success: 229647 | Failed: 86053 (134.4%)
Progress: 315750 / 234837 | Success: 229647 | Failed: 86103 (134.5%)
Progress: 315800 / 234837 | Success: 229647 | Failed: 86153 (134.5%)
Progress: 315850 / 234837 | Success: 229647 | Failed: 86203 (134.5%)
Progress: 315900 / 234837 | Success: 229647 | Failed: 86253 (134.5%)
Progress: 315950 / 234837 | Success: 229647 | Failed: 86303 (134.5%)
Progress: 316000 / 234837 | Success: 229647 | Failed: 86353 (134.6%)
Progress: 316050 / 234837 | Success: 229647 | Failed: 86403 (134.6%)
Progress: 316100 / 234837 | Success: 229647 | Failed: 86453 (134.6%)
Progress: 316150 / 234837 | Success: 229647 | Failed: 86503 (134.6%)
Progress: 316200 / 234837 | Success: 229647 | Failed: 86553 (134.6%)
Progress: 316250 / 234837 | Success: 229647 | Failed: 86603 (134.7%)
Progress: 316300 / 234837 | Success: 229647 | Failed: 86653 (134.7%)
Progress: 316350 / 234837 | Success: 229647 | Failed: 86703 (134.7%)
Progress: 316400 / 234837 | Success: 229647 | Failed: 86753 (134.7%)
Progress: 316450 / 234837 | Success: 229647 | Failed: 86803 (134.8%)
Progress: 316500 / 234837 | Success: 229647 | Failed: 86853 (134.8%)
Progress: 316550 / 234837 | Success: 229647 | Failed: 86903 (134.8%)
Progress: 316600 / 234837 | Success: 229647 | Failed: 86953 (134.8%)
Progress: 316650 / 234837 | Success: 229647 | Failed: 87003 (134.8%)
Progress: 316700 / 234837 | Success: 229647 | Failed: 87053 (134.9%)
Progress: 316750 / 234837 | Success: 229647 | Failed: 87103 (134.9%)
Progress: 316800 / 234837 | Success: 229647 | Failed: 87153 (134.9%)
Progress: 316850 / 234837 | Success: 229647 | Failed: 87203 (134.9%)
Progress: 316900 / 234837 | Success: 229647 | Failed: 87253 (134.9%)
Progress: 316950 / 234837 | Success: 229647 | Failed: 87303 (135.0%)
Progress: 317000 / 234837 | Success: 229647 | Failed: 87353 (135.0%)
Progress: 317050 / 234837 | Success: 229647 | Failed: 87403 (135.0%)
Progress: 317100 / 234837 | Success: 229647 | Failed: 87453 (135.0%)
Progress: 317150 / 234837 | Success: 229647 | Failed: 87503 (135.1%)
Progress: 317200 / 234837 | Success: 229647 | Failed: 87553 (135.1%)
Progress: 317250 / 234837 | Success: 229647 | Failed: 87603 (135.1%)
Progress: 317300 / 234837 | Success: 229647 | Failed: 87653 (135.1%)
Progress: 317350 / 234837 | Success: 229647 | Failed: 87703 (135.1%)
Progress: 317400 / 234837 | Success: 229647 | Failed: 87753 (135.2%)
Progress: 317450 / 234837 | Success: 229647 | Failed: 87803 (135.2%)
Progress: 317500 / 234837 | Success: 229647 | Failed: 87853 (135.2%)
Progress: 317550 / 234837 | Success: 229647 | Failed: 87903 (135.2%)
Progress: 317600 / 234837 | Success: 229647 | Failed: 87953 (135.2%)
Progress: 317650 / 234837 | Success: 229647 | Failed: 88003 (135.3%)
Progress: 317700 / 234837 | Success: 229647 | Failed: 88053 (135.3%)
Progress: 317750 / 234837 | Success: 229647 | Failed: 88103 (135.3%)
Progress: 317800 / 234837 | Success: 229647 | Failed: 88153 (135.3%)
Progress: 317850 / 234837 | Success: 229647 | Failed: 88203 (135.3%)
Progress: 317900 / 234837 | Success: 229647 | Failed: 88253 (135.4%)
Progress: 317950 / 234837 | Success: 229647 | Failed: 88303 (135.4%)
Progress: 318000 / 234837 | Success: 229647 | Failed: 88353 (135.4%)
Progress: 318050 / 234837 | Success: 229647 | Failed: 88403 (135.4%)
Progress: 318100 / 234837 | Success: 229647 | Failed: 88453 (135.5%)
Progress: 318150 / 234837 | Success: 229647 | Failed: 88503 (135.5%)
Progress: 318200 / 234837 | Success: 229647 | Failed: 88553 (135.5%)
Progress: 318250 / 234837 | Success: 229647 | Failed: 88603 (135.5%)
Progress: 318300 / 234837 | Success: 229647 | Failed: 88653 (135.5%)
Progress: 318350 / 234837 | Success: 229647 | Failed: 88703 (135.6%)
Progress: 318400 / 234837 | Success: 229647 | Failed: 88753 (135.6%)
Progress: 318450 / 234837 | Success: 229647 | Failed: 88803 (135.6%)
Progress: 318500 / 234837 | Success: 229647 | Failed: 88853 (135.6%)
Progress: 318550 / 234837 | Success: 229647 | Failed: 88903 (135.6%)
Progress: 318600 / 234837 | Success: 229647 | Failed: 88953 (135.7%)
Progress: 318650 / 234837 | Success: 229647 | Failed: 89003 (135.7%)
Progress: 318700 / 234837 | Success: 229647 | Failed: 89053 (135.7%)
Progress: 318750 / 234837 | Success: 229647 | Failed: 89103 (135.7%)
Progress: 318800 / 234837 | Success: 229647 | Failed: 89153 (135.8%)
Progress: 318850 / 234837 | Success: 229647 | Failed: 89203 (135.8%)
Progress: 318900 / 234837 | Success: 229647 | Failed: 89253 (135.8%)
Progress: 318950 / 234837 | Success: 229647 | Failed: 89303 (135.8%)
Progress: 319000 / 234837 | Success: 229647 | Failed: 89353 (135.8%)
Progress: 319050 / 234837 | Success: 229647 | Failed: 89403 (135.9%)
Progress: 319100 / 234837 | Success: 229647 | Failed: 89453 (135.9%)
Progress: 319150 / 234837 | Success: 229647 | Failed: 89503 (135.9%)
Progress: 319200 / 234837 | Success: 229647 | Failed: 89553 (135.9%)
Progress: 319250 / 234837 | Success: 229647 | Failed: 89603 (135.9%)
Progress: 319300 / 234837 | Success: 229647 | Failed: 89653 (136.0%)
Progress: 319350 / 234837 | Success: 229647 | Failed: 89703 (136.0%)
Progress: 319400 / 234837 | Success: 229647 | Failed: 89753 (136.0%)
Progress: 319450 / 234837 | Success: 229647 | Failed: 89803 (136.0%)
Progress: 319500 / 234837 | Success: 229647 | Failed: 89853 (136.1%)
Progress: 319550 / 234837 | Success: 229647 | Failed: 89903 (136.1%)
Progress: 319600 / 234837 | Success: 229647 | Failed: 89953 (136.1%)
Progress: 319650 / 234837 | Success: 229647 | Failed: 90003 (136.1%)
Progress: 319700 / 234837 | Success: 229647 | Failed: 90053 (136.1%)
Progress: 319750 / 234837 | Success: 229647 | Failed: 90103 (136.2%)
Progress: 319800 / 234837 | Success: 229647 | Failed: 90153 (136.2%)
Progress: 319850 / 234837 | Success: 229647 | Failed: 90203 (136.2%)
Progress: 319900 / 234837 | Success: 229647 | Failed: 90253 (136.2%)
Progress: 319950 / 234837 | Success: 229647 | Failed: 90303 (136.2%)
Progress: 320000 / 234837 | Success: 229647 | Failed: 90353 (136.3%)
Progress: 320050 / 234837 | Success: 229647 | Failed: 90403 (136.3%)
Progress: 320100 / 234837 | Success: 229647 | Failed: 90453 (136.3%)
Progress: 320150 / 234837 | Success: 229647 | Failed: 90503 (136.3%)
Progress: 320200 / 234837 | Success: 229647 | Failed: 90553 (136.3%)
Progress: 320250 / 234837 | Success: 229647 | Failed: 90603 (136.4%)
Progress: 320300 / 234837 | Success: 229647 | Failed: 90653 (136.4%)
Progress: 320350 / 234837 | Success: 229647 | Failed: 90703 (136.4%)
Progress: 320400 / 234837 | Success: 229647 | Failed: 90753 (136.4%)
Progress: 320450 / 234837 | Success: 229647 | Failed: 90803 (136.5%)
Progress: 320500 / 234837 | Success: 229647 | Failed: 90853 (136.5%)
Progress: 320550 / 234837 | Success: 229647 | Failed: 90903 (136.5%)
Progress: 320600 / 234837 | Success: 229647 | Failed: 90953 (136.5%)
Progress: 320650 / 234837 | Success: 229647 | Failed: 91003 (136.5%)
Progress: 320700 / 234837 | Success: 229647 | Failed: 91053 (136.6%)
Progress: 320750 / 234837 | Success: 229647 | Failed: 91103 (136.6%)
Progress: 320800 / 234837 | Success: 229647 | Failed: 91153 (136.6%)
Progress: 320850 / 234837 | Success: 229647 | Failed: 91203 (136.6%)
Progress: 320900 / 234837 | Success: 229647 | Failed: 91253 (136.6%)
Progress: 320950 / 234837 | Success: 229647 | Failed: 91303 (136.7%)
Progress: 321000 / 234837 | Success: 229647 | Failed: 91353 (136.7%)
Progress: 321050 / 234837 | Success: 229647 | Failed: 91403 (136.7%)
Progress: 321100 / 234837 | Success: 229647 | Failed: 91453 (136.7%)
Progress: 321150 / 234837 | Success: 229647 | Failed: 91503 (136.8%)
Progress: 321200 / 234837 | Success: 229647 | Failed: 91553 (136.8%)
Progress: 321250 / 234837 | Success: 229647 | Failed: 91603 (136.8%)
Progress: 321300 / 234837 | Success: 229647 | Failed: 91653 (136.8%)
Progress: 321350 / 234837 | Success: 229647 | Failed: 91703 (136.8%)
Progress: 321400 / 234837 | Success: 229647 | Failed: 91753 (136.9%)
Progress: 321450 / 234837 | Success: 229647 | Failed: 91803 (136.9%)
Progress: 321500 / 234837 | Success: 229647 | Failed: 91853 (136.9%)
Progress: 321550 / 234837 | Success: 229647 | Failed: 91903 (136.9%)
Progress: 321600 / 234837 | Success: 229647 | Failed: 91953 (136.9%)
Progress: 321650 / 234837 | Success: 229647 | Failed: 92003 (137.0%)
Progress: 321700 / 234837 | Success: 229647 | Failed: 92053 (137.0%)
Progress: 321750 / 234837 | Success: 229647 | Failed: 92103 (137.0%)
Progress: 321800 / 234837 | Success: 229647 | Failed: 92153 (137.0%)
Progress: 321850 / 234837 | Success: 229647 | Failed: 92203 (137.1%)
Progress: 321900 / 234837 | Success: 229647 | Failed: 92253 (137.1%)
Progress: 321950 / 234837 | Success: 229647 | Failed: 92303 (137.1%)
Progress: 322000 / 234837 | Success: 229647 | Failed: 92353 (137.1%)
Progress: 322050 / 234837 | Success: 229647 | Failed: 92403 (137.1%)
Progress: 322100 / 234837 | Success: 229647 | Failed: 92453 (137.2%)
Progress: 322150 / 234837 | Success: 229647 | Failed: 92503 (137.2%)
Progress: 322200 / 234837 | Success: 229647 | Failed: 92553 (137.2%)
Progress: 322250 / 234837 | Success: 229647 | Failed: 92603 (137.2%)
Progress: 322300 / 234837 | Success: 229647 | Failed: 92653 (137.2%)
Progress: 322350 / 234837 | Success: 229647 | Failed: 92703 (137.3%)
Progress: 322400 / 234837 | Success: 229647 | Failed: 92753 (137.3%)
Progress: 322450 / 234837 | Success: 229647 | Failed: 92803 (137.3%)
Progress: 322500 / 234837 | Success: 229647 | Failed: 92853 (137.3%)
Progress: 322550 / 234837 | Success: 229647 | Failed: 92903 (137.4%)
Progress: 322600 / 234837 | Success: 229647 | Failed: 92953 (137.4%)
Progress: 322650 / 234837 | Success: 229647 | Failed: 93003 (137.4%)
Progress: 322700 / 234837 | Success: 229647 | Failed: 93053 (137.4%)
Progress: 322750 / 234837 | Success: 229647 | Failed: 93103 (137.4%)
Progress: 322800 / 234837 | Success: 229647 | Failed: 93153 (137.5%)
Progress: 322850 / 234837 | Success: 229647 | Failed: 93203 (137.5%)
Progress: 322900 / 234837 | Success: 229647 | Failed: 93253 (137.5%)
Progress: 322950 / 234837 | Success: 229647 | Failed: 93303 (137.5%)
Progress: 323000 / 234837 | Success: 229647 | Failed: 93353 (137.5%)
Progress: 323050 / 234837 | Success: 229647 | Failed: 93403 (137.6%)
Progress: 323100 / 234837 | Success: 229647 | Failed: 93453 (137.6%)
Progress: 323150 / 234837 | Success: 229647 | Failed: 93503 (137.6%)
Progress: 323200 / 234837 | Success: 229647 | Failed: 93553 (137.6%)
Progress: 323250 / 234837 | Success: 229647 | Failed: 93603 (137.6%)
Progress: 323300 / 234837 | Success: 229647 | Failed: 93653 (137.7%)
Progress: 323350 / 234837 | Success: 229647 | Failed: 93703 (137.7%)
Progress: 323400 / 234837 | Success: 229647 | Failed: 93753 (137.7%)
Progress: 323450 / 234837 | Success: 229647 | Failed: 93803 (137.7%)
Progress: 323500 / 234837 | Success: 229647 | Failed: 93853 (137.8%)
Progress: 323550 / 234837 | Success: 229647 | Failed: 93903 (137.8%)
Progress: 323600 / 234837 | Success: 229647 | Failed: 93953 (137.8%)
Progress: 323650 / 234837 | Success: 229647 | Failed: 94003 (137.8%)
Progress: 323700 / 234837 | Success: 229647 | Failed: 94053 (137.8%)
Progress: 323750 / 234837 | Success: 229647 | Failed: 94103 (137.9%)
Progress: 323800 / 234837 | Success: 229647 | Failed: 94153 (137.9%)
Progress: 323850 / 234837 | Success: 229647 | Failed: 94203 (137.9%)
Progress: 323900 / 234837 | Success: 229647 | Failed: 94253 (137.9%)
Progress: 323950 / 234837 | Success: 229647 | Failed: 94303 (137.9%)
Progress: 324000 / 234837 | Success: 229647 | Failed: 94353 (138.0%)
Progress: 324050 / 234837 | Success: 229647 | Failed: 94403 (138.0%)
Progress: 324100 / 234837 | Success: 229647 | Failed: 94453 (138.0%)
Progress: 324150 / 234837 | Success: 229647 | Failed: 94503 (138.0%)
Progress: 324200 / 234837 | Success: 229647 | Failed: 94553 (138.1%)
Progress: 324250 / 234837 | Success: 229647 | Failed: 94603 (138.1%)
Progress: 324300 / 234837 | Success: 229647 | Failed: 94653 (138.1%)
Progress: 324350 / 234837 | Success: 229647 | Failed: 94703 (138.1%)
Progress: 324400 / 234837 | Success: 229647 | Failed: 94753 (138.1%)
Progress: 324450 / 234837 | Success: 229647 | Failed: 94803 (138.2%)
Progress: 324500 / 234837 | Success: 229647 | Failed: 94853 (138.2%)
Progress: 324550 / 234837 | Success: 229647 | Failed: 94903 (138.2%)
Progress: 324600 / 234837 | Success: 229647 | Failed: 94953 (138.2%)
Progress: 324650 / 234837 | Success: 229647 | Failed: 95003 (138.2%)
Progress: 324700 / 234837 | Success: 229647 | Failed: 95053 (138.3%)
Progress: 324750 / 234837 | Success: 229647 | Failed: 95103 (138.3%)
Progress: 324800 / 234837 | Success: 229647 | Failed: 95153 (138.3%)
Progress: 324850 / 234837 | Success: 229647 | Failed: 95203 (138.3%)
Progress: 324900 / 234837 | Success: 229647 | Failed: 95253 (138.4%)
Progress: 324950 / 234837 | Success: 229647 | Failed: 95303 (138.4%)
Progress: 325000 / 234837 | Success: 229647 | Failed: 95353 (138.4%)
Progress: 325050 / 234837 | Success: 229647 | Failed: 95403 (138.4%)
Progress: 325100 / 234837 | Success: 229647 | Failed: 95453 (138.4%)
Progress: 325150 / 234837 | Success: 229647 | Failed: 95503 (138.5%)
Progress: 325200 / 234837 | Success: 229647 | Failed: 95553 (138.5%)
Progress: 325250 / 234837 | Success: 229647 | Failed: 95603 (138.5%)
Progress: 325300 / 234837 | Success: 229647 | Failed: 95653 (138.5%)
Progress: 325350 / 234837 | Success: 229647 | Failed: 95703 (138.5%)
Progress: 325400 / 234837 | Success: 229647 | Failed: 95753 (138.6%)
Progress: 325450 / 234837 | Success: 229647 | Failed: 95803 (138.6%)
Progress: 325500 / 234837 | Success: 229647 | Failed: 95853 (138.6%)
Progress: 325550 / 234837 | Success: 229647 | Failed: 95903 (138.6%)
Progress: 325600 / 234837 | Success: 229647 | Failed: 95953 (138.6%)
Progress: 325650 / 234837 | Success: 229647 | Failed: 96003 (138.7%)
Progress: 325700 / 234837 | Success: 229647 | Failed: 96053 (138.7%)
Progress: 325750 / 234837 | Success: 229647 | Failed: 96103 (138.7%)
Progress: 325800 / 234837 | Success: 229647 | Failed: 96153 (138.7%)
Progress: 325850 / 234837 | Success: 229647 | Failed: 96203 (138.8%)
Progress: 325900 / 234837 | Success: 229647 | Failed: 96253 (138.8%)
Progress: 325950 / 234837 | Success: 229647 | Failed: 96303 (138.8%)
Progress: 326000 / 234837 | Success: 229647 | Failed: 96353 (138.8%)
Progress: 326050 / 234837 | Success: 229647 | Failed: 96403 (138.8%)
Progress: 326100 / 234837 | Success: 229647 | Failed: 96453 (138.9%)
Progress: 326150 / 234837 | Success: 229647 | Failed: 96503 (138.9%)
Progress: 326200 / 234837 | Success: 229647 | Failed: 96553 (138.9%)
Progress: 326250 / 234837 | Success: 229647 | Failed: 96603 (138.9%)
Progress: 326300 / 234837 | Success: 229647 | Failed: 96653 (138.9%)
Progress: 326350 / 234837 | Success: 229647 | Failed: 96703 (139.0%)
Progress: 326400 / 234837 | Success: 229647 | Failed: 96753 (139.0%)
Progress: 326450 / 234837 | Success: 229647 | Failed: 96803 (139.0%)
Progress: 326500 / 234837 | Success: 229647 | Failed: 96853 (139.0%)
Progress: 326550 / 234837 | Success: 229647 | Failed: 96903 (139.1%)
Progress: 326600 / 234837 | Success: 229647 | Failed: 96953 (139.1%)
Progress: 326650 / 234837 | Success: 229647 | Failed: 97003 (139.1%)
Progress: 326700 / 234837 | Success: 229647 | Failed: 97053 (139.1%)
Progress: 326750 / 234837 | Success: 229647 | Failed: 97103 (139.1%)
Progress: 326800 / 234837 | Success: 229647 | Failed: 97153 (139.2%)
Progress: 326850 / 234837 | Success: 229647 | Failed: 97203 (139.2%)
Progress: 326900 / 234837 | Success: 229647 | Failed: 97253 (139.2%)
Progress: 326950 / 234837 | Success: 229647 | Failed: 97303 (139.2%)
Progress: 327000 / 234837 | Success: 229647 | Failed: 97353 (139.2%)
Progress: 327050 / 234837 | Success: 229647 | Failed: 97403 (139.3%)
Progress: 327100 / 234837 | Success: 229647 | Failed: 97453 (139.3%)
Progress: 327150 / 234837 | Success: 229647 | Failed: 97503 (139.3%)
Progress: 327200 / 234837 | Success: 229647 | Failed: 97553 (139.3%)
Progress: 327250 / 234837 | Success: 229647 | Failed: 97603 (139.4%)
Progress: 327300 / 234837 | Success: 229647 | Failed: 97653 (139.4%)
Progress: 327350 / 234837 | Success: 229647 | Failed: 97703 (139.4%)
Progress: 327400 / 234837 | Success: 229647 | Failed: 97753 (139.4%)
Progress: 327450 / 234837 | Success: 229647 | Failed: 97803 (139.4%)
Progress: 327500 / 234837 | Success: 229647 | Failed: 97853 (139.5%)
Progress: 327550 / 234837 | Success: 229647 | Failed: 97903 (139.5%)
Progress: 327600 / 234837 | Success: 229647 | Failed: 97953 (139.5%)
Progress: 327650 / 234837 | Success: 229647 | Failed: 98003 (139.5%)
Progress: 327700 / 234837 | Success: 229647 | Failed: 98053 (139.5%)
Progress: 327750 / 234837 | Success: 229647 | Failed: 98103 (139.6%)
Progress: 327800 / 234837 | Success: 229647 | Failed: 98153 (139.6%)
Progress: 327850 / 234837 | Success: 229647 | Failed: 98203 (139.6%)
Progress: 327900 / 234837 | Success: 229647 | Failed: 98253 (139.6%)
Progress: 327950 / 234837 | Success: 229647 | Failed: 98303 (139.7%)
Progress: 328000 / 234837 | Success: 229647 | Failed: 98353 (139.7%)
Progress: 328050 / 234837 | Success: 229647 | Failed: 98403 (139.7%)
Progress: 328100 / 234837 | Success: 229647 | Failed: 98453 (139.7%)
Progress: 328150 / 234837 | Success: 229647 | Failed: 98503 (139.7%)
Progress: 328200 / 234837 | Success: 229647 | Failed: 98553 (139.8%)
Progress: 328250 / 234837 | Success: 229647 | Failed: 98603 (139.8%)
Progress: 328300 / 234837 | Success: 229647 | Failed: 98653 (139.8%)
Progress: 328350 / 234837 | Success: 229647 | Failed: 98703 (139.8%)
Progress: 328400 / 234837 | Success: 229647 | Failed: 98753 (139.8%)
Progress: 328450 / 234837 | Success: 229647 | Failed: 98803 (139.9%)
Progress: 328500 / 234837 | Success: 229647 | Failed: 98853 (139.9%)
Progress: 328550 / 234837 | Success: 229647 | Failed: 98903 (139.9%)
Progress: 328600 / 234837 | Success: 229647 | Failed: 98953 (139.9%)
Progress: 328650 / 234837 | Success: 229647 | Failed: 99003 (139.9%)
Progress: 328700 / 234837 | Success: 229647 | Failed: 99053 (140.0%)
Progress: 328750 / 234837 | Success: 229647 | Failed: 99103 (140.0%)
Progress: 328800 / 234837 | Success: 229647 | Failed: 99153 (140.0%)
Progress: 328850 / 234837 | Success: 229647 | Failed: 99203 (140.0%)
Progress: 328900 / 234837 | Success: 229647 | Failed: 99253 (140.1%)
Progress: 328950 / 234837 | Success: 229647 | Failed: 99303 (140.1%)
Progress: 329000 / 234837 | Success: 229647 | Failed: 99353 (140.1%)
Progress: 329050 / 234837 | Success: 229647 | Failed: 99403 (140.1%)
Progress: 329100 / 234837 | Success: 229647 | Failed: 99453 (140.1%)
Progress: 329150 / 234837 | Success: 229647 | Failed: 99503 (140.2%)
Progress: 329200 / 234837 | Success: 229647 | Failed: 99553 (140.2%)
Progress: 329250 / 234837 | Success: 229647 | Failed: 99603 (140.2%)
Progress: 329300 / 234837 | Success: 229647 | Failed: 99653 (140.2%)
Progress: 329350 / 234837 | Success: 229647 | Failed: 99703 (140.2%)
Progress: 329400 / 234837 | Success: 229647 | Failed: 99753 (140.3%)
Progress: 329450 / 234837 | Success: 229647 | Failed: 99803 (140.3%)
Progress: 329500 / 234837 | Success: 229647 | Failed: 99853 (140.3%)
Progress: 329550 / 234837 | Success: 229647 | Failed: 99903 (140.3%)
Progress: 329600 / 234837 | Success: 229647 | Failed: 99953 (140.4%)
Progress: 329650 / 234837 | Success: 229647 | Failed: 100003 (140.4%)
Progress: 329700 / 234837 | Success: 229647 | Failed: 100053 (140.4%)
Progress: 329750 / 234837 | Success: 229647 | Failed: 100103 (140.4%)
Progress: 329800 / 234837 | Success: 229647 | Failed: 100153 (140.4%)
Progress: 329850 / 234837 | Success: 229647 | Failed: 100203 (140.5%)
Progress: 329900 / 234837 | Success: 229647 | Failed: 100253 (140.5%)
Progress: 329950 / 234837 | Success: 229647 | Failed: 100303 (140.5%)
Progress: 330000 / 234837 | Success: 229647 | Failed: 100353 (140.5%)
Progress: 330050 / 234837 | Success: 229647 | Failed: 100403 (140.5%)
Progress: 330100 / 234837 | Success: 229647 | Failed: 100453 (140.6%)
Progress: 330150 / 234837 | Success: 229647 | Failed: 100503 (140.6%)
Progress: 330200 / 234837 | Success: 229647 | Failed: 100553 (140.6%)
Progress: 330250 / 234837 | Success: 229647 | Failed: 100603 (140.6%)
Progress: 330300 / 234837 | Success: 229647 | Failed: 100653 (140.7%)
Progress: 330350 / 234837 | Success: 229647 | Failed: 100703 (140.7%)
Progress: 330400 / 234837 | Success: 229647 | Failed: 100753 (140.7%)
Progress: 330450 / 234837 | Success: 229647 | Failed: 100803 (140.7%)
Progress: 330500 / 234837 | Success: 229647 | Failed: 100853 (140.7%)
Progress: 330550 / 234837 | Success: 229647 | Failed: 100903 (140.8%)
Progress: 330600 / 234837 | Success: 229647 | Failed: 100953 (140.8%)
Progress: 330650 / 234837 | Success: 229647 | Failed: 101003 (140.8%)
Progress: 330700 / 234837 | Success: 229647 | Failed: 101053 (140.8%)
Progress: 330750 / 234837 | Success: 229647 | Failed: 101103 (140.8%)
Progress: 330800 / 234837 | Success: 229647 | Failed: 101153 (140.9%)
Progress: 330850 / 234837 | Success: 229647 | Failed: 101203 (140.9%)
Progress: 330900 / 234837 | Success: 229647 | Failed: 101253 (140.9%)
Progress: 330950 / 234837 | Success: 229647 | Failed: 101303 (140.9%)
Progress: 331000 / 234837 | Success: 229647 | Failed: 101353 (140.9%)
Progress: 331050 / 234837 | Success: 229647 | Failed: 101403 (141.0%)
Progress: 331100 / 234837 | Success: 229647 | Failed: 101453 (141.0%)
Progress: 331150 / 234837 | Success: 229647 | Failed: 101503 (141.0%)
Progress: 331200 / 234837 | Success: 229647 | Failed: 101553 (141.0%)
Progress: 331250 / 234837 | Success: 229647 | Failed: 101603 (141.1%)
Progress: 331300 / 234837 | Success: 229647 | Failed: 101653 (141.1%)
Progress: 331350 / 234837 | Success: 229647 | Failed: 101703 (141.1%)
Progress: 331400 / 234837 | Success: 229647 | Failed: 101753 (141.1%)
Progress: 331450 / 234837 | Success: 229647 | Failed: 101803 (141.1%)
Progress: 331500 / 234837 | Success: 229647 | Failed: 101853 (141.2%)
Progress: 331550 / 234837 | Success: 229647 | Failed: 101903 (141.2%)
Progress: 331600 / 234837 | Success: 229647 | Failed: 101953 (141.2%)
Progress: 331650 / 234837 | Success: 229647 | Failed: 102003 (141.2%)
Progress: 331700 / 234837 | Success: 229647 | Failed: 102053 (141.2%)
Progress: 331750 / 234837 | Success: 229647 | Failed: 102103 (141.3%)
Progress: 331800 / 234837 | Success: 229647 | Failed: 102153 (141.3%)
Progress: 331850 / 234837 | Success: 229647 | Failed: 102203 (141.3%)
Progress: 331900 / 234837 | Success: 229647 | Failed: 102253 (141.3%)
Progress: 331950 / 234837 | Success: 229647 | Failed: 102303 (141.4%)
Progress: 332000 / 234837 | Success: 229647 | Failed: 102353 (141.4%)
Progress: 332050 / 234837 | Success: 229647 | Failed: 102403 (141.4%)
Progress: 332100 / 234837 | Success: 229647 | Failed: 102453 (141.4%)
Progress: 332150 / 234837 | Success: 229647 | Failed: 102503 (141.4%)
Progress: 332200 / 234837 | Success: 229647 | Failed: 102553 (141.5%)
Progress: 332250 / 234837 | Success: 229647 | Failed: 102603 (141.5%)
Progress: 332300 / 234837 | Success: 229647 | Failed: 102653 (141.5%)
Progress: 332350 / 234837 | Success: 229647 | Failed: 102703 (141.5%)
Progress: 332400 / 234837 | Success: 229647 | Failed: 102753 (141.5%)
Progress: 332450 / 234837 | Success: 229647 | Failed: 102803 (141.6%)
Progress: 332500 / 234837 | Success: 229647 | Failed: 102853 (141.6%)
Progress: 332550 / 234837 | Success: 229647 | Failed: 102903 (141.6%)
Progress: 332600 / 234837 | Success: 229647 | Failed: 102953 (141.6%)
Progress: 332650 / 234837 | Success: 229647 | Failed: 103003 (141.7%)
Progress: 332700 / 234837 | Success: 229647 | Failed: 103053 (141.7%)
Progress: 332750 / 234837 | Success: 229647 | Failed: 103103 (141.7%)
Progress: 332800 / 234837 | Success: 229647 | Failed: 103153 (141.7%)
Progress: 332850 / 234837 | Success: 229647 | Failed: 103203 (141.7%)
Progress: 332900 / 234837 | Success: 229647 | Failed: 103253 (141.8%)
Progress: 332950 / 234837 | Success: 229647 | Failed: 103303 (141.8%)
Progress: 333000 / 234837 | Success: 229647 | Failed: 103353 (141.8%)
Progress: 333050 / 234837 | Success: 229647 | Failed: 103403 (141.8%)
Progress: 333100 / 234837 | Success: 229647 | Failed: 103453 (141.8%)
Progress: 333150 / 234837 | Success: 229647 | Failed: 103503 (141.9%)
Progress: 333200 / 234837 | Success: 229647 | Failed: 103553 (141.9%)
Progress: 333250 / 234837 | Success: 229647 | Failed: 103603 (141.9%)
Progress: 333300 / 234837 | Success: 229647 | Failed: 103653 (141.9%)
Progress: 333350 / 234837 | Success: 229647 | Failed: 103703 (141.9%)
Progress: 333400 / 234837 | Success: 229647 | Failed: 103753 (142.0%)
Progress: 333450 / 234837 | Success: 229647 | Failed: 103803 (142.0%)
Progress: 333500 / 234837 | Success: 229647 | Failed: 103853 (142.0%)
Progress: 333550 / 234837 | Success: 229647 | Failed: 103903 (142.0%)
Progress: 333600 / 234837 | Success: 229647 | Failed: 103953 (142.1%)
Progress: 333650 / 234837 | Success: 229647 | Failed: 104003 (142.1%)
Progress: 333700 / 234837 | Success: 229647 | Failed: 104053 (142.1%)
Progress: 333750 / 234837 | Success: 229647 | Failed: 104103 (142.1%)
Progress: 333800 / 234837 | Success: 229647 | Failed: 104153 (142.1%)
Progress: 333850 / 234837 | Success: 229647 | Failed: 104203 (142.2%)
Progress: 333900 / 234837 | Success: 229647 | Failed: 104253 (142.2%)
Progress: 333950 / 234837 | Success: 229647 | Failed: 104303 (142.2%)
Progress: 334000 / 234837 | Success: 229647 | Failed: 104353 (142.2%)
Progress: 334050 / 234837 | Success: 229647 | Failed: 104403 (142.2%)
Progress: 334100 / 234837 | Success: 229647 | Failed: 104453 (142.3%)
Progress: 334150 / 234837 | Success: 229647 | Failed: 104503 (142.3%)
Progress: 334200 / 234837 | Success: 229647 | Failed: 104553 (142.3%)
Progress: 334250 / 234837 | Success: 229647 | Failed: 104603 (142.3%)
Progress: 334300 / 234837 | Success: 229647 | Failed: 104653 (142.4%)
Progress: 334350 / 234837 | Success: 229647 | Failed: 104703 (142.4%)
Progress: 334400 / 234837 | Success: 229647 | Failed: 104753 (142.4%)
Progress: 334450 / 234837 | Success: 229647 | Failed: 104803 (142.4%)
Progress: 334500 / 234837 | Success: 229647 | Failed: 104853 (142.4%)
Progress: 334550 / 234837 | Success: 229647 | Failed: 104903 (142.5%)
Progress: 334600 / 234837 | Success: 229647 | Failed: 104953 (142.5%)
Progress: 334650 / 234837 | Success: 229647 | Failed: 105003 (142.5%)
Progress: 334700 / 234837 | Success: 229647 | Failed: 105053 (142.5%)
Progress: 334750 / 234837 | Success: 229647 | Failed: 105103 (142.5%)
Progress: 334800 / 234837 | Success: 229647 | Failed: 105153 (142.6%)
Progress: 334850 / 234837 | Success: 229647 | Failed: 105203 (142.6%)
Progress: 334900 / 234837 | Success: 229647 | Failed: 105253 (142.6%)
Progress: 334950 / 234837 | Success: 229647 | Failed: 105303 (142.6%)
Progress: 335000 / 234837 | Success: 229647 | Failed: 105353 (142.7%)
Progress: 335050 / 234837 | Success: 229647 | Failed: 105403 (142.7%)
Progress: 335100 / 234837 | Success: 229647 | Failed: 105453 (142.7%)
Progress: 335150 / 234837 | Success: 229647 | Failed: 105503 (142.7%)
Progress: 335200 / 234837 | Success: 229647 | Failed: 105553 (142.7%)
Progress: 335250 / 234837 | Success: 229647 | Failed: 105603 (142.8%)
Progress: 335300 / 234837 | Success: 229647 | Failed: 105653 (142.8%)
Progress: 335350 / 234837 | Success: 229647 | Failed: 105703 (142.8%)
Progress: 335400 / 234837 | Success: 229647 | Failed: 105753 (142.8%)
Progress: 335450 / 234837 | Success: 229647 | Failed: 105803 (142.8%)
Progress: 335500 / 234837 | Success: 229647 | Failed: 105853 (142.9%)
Progress: 335550 / 234837 | Success: 229647 | Failed: 105903 (142.9%)
Progress: 335600 / 234837 | Success: 229647 | Failed: 105953 (142.9%)
Progress: 335650 / 234837 | Success: 229647 | Failed: 106003 (142.9%)
Progress: 335700 / 234837 | Success: 229647 | Failed: 106053 (143.0%)
Progress: 335750 / 234837 | Success: 229647 | Failed: 106103 (143.0%)
Progress: 335800 / 234837 | Success: 229647 | Failed: 106153 (143.0%)
Progress: 335850 / 234837 | Success: 229647 | Failed: 106203 (143.0%)
Progress: 335900 / 234837 | Success: 229647 | Failed: 106253 (143.0%)
Progress: 335950 / 234837 | Success: 229647 | Failed: 106303 (143.1%)
Progress: 336000 / 234837 | Success: 229647 | Failed: 106353 (143.1%)
Progress: 336050 / 234837 | Success: 229647 | Failed: 106403 (143.1%)
Progress: 336100 / 234837 | Success: 229647 | Failed: 106453 (143.1%)
Progress: 336150 / 234837 | Success: 229647 | Failed: 106503 (143.1%)
Progress: 336200 / 234837 | Success: 229647 | Failed: 106553 (143.2%)
Progress: 336250 / 234837 | Success: 229647 | Failed: 106603 (143.2%)
Progress: 336300 / 234837 | Success: 229647 | Failed: 106653 (143.2%)
Progress: 336350 / 234837 | Success: 229647 | Failed: 106703 (143.2%)
Progress: 336400 / 234837 | Success: 229647 | Failed: 106753 (143.2%)
Progress: 336450 / 234837 | Success: 229647 | Failed: 106803 (143.3%)
Progress: 336500 / 234837 | Success: 229647 | Failed: 106853 (143.3%)
Progress: 336550 / 234837 | Success: 229647 | Failed: 106903 (143.3%)
Progress: 336600 / 234837 | Success: 229647 | Failed: 106953 (143.3%)
Progress: 336650 / 234837 | Success: 229647 | Failed: 107003 (143.4%)
Progress: 336700 / 234837 | Success: 229647 | Failed: 107053 (143.4%)
Progress: 336750 / 234837 | Success: 229647 | Failed: 107103 (143.4%)
Progress: 336800 / 234837 | Success: 229647 | Failed: 107153 (143.4%)
Progress: 336850 / 234837 | Success: 229647 | Failed: 107203 (143.4%)
Progress: 336900 / 234837 | Success: 229647 | Failed: 107253 (143.5%)
Progress: 336950 / 234837 | Success: 229647 | Failed: 107303 (143.5%)
Progress: 337000 / 234837 | Success: 229647 | Failed: 107353 (143.5%)
Progress: 337050 / 234837 | Success: 229647 | Failed: 107403 (143.5%)
Progress: 337100 / 234837 | Success: 229647 | Failed: 107453 (143.5%)
Progress: 337150 / 234837 | Success: 229647 | Failed: 107503 (143.6%)
Progress: 337200 / 234837 | Success: 229647 | Failed: 107553 (143.6%)
Progress: 337250 / 234837 | Success: 229647 | Failed: 107603 (143.6%)
Progress: 337300 / 234837 | Success: 229647 | Failed: 107653 (143.6%)
Progress: 337350 / 234837 | Success: 229647 | Failed: 107703 (143.7%)
Progress: 337400 / 234837 | Success: 229647 | Failed: 107753 (143.7%)
Progress: 337450 / 234837 | Success: 229647 | Failed: 107803 (143.7%)
Progress: 337500 / 234837 | Success: 229647 | Failed: 107853 (143.7%)
Progress: 337550 / 234837 | Success: 229647 | Failed: 107903 (143.7%)
Progress: 337600 / 234837 | Success: 229647 | Failed: 107953 (143.8%)
Progress: 337650 / 234837 | Success: 229647 | Failed: 108003 (143.8%)
Progress: 337700 / 234837 | Success: 229647 | Failed: 108053 (143.8%)
Progress: 337750 / 234837 | Success: 229647 | Failed: 108103 (143.8%)
Progress: 337800 / 234837 | Success: 229647 | Failed: 108153 (143.8%)
Progress: 337850 / 234837 | Success: 229647 | Failed: 108203 (143.9%)
Progress: 337900 / 234837 | Success: 229647 | Failed: 108253 (143.9%)
Progress: 337950 / 234837 | Success: 229647 | Failed: 108303 (143.9%)
Progress: 338000 / 234837 | Success: 229647 | Failed: 108353 (143.9%)
Progress: 338050 / 234837 | Success: 229647 | Failed: 108403 (144.0%)
Progress: 338100 / 234837 | Success: 229647 | Failed: 108453 (144.0%)
Progress: 338150 / 234837 | Success: 229647 | Failed: 108503 (144.0%)
Progress: 338200 / 234837 | Success: 229647 | Failed: 108553 (144.0%)
Progress: 338250 / 234837 | Success: 229647 | Failed: 108603 (144.0%)
Progress: 338300 / 234837 | Success: 229647 | Failed: 108653 (144.1%)
Progress: 338350 / 234837 | Success: 229647 | Failed: 108703 (144.1%)
Progress: 338400 / 234837 | Success: 229647 | Failed: 108753 (144.1%)
Progress: 338450 / 234837 | Success: 229647 | Failed: 108803 (144.1%)
Progress: 338500 / 234837 | Success: 229647 | Failed: 108853 (144.1%)
Progress: 338550 / 234837 | Success: 229647 | Failed: 108903 (144.2%)
Progress: 338600 / 234837 | Success: 229647 | Failed: 108953 (144.2%)
Progress: 338650 / 234837 | Success: 229647 | Failed: 109003 (144.2%)
Progress: 338700 / 234837 | Success: 229647 | Failed: 109053 (144.2%)
Progress: 338750 / 234837 | Success: 229647 | Failed: 109103 (144.2%)
Progress: 338800 / 234837 | Success: 229647 | Failed: 109153 (144.3%)
Progress: 338850 / 234837 | Success: 229647 | Failed: 109203 (144.3%)
Progress: 338900 / 234837 | Success: 229647 | Failed: 109253 (144.3%)
Progress: 338950 / 234837 | Success: 229647 | Failed: 109303 (144.3%)
Progress: 339000 / 234837 | Success: 229647 | Failed: 109353 (144.4%)
Progress: 339050 / 234837 | Success: 229647 | Failed: 109403 (144.4%)
Progress: 339100 / 234837 | Success: 229647 | Failed: 109453 (144.4%)
Progress: 339150 / 234837 | Success: 229647 | Failed: 109503 (144.4%)
Progress: 339200 / 234837 | Success: 229647 | Failed: 109553 (144.4%)
Progress: 339250 / 234837 | Success: 229647 | Failed: 109603 (144.5%)
Progress: 339300 / 234837 | Success: 229647 | Failed: 109653 (144.5%)
Progress: 339350 / 234837 | Success: 229647 | Failed: 109703 (144.5%)
Progress: 339400 / 234837 | Success: 229647 | Failed: 109753 (144.5%)
Progress: 339450 / 234837 | Success: 229647 | Failed: 109803 (144.5%)
Progress: 339500 / 234837 | Success: 229647 | Failed: 109853 (144.6%)
Progress: 339550 / 234837 | Success: 229647 | Failed: 109903 (144.6%)
Progress: 339600 / 234837 | Success: 229647 | Failed: 109953 (144.6%)
Progress: 339650 / 234837 | Success: 229647 | Failed: 110003 (144.6%)
Progress: 339700 / 234837 | Success: 229647 | Failed: 110053 (144.7%)
Progress: 339750 / 234837 | Success: 229647 | Failed: 110103 (144.7%)
Progress: 339800 / 234837 | Success: 229647 | Failed: 110153 (144.7%)
Progress: 339850 / 234837 | Success: 229647 | Failed: 110203 (144.7%)
Progress: 339900 / 234837 | Success: 229647 | Failed: 110253 (144.7%)
Progress: 339950 / 234837 | Success: 229647 | Failed: 110303 (144.8%)
Progress: 340000 / 234837 | Success: 229647 | Failed: 110353 (144.8%)
Progress: 340050 / 234837 | Success: 229647 | Failed: 110403 (144.8%)
Progress: 340100 / 234837 | Success: 229647 | Failed: 110453 (144.8%)
Progress: 340150 / 234837 | Success: 229647 | Failed: 110503 (144.8%)
Progress: 340200 / 234837 | Success: 229647 | Failed: 110553 (144.9%)
Progress: 340250 / 234837 | Success: 229647 | Failed: 110603 (144.9%)
Progress: 340300 / 234837 | Success: 229647 | Failed: 110653 (144.9%)
Progress: 340350 / 234837 | Success: 229647 | Failed: 110703 (144.9%)
Progress: 340400 / 234837 | Success: 229647 | Failed: 110753 (145.0%)
Progress: 340450 / 234837 | Success: 229647 | Failed: 110803 (145.0%)
Progress: 340500 / 234837 | Success: 229647 | Failed: 110853 (145.0%)
Progress: 340550 / 234837 | Success: 229647 | Failed: 110903 (145.0%)
Progress: 340600 / 234837 | Success: 229647 | Failed: 110953 (145.0%)
Progress: 340650 / 234837 | Success: 229647 | Failed: 111003 (145.1%)
Progress: 340700 / 234837 | Success: 229647 | Failed: 111053 (145.1%)
Progress: 340750 / 234837 | Success: 229647 | Failed: 111103 (145.1%)
Progress: 340800 / 234837 | Success: 229647 | Failed: 111153 (145.1%)
Progress: 340850 / 234837 | Success: 229647 | Failed: 111203 (145.1%)
Progress: 340900 / 234837 | Success: 229647 | Failed: 111253 (145.2%)
Progress: 340950 / 234837 | Success: 229647 | Failed: 111303 (145.2%)
Progress: 341000 / 234837 | Success: 229647 | Failed: 111353 (145.2%)
Progress: 341050 / 234837 | Success: 229647 | Failed: 111403 (145.2%)
Progress: 341100 / 234837 | Success: 229647 | Failed: 111453 (145.2%)
Progress: 341150 / 234837 | Success: 229647 | Failed: 111503 (145.3%)
Progress: 341200 / 234837 | Success: 229647 | Failed: 111553 (145.3%)
Progress: 341250 / 234837 | Success: 229647 | Failed: 111603 (145.3%)
Progress: 341300 / 234837 | Success: 229647 | Failed: 111653 (145.3%)
Progress: 341350 / 234837 | Success: 229647 | Failed: 111703 (145.4%)
Progress: 341400 / 234837 | Success: 229647 | Failed: 111753 (145.4%)
Progress: 341450 / 234837 | Success: 229647 | Failed: 111803 (145.4%)
Progress: 341500 / 234837 | Success: 229647 | Failed: 111853 (145.4%)
Progress: 341550 / 234837 | Success: 229647 | Failed: 111903 (145.4%)
Progress: 341600 / 234837 | Success: 229647 | Failed: 111953 (145.5%)
Progress: 341650 / 234837 | Success: 229647 | Failed: 112003 (145.5%)
Progress: 341700 / 234837 | Success: 229647 | Failed: 112053 (145.5%)
Progress: 341750 / 234837 | Success: 229647 | Failed: 112103 (145.5%)
Progress: 341800 / 234837 | Success: 229647 | Failed: 112153 (145.5%)
Progress: 341850 / 234837 | Success: 229647 | Failed: 112203 (145.6%)
Progress: 341900 / 234837 | Success: 229647 | Failed: 112253 (145.6%)
Progress: 341950 / 234837 | Success: 229647 | Failed: 112303 (145.6%)
Progress: 342000 / 234837 | Success: 229647 | Failed: 112353 (145.6%)
Progress: 342050 / 234837 | Success: 229647 | Failed: 112403 (145.7%)
Progress: 342100 / 234837 | Success: 229647 | Failed: 112453 (145.7%)
Progress: 342150 / 234837 | Success: 229647 | Failed: 112503 (145.7%)
Progress: 342200 / 234837 | Success: 229647 | Failed: 112553 (145.7%)
Progress: 342250 / 234837 | Success: 229647 | Failed: 112603 (145.7%)
Progress: 342300 / 234837 | Success: 229647 | Failed: 112653 (145.8%)
Progress: 342350 / 234837 | Success: 229647 | Failed: 112703 (145.8%)
Progress: 342400 / 234837 | Success: 229647 | Failed: 112753 (145.8%)
Progress: 342450 / 234837 | Success: 229647 | Failed: 112803 (145.8%)
Progress: 342500 / 234837 | Success: 229647 | Failed: 112853 (145.8%)
Progress: 342550 / 234837 | Success: 229647 | Failed: 112903 (145.9%)
Progress: 342600 / 234837 | Success: 229647 | Failed: 112953 (145.9%)
Progress: 342650 / 234837 | Success: 229647 | Failed: 113003 (145.9%)
Progress: 342700 / 234837 | Success: 229647 | Failed: 113053 (145.9%)
Progress: 342750 / 234837 | Success: 229647 | Failed: 113103 (146.0%)
Progress: 342800 / 234837 | Success: 229647 | Failed: 113153 (146.0%)
Progress: 342850 / 234837 | Success: 229647 | Failed: 113203 (146.0%)
Progress: 342900 / 234837 | Success: 229647 | Failed: 113253 (146.0%)
Progress: 342950 / 234837 | Success: 229647 | Failed: 113303 (146.0%)
Progress: 343000 / 234837 | Success: 229647 | Failed: 113353 (146.1%)
Progress: 343050 / 234837 | Success: 229647 | Failed: 113403 (146.1%)
Progress: 343100 / 234837 | Success: 229647 | Failed: 113453 (146.1%)
Progress: 343150 / 234837 | Success: 229647 | Failed: 113503 (146.1%)
Progress: 343200 / 234837 | Success: 229647 | Failed: 113553 (146.1%)
Progress: 343250 / 234837 | Success: 229647 | Failed: 113603 (146.2%)
Progress: 343300 / 234837 | Success: 229647 | Failed: 113653 (146.2%)
Progress: 343350 / 234837 | Success: 229647 | Failed: 113703 (146.2%)
Progress: 343400 / 234837 | Success: 229647 | Failed: 113753 (146.2%)
Progress: 343450 / 234837 | Success: 229647 | Failed: 113803 (146.3%)
Progress: 343500 / 234837 | Success: 229647 | Failed: 113853 (146.3%)
Progress: 343550 / 234837 | Success: 229647 | Failed: 113903 (146.3%)
Progress: 343600 / 234837 | Success: 229647 | Failed: 113953 (146.3%)
Progress: 343650 / 234837 | Success: 229647 | Failed: 114003 (146.3%)
Progress: 343700 / 234837 | Success: 229647 | Failed: 114053 (146.4%)
Progress: 343750 / 234837 | Success: 229647 | Failed: 114103 (146.4%)
Progress: 343800 / 234837 | Success: 229647 | Failed: 114153 (146.4%)
Progress: 343850 / 234837 | Success: 229647 | Failed: 114203 (146.4%)
Progress: 343900 / 234837 | Success: 229647 | Failed: 114253 (146.4%)
Progress: 343950 / 234837 | Success: 229647 | Failed: 114303 (146.5%)
Progress: 344000 / 234837 | Success: 229647 | Failed: 114353 (146.5%)
Progress: 344050 / 234837 | Success: 229647 | Failed: 114403 (146.5%)
Progress: 344100 / 234837 | Success: 229647 | Failed: 114453 (146.5%)
Progress: 344150 / 234837 | Success: 229647 | Failed: 114503 (146.5%)
Progress: 344200 / 234837 | Success: 229647 | Failed: 114553 (146.6%)
Progress: 344250 / 234837 | Success: 229647 | Failed: 114603 (146.6%)
Progress: 344300 / 234837 | Success: 229647 | Failed: 114653 (146.6%)
Progress: 344350 / 234837 | Success: 229647 | Failed: 114703 (146.6%)
Progress: 344400 / 234837 | Success: 229647 | Failed: 114753 (146.7%)
Progress: 344450 / 234837 | Success: 229647 | Failed: 114803 (146.7%)
Progress: 344500 / 234837 | Success: 229647 | Failed: 114853 (146.7%)
Progress: 344550 / 234837 | Success: 229647 | Failed: 114903 (146.7%)
Progress: 344600 / 234837 | Success: 229647 | Failed: 114953 (146.7%)
Progress: 344650 / 234837 | Success: 229647 | Failed: 115003 (146.8%)
Progress: 344700 / 234837 | Success: 229647 | Failed: 115053 (146.8%)
Progress: 344750 / 234837 | Success: 229647 | Failed: 115103 (146.8%)
Progress: 344800 / 234837 | Success: 229647 | Failed: 115153 (146.8%)
Progress: 344850 / 234837 | Success: 229647 | Failed: 115203 (146.8%)
Progress: 344900 / 234837 | Success: 229647 | Failed: 115253 (146.9%)
Progress: 344950 / 234837 | Success: 229647 | Failed: 115303 (146.9%)
Progress: 345000 / 234837 | Success: 229647 | Failed: 115353 (146.9%)
Progress: 345050 / 234837 | Success: 229647 | Failed: 115403 (146.9%)
Progress: 345100 / 234837 | Success: 229647 | Failed: 115453 (147.0%)
Progress: 345150 / 234837 | Success: 229647 | Failed: 115503 (147.0%)
Progress: 345200 / 234837 | Success: 229647 | Failed: 115553 (147.0%)
Progress: 345250 / 234837 | Success: 229647 | Failed: 115603 (147.0%)
Progress: 345300 / 234837 | Success: 229647 | Failed: 115653 (147.0%)
Progress: 345350 / 234837 | Success: 229647 | Failed: 115703 (147.1%)
Progress: 345400 / 234837 | Success: 229647 | Failed: 115753 (147.1%)
Progress: 345450 / 234837 | Success: 229647 | Failed: 115803 (147.1%)
Progress: 345500 / 234837 | Success: 229647 | Failed: 115853 (147.1%)
Progress: 345550 / 234837 | Success: 229647 | Failed: 115903 (147.1%)
Progress: 345600 / 234837 | Success: 229647 | Failed: 115953 (147.2%)
Progress: 345650 / 234837 | Success: 229647 | Failed: 116003 (147.2%)
Progress: 345700 / 234837 | Success: 229647 | Failed: 116053 (147.2%)
Progress: 345750 / 234837 | Success: 229647 | Failed: 116103 (147.2%)
Progress: 345800 / 234837 | Success: 229647 | Failed: 116153 (147.3%)
Progress: 345850 / 234837 | Success: 229647 | Failed: 116203 (147.3%)
Progress: 345900 / 234837 | Success: 229647 | Failed: 116253 (147.3%)
Progress: 345950 / 234837 | Success: 229647 | Failed: 116303 (147.3%)
Progress: 346000 / 234837 | Success: 229647 | Failed: 116353 (147.3%)
Progress: 346050 / 234837 | Success: 229647 | Failed: 116403 (147.4%)
Progress: 346100 / 234837 | Success: 229647 | Failed: 116453 (147.4%)
Progress: 346150 / 234837 | Success: 229647 | Failed: 116503 (147.4%)
Progress: 346200 / 234837 | Success: 229647 | Failed: 116553 (147.4%)
Progress: 346250 / 234837 | Success: 229647 | Failed: 116603 (147.4%)
Progress: 346300 / 234837 | Success: 229647 | Failed: 116653 (147.5%)
Progress: 346350 / 234837 | Success: 229647 | Failed: 116703 (147.5%)
Progress: 346400 / 234837 | Success: 229647 | Failed: 116753 (147.5%)
Progress: 346450 / 234837 | Success: 229647 | Failed: 116803 (147.5%)
Progress: 346500 / 234837 | Success: 229647 | Failed: 116853 (147.5%)
Progress: 346550 / 234837 | Success: 229647 | Failed: 116903 (147.6%)
Progress: 346600 / 234837 | Success: 229647 | Failed: 116953 (147.6%)
Progress: 346650 / 234837 | Success: 229647 | Failed: 117003 (147.6%)
Progress: 346700 / 234837 | Success: 229647 | Failed: 117053 (147.6%)
Progress: 346750 / 234837 | Success: 229647 | Failed: 117103 (147.7%)
Progress: 346800 / 234837 | Success: 229647 | Failed: 117153 (147.7%)
Progress: 346850 / 234837 | Success: 229647 | Failed: 117203 (147.7%)
Progress: 346900 / 234837 | Success: 229647 | Failed: 117253 (147.7%)
Progress: 346950 / 234837 | Success: 229647 | Failed: 117303 (147.7%)
Progress: 347000 / 234837 | Success: 229647 | Failed: 117353 (147.8%)
Progress: 347050 / 234837 | Success: 229647 | Failed: 117403 (147.8%)
Progress: 347100 / 234837 | Success: 229647 | Failed: 117453 (147.8%)
Progress: 347150 / 234837 | Success: 229647 | Failed: 117503 (147.8%)
Progress: 347200 / 234837 | Success: 229647 | Failed: 117553 (147.8%)
Progress: 347250 / 234837 | Success: 229647 | Failed: 117603 (147.9%)
Progress: 347300 / 234837 | Success: 229647 | Failed: 117653 (147.9%)
Progress: 347350 / 234837 | Success: 229647 | Failed: 117703 (147.9%)
Progress: 347400 / 234837 | Success: 229647 | Failed: 117753 (147.9%)
Progress: 347450 / 234837 | Success: 229647 | Failed: 117803 (148.0%)
Progress: 347500 / 234837 | Success: 229647 | Failed: 117853 (148.0%)
Progress: 347550 / 234837 | Success: 229647 | Failed: 117903 (148.0%)
Progress: 347600 / 234837 | Success: 229647 | Failed: 117953 (148.0%)
Progress: 347650 / 234837 | Success: 229647 | Failed: 118003 (148.0%)
Progress: 347700 / 234837 | Success: 229647 | Failed: 118053 (148.1%)
Progress: 347750 / 234837 | Success: 229647 | Failed: 118103 (148.1%)
Progress: 347800 / 234837 | Success: 229647 | Failed: 118153 (148.1%)
Progress: 347850 / 234837 | Success: 229647 | Failed: 118203 (148.1%)
Progress: 347900 / 234837 | Success: 229647 | Failed: 118253 (148.1%)
Progress: 347950 / 234837 | Success: 229647 | Failed: 118303 (148.2%)
Progress: 348000 / 234837 | Success: 229647 | Failed: 118353 (148.2%)
Progress: 348050 / 234837 | Success: 229647 | Failed: 118403 (148.2%)
Progress: 348100 / 234837 | Success: 229647 | Failed: 118453 (148.2%)
Progress: 348150 / 234837 | Success: 229647 | Failed: 118503 (148.3%)
Progress: 348200 / 234837 | Success: 229647 | Failed: 118553 (148.3%)
Progress: 348250 / 234837 | Success: 229647 | Failed: 118603 (148.3%)
Progress: 348300 / 234837 | Success: 229647 | Failed: 118653 (148.3%)
Progress: 348350 / 234837 | Success: 229647 | Failed: 118703 (148.3%)
Progress: 348400 / 234837 | Success: 229647 | Failed: 118753 (148.4%)
Progress: 348450 / 234837 | Success: 229647 | Failed: 118803 (148.4%)
Progress: 348500 / 234837 | Success: 229647 | Failed: 118853 (148.4%)
Progress: 348550 / 234837 | Success: 229647 | Failed: 118903 (148.4%)
Progress: 348600 / 234837 | Success: 229647 | Failed: 118953 (148.4%)
Progress: 348650 / 234837 | Success: 229647 | Failed: 119003 (148.5%)
Progress: 348700 / 234837 | Success: 229647 | Failed: 119053 (148.5%)
Progress: 348750 / 234837 | Success: 229647 | Failed: 119103 (148.5%)
Progress: 348800 / 234837 | Success: 229647 | Failed: 119153 (148.5%)
Progress: 348850 / 234837 | Success: 229647 | Failed: 119203 (148.5%)
Progress: 348900 / 234837 | Success: 229647 | Failed: 119253 (148.6%)
Progress: 348950 / 234837 | Success: 229647 | Failed: 119303 (148.6%)
Progress: 349000 / 234837 | Success: 229647 | Failed: 119353 (148.6%)
Progress: 349050 / 234837 | Success: 229647 | Failed: 119403 (148.6%)
Progress: 349100 / 234837 | Success: 229647 | Failed: 119453 (148.7%)
Progress: 349150 / 234837 | Success: 229647 | Failed: 119503 (148.7%)
Progress: 349200 / 234837 | Success: 229647 | Failed: 119553 (148.7%)
Progress: 349250 / 234837 | Success: 229647 | Failed: 119603 (148.7%)
Progress: 349300 / 234837 | Success: 229647 | Failed: 119653 (148.7%)
Progress: 349350 / 234837 | Success: 229647 | Failed: 119703 (148.8%)
Progress: 349400 / 234837 | Success: 229647 | Failed: 119753 (148.8%)
Progress: 349450 / 234837 | Success: 229647 | Failed: 119803 (148.8%)
Progress: 349500 / 234837 | Success: 229647 | Failed: 119853 (148.8%)
Progress: 349550 / 234837 | Success: 229647 | Failed: 119903 (148.8%)
Progress: 349600 / 234837 | Success: 229647 | Failed: 119953 (148.9%)
Progress: 349650 / 234837 | Success: 229647 | Failed: 120003 (148.9%)
Progress: 349700 / 234837 | Success: 229647 | Failed: 120053 (148.9%)
Progress: 349750 / 234837 | Success: 229647 | Failed: 120103 (148.9%)
Progress: 349800 / 234837 | Success: 229647 | Failed: 120153 (149.0%)
Progress: 349850 / 234837 | Success: 229647 | Failed: 120203 (149.0%)
Progress: 349900 / 234837 | Success: 229647 | Failed: 120253 (149.0%)
Progress: 349950 / 234837 | Success: 229647 | Failed: 120303 (149.0%)
Progress: 350000 / 234837 | Success: 229647 | Failed: 120353 (149.0%)
Progress: 350050 / 234837 | Success: 229647 | Failed: 120403 (149.1%)
Progress: 350100 / 234837 | Success: 229647 | Failed: 120453 (149.1%)
Progress: 350150 / 234837 | Success: 229647 | Failed: 120503 (149.1%)
Progress: 350200 / 234837 | Success: 229647 | Failed: 120553 (149.1%)
Progress: 350250 / 234837 | Success: 229647 | Failed: 120603 (149.1%)
Progress: 350300 / 234837 | Success: 229647 | Failed: 120653 (149.2%)
Progress: 350350 / 234837 | Success: 229647 | Failed: 120703 (149.2%)
Progress: 350400 / 234837 | Success: 229647 | Failed: 120753 (149.2%)
Progress: 350450 / 234837 | Success: 229647 | Failed: 120803 (149.2%)
Progress: 350500 / 234837 | Success: 229647 | Failed: 120853 (149.3%)
Progress: 350550 / 234837 | Success: 229647 | Failed: 120903 (149.3%)
Progress: 350600 / 234837 | Success: 229647 | Failed: 120953 (149.3%)
Progress: 350650 / 234837 | Success: 229647 | Failed: 121003 (149.3%)
Progress: 350700 / 234837 | Success: 229647 | Failed: 121053 (149.3%)
Progress: 350750 / 234837 | Success: 229647 | Failed: 121103 (149.4%)
Progress: 350800 / 234837 | Success: 229647 | Failed: 121153 (149.4%)
Progress: 350850 / 234837 | Success: 229647 | Failed: 121203 (149.4%)
Progress: 350900 / 234837 | Success: 229647 | Failed: 121253 (149.4%)
Progress: 350950 / 234837 | Success: 229647 | Failed: 121303 (149.4%)
Progress: 351000 / 234837 | Success: 229647 | Failed: 121353 (149.5%)
Progress: 351050 / 234837 | Success: 229647 | Failed: 121403 (149.5%)
Progress: 351100 / 234837 | Success: 229647 | Failed: 121453 (149.5%)
Progress: 351150 / 234837 | Success: 229647 | Failed: 121503 (149.5%)
Progress: 351200 / 234837 | Success: 229647 | Failed: 121553 (149.6%)
Progress: 351250 / 234837 | Success: 229647 | Failed: 121603 (149.6%)
Progress: 351300 / 234837 | Success: 229647 | Failed: 121653 (149.6%)
Progress: 351350 / 234837 | Success: 229647 | Failed: 121703 (149.6%)
Progress: 351400 / 234837 | Success: 229647 | Failed: 121753 (149.6%)
Progress: 351450 / 234837 | Success: 229647 | Failed: 121803 (149.7%)
Progress: 351500 / 234837 | Success: 229647 | Failed: 121853 (149.7%)
Progress: 351550 / 234837 | Success: 229647 | Failed: 121903 (149.7%)
Progress: 351600 / 234837 | Success: 229647 | Failed: 121953 (149.7%)
Progress: 351650 / 234837 | Success: 229647 | Failed: 122003 (149.7%)
Progress: 351700 / 234837 | Success: 229647 | Failed: 122053 (149.8%)
Progress: 351750 / 234837 | Success: 229647 | Failed: 122103 (149.8%)
Progress: 351800 / 234837 | Success: 229647 | Failed: 122153 (149.8%)
Progress: 351850 / 234837 | Success: 229647 | Failed: 122203 (149.8%)
Progress: 351900 / 234837 | Success: 229647 | Failed: 122253 (149.8%)
Progress: 351950 / 234837 | Success: 229647 | Failed: 122303 (149.9%)
Progress: 352000 / 234837 | Success: 229647 | Failed: 122353 (149.9%)
Progress: 352050 / 234837 | Success: 229647 | Failed: 122403 (149.9%)
Progress: 352100 / 234837 | Success: 229647 | Failed: 122453 (149.9%)
Progress: 352150 / 234837 | Success: 229647 | Failed: 122503 (150.0%)
Progress: 352200 / 234837 | Success: 229647 | Failed: 122553 (150.0%)
Progress: 352250 / 234837 | Success: 229647 | Failed: 122603 (150.0%)
Progress: 352300 / 234837 | Success: 229647 | Failed: 122653 (150.0%)
Progress: 352350 / 234837 | Success: 229647 | Failed: 122703 (150.0%)
Progress: 352400 / 234837 | Success: 229647 | Failed: 122753 (150.1%)
Progress: 352450 / 234837 | Success: 229647 | Failed: 122803 (150.1%)
Progress: 352500 / 234837 | Success: 229647 | Failed: 122853 (150.1%)
Progress: 352550 / 234837 | Success: 229647 | Failed: 122903 (150.1%)
Progress: 352600 / 234837 | Success: 229647 | Failed: 122953 (150.1%)
Progress: 352650 / 234837 | Success: 229647 | Failed: 123003 (150.2%)
Progress: 352700 / 234837 | Success: 229647 | Failed: 123053 (150.2%)
Progress: 352750 / 234837 | Success: 229647 | Failed: 123103 (150.2%)
Progress: 352800 / 234837 | Success: 229647 | Failed: 123153 (150.2%)
Progress: 352850 / 234837 | Success: 229647 | Failed: 123203 (150.3%)
Progress: 352900 / 234837 | Success: 229647 | Failed: 123253 (150.3%)
Progress: 352950 / 234837 | Success: 229647 | Failed: 123303 (150.3%)
Progress: 353000 / 234837 | Success: 229647 | Failed: 123353 (150.3%)
Progress: 353050 / 234837 | Success: 229647 | Failed: 123403 (150.3%)
Progress: 353100 / 234837 | Success: 229647 | Failed: 123453 (150.4%)
Progress: 353150 / 234837 | Success: 229647 | Failed: 123503 (150.4%)
Progress: 353200 / 234837 | Success: 229647 | Failed: 123553 (150.4%)
Progress: 353250 / 234837 | Success: 229647 | Failed: 123603 (150.4%)
Progress: 353300 / 234837 | Success: 229647 | Failed: 123653 (150.4%)
Progress: 353350 / 234837 | Success: 229647 | Failed: 123703 (150.5%)
Progress: 353400 / 234837 | Success: 229647 | Failed: 123753 (150.5%)
Progress: 353450 / 234837 | Success: 229647 | Failed: 123803 (150.5%)
Progress: 353500 / 234837 | Success: 229647 | Failed: 123853 (150.5%)
Progress: 353550 / 234837 | Success: 229647 | Failed: 123903 (150.6%)
Progress: 353600 / 234837 | Success: 229647 | Failed: 123953 (150.6%)
Progress: 353650 / 234837 | Success: 229647 | Failed: 124003 (150.6%)
Progress: 353700 / 234837 | Success: 229647 | Failed: 124053 (150.6%)
Progress: 353750 / 234837 | Success: 229647 | Failed: 124103 (150.6%)
Progress: 353800 / 234837 | Success: 229647 | Failed: 124153 (150.7%)
Progress: 353850 / 234837 | Success: 229647 | Failed: 124203 (150.7%)
Progress: 353900 / 234837 | Success: 229647 | Failed: 124253 (150.7%)
Progress: 353950 / 234837 | Success: 229647 | Failed: 124303 (150.7%)
Progress: 354000 / 234837 | Success: 229647 | Failed: 124353 (150.7%)
Progress: 354050 / 234837 | Success: 229647 | Failed: 124403 (150.8%)
Progress: 354100 / 234837 | Success: 229647 | Failed: 124453 (150.8%)
Progress: 354150 / 234837 | Success: 229647 | Failed: 124503 (150.8%)
Progress: 354200 / 234837 | Success: 229647 | Failed: 124553 (150.8%)
Progress: 354250 / 234837 | Success: 229647 | Failed: 124603 (150.8%)
Progress: 354300 / 234837 | Success: 229647 | Failed: 124653 (150.9%)
Progress: 354350 / 234837 | Success: 229647 | Failed: 124703 (150.9%)
Progress: 354400 / 234837 | Success: 229647 | Failed: 124753 (150.9%)
Progress: 354450 / 234837 | Success: 229647 | Failed: 124803 (150.9%)
Progress: 354500 / 234837 | Success: 229647 | Failed: 124853 (151.0%)
Progress: 354550 / 234837 | Success: 229647 | Failed: 124903 (151.0%)
Progress: 354600 / 234837 | Success: 229647 | Failed: 124953 (151.0%)
Progress: 354650 / 234837 | Success: 229647 | Failed: 125003 (151.0%)
Progress: 354700 / 234837 | Success: 229647 | Failed: 125053 (151.0%)
Progress: 354750 / 234837 | Success: 229647 | Failed: 125103 (151.1%)
Progress: 354800 / 234837 | Success: 229647 | Failed: 125153 (151.1%)
Progress: 354850 / 234837 | Success: 229647 | Failed: 125203 (151.1%)
Progress: 354900 / 234837 | Success: 229647 | Failed: 125253 (151.1%)
Progress: 354950 / 234837 | Success: 229647 | Failed: 125303 (151.1%)
Progress: 355000 / 234837 | Success: 229647 | Failed: 125353 (151.2%)
Progress: 355050 / 234837 | Success: 229647 | Failed: 125403 (151.2%)
Progress: 355100 / 234837 | Success: 229647 | Failed: 125453 (151.2%)
Progress: 355150 / 234837 | Success: 229647 | Failed: 125503 (151.2%)
Progress: 355200 / 234837 | Success: 229647 | Failed: 125553 (151.3%)
Progress: 355250 / 234837 | Success: 229647 | Failed: 125603 (151.3%)
Progress: 355300 / 234837 | Success: 229647 | Failed: 125653 (151.3%)
Progress: 355350 / 234837 | Success: 229647 | Failed: 125703 (151.3%)
Progress: 355400 / 234837 | Success: 229647 | Failed: 125753 (151.3%)
Progress: 355450 / 234837 | Success: 229647 | Failed: 125803 (151.4%)
Progress: 355500 / 234837 | Success: 229647 | Failed: 125853 (151.4%)
Progress: 355550 / 234837 | Success: 229647 | Failed: 125903 (151.4%)
Progress: 355600 / 234837 | Success: 229647 | Failed: 125953 (151.4%)
Progress: 355650 / 234837 | Success: 229647 | Failed: 126003 (151.4%)
Progress: 355700 / 234837 | Success: 229647 | Failed: 126053 (151.5%)
Progress: 355750 / 234837 | Success: 229647 | Failed: 126103 (151.5%)
Progress: 355800 / 234837 | Success: 229647 | Failed: 126153 (151.5%)
Progress: 355850 / 234837 | Success: 229647 | Failed: 126203 (151.5%)
Progress: 355900 / 234837 | Success: 229647 | Failed: 126253 (151.6%)
Progress: 355950 / 234837 | Success: 229647 | Failed: 126303 (151.6%)
Progress: 356000 / 234837 | Success: 229647 | Failed: 126353 (151.6%)
Progress: 356050 / 234837 | Success: 229647 | Failed: 126403 (151.6%)
Progress: 356100 / 234837 | Success: 229647 | Failed: 126453 (151.6%)
Progress: 356150 / 234837 | Success: 229647 | Failed: 126503 (151.7%)
Progress: 356200 / 234837 | Success: 229647 | Failed: 126553 (151.7%)
Progress: 356250 / 234837 | Success: 229647 | Failed: 126603 (151.7%)
Progress: 356300 / 234837 | Success: 229647 | Failed: 126653 (151.7%)
Progress: 356350 / 234837 | Success: 229647 | Failed: 126703 (151.7%)
Progress: 356400 / 234837 | Success: 229647 | Failed: 126753 (151.8%)
Progress: 356450 / 234837 | Success: 229647 | Failed: 126803 (151.8%)
Progress: 356500 / 234837 | Success: 229647 | Failed: 126853 (151.8%)
Progress: 356550 / 234837 | Success: 229647 | Failed: 126903 (151.8%)
Progress: 356600 / 234837 | Success: 229647 | Failed: 126953 (151.9%)
Progress: 356650 / 234837 | Success: 229647 | Failed: 127003 (151.9%)
Progress: 356700 / 234837 | Success: 229647 | Failed: 127053 (151.9%)
Progress: 356750 / 234837 | Success: 229647 | Failed: 127103 (151.9%)
Progress: 356800 / 234837 | Success: 229647 | Failed: 127153 (151.9%)
Progress: 356850 / 234837 | Success: 229647 | Failed: 127203 (152.0%)
Progress: 356900 / 234837 | Success: 229647 | Failed: 127253 (152.0%)
Progress: 356950 / 234837 | Success: 229647 | Failed: 127303 (152.0%)
Progress: 357000 / 234837 | Success: 229647 | Failed: 127353 (152.0%)
Progress: 357050 / 234837 | Success: 229647 | Failed: 127403 (152.0%)
Progress: 357100 / 234837 | Success: 229647 | Failed: 127453 (152.1%)
Progress: 357150 / 234837 | Success: 229647 | Failed: 127503 (152.1%)
Progress: 357200 / 234837 | Success: 229647 | Failed: 127553 (152.1%)
Progress: 357250 / 234837 | Success: 229647 | Failed: 127603 (152.1%)
Progress: 357300 / 234837 | Success: 229647 | Failed: 127653 (152.1%)
Progress: 357350 / 234837 | Success: 229647 | Failed: 127703 (152.2%)
Progress: 357400 / 234837 | Success: 229647 | Failed: 127753 (152.2%)
Progress: 357450 / 234837 | Success: 229647 | Failed: 127803 (152.2%)
Progress: 357500 / 234837 | Success: 229647 | Failed: 127853 (152.2%)
Progress: 357550 / 234837 | Success: 229647 | Failed: 127903 (152.3%)
Progress: 357600 / 234837 | Success: 229647 | Failed: 127953 (152.3%)
Progress: 357650 / 234837 | Success: 229647 | Failed: 128003 (152.3%)
Progress: 357700 / 234837 | Success: 229647 | Failed: 128053 (152.3%)
Progress: 357750 / 234837 | Success: 229647 | Failed: 128103 (152.3%)
Progress: 357800 / 234837 | Success: 229647 | Failed: 128153 (152.4%)
Progress: 357850 / 234837 | Success: 229647 | Failed: 128203 (152.4%)
Progress: 357900 / 234837 | Success: 229647 | Failed: 128253 (152.4%)
Progress: 357950 / 234837 | Success: 229647 | Failed: 128303 (152.4%)
Progress: 358000 / 234837 | Success: 229647 | Failed: 128353 (152.4%)
Progress: 358050 / 234837 | Success: 229647 | Failed: 128403 (152.5%)
Progress: 358100 / 234837 | Success: 229647 | Failed: 128453 (152.5%)
Progress: 358150 / 234837 | Success: 229647 | Failed: 128503 (152.5%)
Progress: 358200 / 234837 | Success: 229647 | Failed: 128553 (152.5%)
Progress: 358250 / 234837 | Success: 229647 | Failed: 128603 (152.6%)
Progress: 358300 / 234837 | Success: 229647 | Failed: 128653 (152.6%)
Progress: 358350 / 234837 | Success: 229647 | Failed: 128703 (152.6%)
Progress: 358400 / 234837 | Success: 229647 | Failed: 128753 (152.6%)
Progress: 358450 / 234837 | Success: 229647 | Failed: 128803 (152.6%)
Progress: 358500 / 234837 | Success: 229647 | Failed: 128853 (152.7%)
Progress: 358550 / 234837 | Success: 229647 | Failed: 128903 (152.7%)
Progress: 358600 / 234837 | Success: 229647 | Failed: 128953 (152.7%)
Progress: 358650 / 234837 | Success: 229647 | Failed: 129003 (152.7%)
Progress: 358700 / 234837 | Success: 229647 | Failed: 129053 (152.7%)
Progress: 358750 / 234837 | Success: 229647 | Failed: 129103 (152.8%)
Progress: 358800 / 234837 | Success: 229647 | Failed: 129153 (152.8%)
Progress: 358850 / 234837 | Success: 229647 | Failed: 129203 (152.8%)
Progress: 358900 / 234837 | Success: 229647 | Failed: 129253 (152.8%)
Progress: 358950 / 234837 | Success: 229647 | Failed: 129303 (152.9%)
Progress: 359000 / 234837 | Success: 229647 | Failed: 129353 (152.9%)
Progress: 359050 / 234837 | Success: 229647 | Failed: 129403 (152.9%)
Progress: 359100 / 234837 | Success: 229647 | Failed: 129453 (152.9%)
Progress: 359150 / 234837 | Success: 229647 | Failed: 129503 (152.9%)
Progress: 359200 / 234837 | Success: 229647 | Failed: 129553 (153.0%)
Progress: 359250 / 234837 | Success: 229647 | Failed: 129603 (153.0%)
Progress: 359300 / 234837 | Success: 229647 | Failed: 129653 (153.0%)
Progress: 359350 / 234837 | Success: 229647 | Failed: 129703 (153.0%)
Progress: 359400 / 234837 | Success: 229647 | Failed: 129753 (153.0%)
Progress: 359450 / 234837 | Success: 229647 | Failed: 129803 (153.1%)
Progress: 359500 / 234837 | Success: 229647 | Failed: 129853 (153.1%)
Progress: 359550 / 234837 | Success: 229647 | Failed: 129903 (153.1%)
Progress: 359600 / 234837 | Success: 229647 | Failed: 129953 (153.1%)
Progress: 359650 / 234837 | Success: 229647 | Failed: 130003 (153.1%)
Progress: 359700 / 234837 | Success: 229647 | Failed: 130053 (153.2%)
Progress: 359750 / 234837 | Success: 229647 | Failed: 130103 (153.2%)
Progress: 359800 / 234837 | Success: 229647 | Failed: 130153 (153.2%)
Progress: 359850 / 234837 | Success: 229647 | Failed: 130203 (153.2%)
Progress: 359900 / 234837 | Success: 229647 | Failed: 130253 (153.3%)
Progress: 359950 / 234837 | Success: 229647 | Failed: 130303 (153.3%)
Progress: 360000 / 234837 | Success: 229647 | Failed: 130353 (153.3%)
Progress: 360050 / 234837 | Success: 229647 | Failed: 130403 (153.3%)
Progress: 360100 / 234837 | Success: 229647 | Failed: 130453 (153.3%)
Progress: 360150 / 234837 | Success: 229647 | Failed: 130503 (153.4%)
Progress: 360200 / 234837 | Success: 229647 | Failed: 130553 (153.4%)
Progress: 360250 / 234837 | Success: 229647 | Failed: 130603 (153.4%)
Progress: 360300 / 234837 | Success: 229647 | Failed: 130653 (153.4%)
Progress: 360350 / 234837 | Success: 229647 | Failed: 130703 (153.4%)
Progress: 360400 / 234837 | Success: 229647 | Failed: 130753 (153.5%)
Progress: 360450 / 234837 | Success: 229647 | Failed: 130803 (153.5%)
Progress: 360500 / 234837 | Success: 229647 | Failed: 130853 (153.5%)
Progress: 360550 / 234837 | Success: 229647 | Failed: 130903 (153.5%)
Progress: 360600 / 234837 | Success: 229647 | Failed: 130953 (153.6%)
Progress: 360650 / 234837 | Success: 229647 | Failed: 131003 (153.6%)
Progress: 360700 / 234837 | Success: 229647 | Failed: 131053 (153.6%)
Progress: 360750 / 234837 | Success: 229647 | Failed: 131103 (153.6%)
Progress: 360800 / 234837 | Success: 229647 | Failed: 131153 (153.6%)
Progress: 360850 / 234837 | Success: 229647 | Failed: 131203 (153.7%)
Progress: 360900 / 234837 | Success: 229647 | Failed: 131253 (153.7%)
Progress: 360950 / 234837 | Success: 229647 | Failed: 131303 (153.7%)
Progress: 361000 / 234837 | Success: 229647 | Failed: 131353 (153.7%)
Progress: 361050 / 234837 | Success: 229647 | Failed: 131403 (153.7%)
Progress: 361100 / 234837 | Success: 229647 | Failed: 131453 (153.8%)
Progress: 361150 / 234837 | Success: 229647 | Failed: 131503 (153.8%)
Progress: 361200 / 234837 | Success: 229647 | Failed: 131553 (153.8%)
Progress: 361250 / 234837 | Success: 229647 | Failed: 131603 (153.8%)
Progress: 361300 / 234837 | Success: 229647 | Failed: 131653 (153.9%)
Progress: 361350 / 234837 | Success: 229647 | Failed: 131703 (153.9%)
Progress: 361400 / 234837 | Success: 229647 | Failed: 131753 (153.9%)
Progress: 361450 / 234837 | Success: 229647 | Failed: 131803 (153.9%)
Progress: 361500 / 234837 | Success: 229647 | Failed: 131853 (153.9%)
Progress: 361550 / 234837 | Success: 229647 | Failed: 131903 (154.0%)
Progress: 361600 / 234837 | Success: 229647 | Failed: 131953 (154.0%)
Progress: 361650 / 234837 | Success: 229647 | Failed: 132003 (154.0%)
Progress: 361700 / 234837 | Success: 229647 | Failed: 132053 (154.0%)
Progress: 361750 / 234837 | Success: 229647 | Failed: 132103 (154.0%)
Progress: 361800 / 234837 | Success: 229647 | Failed: 132153 (154.1%)
Progress: 361850 / 234837 | Success: 229647 | Failed: 132203 (154.1%)
Progress: 361900 / 234837 | Success: 229647 | Failed: 132253 (154.1%)
Progress: 361950 / 234837 | Success: 229647 | Failed: 132303 (154.1%)
Progress: 362000 / 234837 | Success: 229647 | Failed: 132353 (154.1%)
Progress: 362050 / 234837 | Success: 229647 | Failed: 132403 (154.2%)
Progress: 362100 / 234837 | Success: 229647 | Failed: 132453 (154.2%)
Progress: 362150 / 234837 | Success: 229647 | Failed: 132503 (154.2%)
Progress: 362200 / 234837 | Success: 229647 | Failed: 132553 (154.2%)
Progress: 362250 / 234837 | Success: 229647 | Failed: 132603 (154.3%)
Progress: 362300 / 234837 | Success: 229647 | Failed: 132653 (154.3%)
Progress: 362350 / 234837 | Success: 229647 | Failed: 132703 (154.3%)
Progress: 362400 / 234837 | Success: 229647 | Failed: 132753 (154.3%)
Progress: 362450 / 234837 | Success: 229647 | Failed: 132803 (154.3%)
Progress: 362500 / 234837 | Success: 229647 | Failed: 132853 (154.4%)
Progress: 362550 / 234837 | Success: 229647 | Failed: 132903 (154.4%)
Progress: 362600 / 234837 | Success: 229647 | Failed: 132953 (154.4%)
Progress: 362650 / 234837 | Success: 229647 | Failed: 133003 (154.4%)
Progress: 362700 / 234837 | Success: 229647 | Failed: 133053 (154.4%)
Progress: 362750 / 234837 | Success: 229647 | Failed: 133103 (154.5%)
Progress: 362800 / 234837 | Success: 229647 | Failed: 133153 (154.5%)
Progress: 362850 / 234837 | Success: 229647 | Failed: 133203 (154.5%)
Progress: 362900 / 234837 | Success: 229647 | Failed: 133253 (154.5%)
Progress: 362950 / 234837 | Success: 229647 | Failed: 133303 (154.6%)
Progress: 363000 / 234837 | Success: 229647 | Failed: 133353 (154.6%)
Progress: 363050 / 234837 | Success: 229647 | Failed: 133403 (154.6%)
Progress: 363100 / 234837 | Success: 229647 | Failed: 133453 (154.6%)
Progress: 363150 / 234837 | Success: 229647 | Failed: 133503 (154.6%)
Progress: 363200 / 234837 | Success: 229647 | Failed: 133553 (154.7%)
Progress: 363250 / 234837 | Success: 229647 | Failed: 133603 (154.7%)
Progress: 363300 / 234837 | Success: 229647 | Failed: 133653 (154.7%)
Progress: 363350 / 234837 | Success: 229647 | Failed: 133703 (154.7%)
Progress: 363400 / 234837 | Success: 229647 | Failed: 133753 (154.7%)
Progress: 363450 / 234837 | Success: 229647 | Failed: 133803 (154.8%)
Progress: 363500 / 234837 | Success: 229647 | Failed: 133853 (154.8%)
Progress: 363550 / 234837 | Success: 229647 | Failed: 133903 (154.8%)
Progress: 363600 / 234837 | Success: 229647 | Failed: 133953 (154.8%)
Progress: 363650 / 234837 | Success: 229647 | Failed: 134003 (154.9%)
Progress: 363700 / 234837 | Success: 229647 | Failed: 134053 (154.9%)
Progress: 363750 / 234837 | Success: 229647 | Failed: 134103 (154.9%)
Progress: 363800 / 234837 | Success: 229647 | Failed: 134153 (154.9%)
Progress: 363850 / 234837 | Success: 229647 | Failed: 134203 (154.9%)
Progress: 363900 / 234837 | Success: 229647 | Failed: 134253 (155.0%)
Progress: 363950 / 234837 | Success: 229647 | Failed: 134303 (155.0%)
Progress: 364000 / 234837 | Success: 229647 | Failed: 134353 (155.0%)
Progress: 364050 / 234837 | Success: 229647 | Failed: 134403 (155.0%)
Progress: 364100 / 234837 | Success: 229647 | Failed: 134453 (155.0%)
Progress: 364150 / 234837 | Success: 229647 | Failed: 134503 (155.1%)
Progress: 364200 / 234837 | Success: 229647 | Failed: 134553 (155.1%)
Progress: 364250 / 234837 | Success: 229647 | Failed: 134603 (155.1%)
Progress: 364300 / 234837 | Success: 229647 | Failed: 134653 (155.1%)
Progress: 364350 / 234837 | Success: 229647 | Failed: 134703 (155.2%)
Progress: 364400 / 234837 | Success: 229647 | Failed: 134753 (155.2%)
Progress: 364450 / 234837 | Success: 229647 | Failed: 134803 (155.2%)
Progress: 364500 / 234837 | Success: 229647 | Failed: 134853 (155.2%)
Progress: 364550 / 234837 | Success: 229647 | Failed: 134903 (155.2%)
Progress: 364600 / 234837 | Success: 229647 | Failed: 134953 (155.3%)
Progress: 364650 / 234837 | Success: 229647 | Failed: 135003 (155.3%)
Progress: 364700 / 234837 | Success: 229647 | Failed: 135053 (155.3%)
Progress: 364750 / 234837 | Success: 229647 | Failed: 135103 (155.3%)
Progress: 364800 / 234837 | Success: 229647 | Failed: 135153 (155.3%)
Progress: 364850 / 234837 | Success: 229647 | Failed: 135203 (155.4%)
Progress: 364900 / 234837 | Success: 229647 | Failed: 135253 (155.4%)
Progress: 364950 / 234837 | Success: 229647 | Failed: 135303 (155.4%)
Progress: 365000 / 234837 | Success: 229647 | Failed: 135353 (155.4%)
Progress: 365050 / 234837 | Success: 229647 | Failed: 135403 (155.4%)
Progress: 365100 / 234837 | Success: 229647 | Failed: 135453 (155.5%)
Progress: 365150 / 234837 | Success: 229647 | Failed: 135503 (155.5%)
Progress: 365200 / 234837 | Success: 229647 | Failed: 135553 (155.5%)
Progress: 365250 / 234837 | Success: 229647 | Failed: 135603 (155.5%)
Progress: 365300 / 234837 | Success: 229647 | Failed: 135653 (155.6%)
Progress: 365350 / 234837 | Success: 229647 | Failed: 135703 (155.6%)
Progress: 365400 / 234837 | Success: 229647 | Failed: 135753 (155.6%)
Progress: 365450 / 234837 | Success: 229647 | Failed: 135803 (155.6%)
Progress: 365500 / 234837 | Success: 229647 | Failed: 135853 (155.6%)
Progress: 365550 / 234837 | Success: 229647 | Failed: 135903 (155.7%)
Progress: 365600 / 234837 | Success: 229647 | Failed: 135953 (155.7%)
Progress: 365650 / 234837 | Success: 229647 | Failed: 136003 (155.7%)
Progress: 365700 / 234837 | Success: 229647 | Failed: 136053 (155.7%)
Progress: 365750 / 234837 | Success: 229647 | Failed: 136103 (155.7%)
Progress: 365800 / 234837 | Success: 229647 | Failed: 136153 (155.8%)
Progress: 365850 / 234837 | Success: 229647 | Failed: 136203 (155.8%)
Progress: 365900 / 234837 | Success: 229647 | Failed: 136253 (155.8%)
Progress: 365950 / 234837 | Success: 229647 | Failed: 136303 (155.8%)
Progress: 366000 / 234837 | Success: 229647 | Failed: 136353 (155.9%)
Progress: 366050 / 234837 | Success: 229647 | Failed: 136403 (155.9%)
Progress: 366100 / 234837 | Success: 229647 | Failed: 136453 (155.9%)
Progress: 366150 / 234837 | Success: 229647 | Failed: 136503 (155.9%)
Progress: 366200 / 234837 | Success: 229647 | Failed: 136553 (155.9%)
Progress: 366250 / 234837 | Success: 229647 | Failed: 136603 (156.0%)
Progress: 366300 / 234837 | Success: 229647 | Failed: 136653 (156.0%)
Progress: 366350 / 234837 | Success: 229647 | Failed: 136703 (156.0%)
Progress: 366400 / 234837 | Success: 229647 | Failed: 136753 (156.0%)
Progress: 366450 / 234837 | Success: 229647 | Failed: 136803 (156.0%)
Progress: 366500 / 234837 | Success: 229647 | Failed: 136853 (156.1%)
Progress: 366550 / 234837 | Success: 229647 | Failed: 136903 (156.1%)
Progress: 366600 / 234837 | Success: 229647 | Failed: 136953 (156.1%)
Progress: 366650 / 234837 | Success: 229647 | Failed: 137003 (156.1%)
Progress: 366700 / 234837 | Success: 229647 | Failed: 137053 (156.2%)
Progress: 366750 / 234837 | Success: 229647 | Failed: 137103 (156.2%)
Progress: 366800 / 234837 | Success: 229647 | Failed: 137153 (156.2%)
Progress: 366850 / 234837 | Success: 229647 | Failed: 137203 (156.2%)
Progress: 366900 / 234837 | Success: 229647 | Failed: 137253 (156.2%)
Progress: 366950 / 234837 | Success: 229647 | Failed: 137303 (156.3%)
Progress: 367000 / 234837 | Success: 229647 | Failed: 137353 (156.3%)
Progress: 367050 / 234837 | Success: 229647 | Failed: 137403 (156.3%)
Progress: 367100 / 234837 | Success: 229647 | Failed: 137453 (156.3%)
Progress: 367150 / 234837 | Success: 229647 | Failed: 137503 (156.3%)
Progress: 367200 / 234837 | Success: 229647 | Failed: 137553 (156.4%)
Progress: 367250 / 234837 | Success: 229647 | Failed: 137603 (156.4%)
Progress: 367300 / 234837 | Success: 229647 | Failed: 137653 (156.4%)
Progress: 367350 / 234837 | Success: 229647 | Failed: 137703 (156.4%)
Progress: 367400 / 234837 | Success: 229647 | Failed: 137753 (156.4%)
Progress: 367450 / 234837 | Success: 229647 | Failed: 137803 (156.5%)
Progress: 367500 / 234837 | Success: 229647 | Failed: 137853 (156.5%)
Progress: 367550 / 234837 | Success: 229647 | Failed: 137903 (156.5%)
Progress: 367600 / 234837 | Success: 229647 | Failed: 137953 (156.5%)
Progress: 367650 / 234837 | Success: 229647 | Failed: 138003 (156.6%)
Progress: 367700 / 234837 | Success: 229647 | Failed: 138053 (156.6%)
Progress: 367750 / 234837 | Success: 229647 | Failed: 138103 (156.6%)
Progress: 367800 / 234837 | Success: 229647 | Failed: 138153 (156.6%)
Progress: 367850 / 234837 | Success: 229647 | Failed: 138203 (156.6%)
Progress: 367900 / 234837 | Success: 229647 | Failed: 138253 (156.7%)
Progress: 367950 / 234837 | Success: 229647 | Failed: 138303 (156.7%)
Progress: 368000 / 234837 | Success: 229647 | Failed: 138353 (156.7%)
Progress: 368050 / 234837 | Success: 229647 | Failed: 138403 (156.7%)
Progress: 368100 / 234837 | Success: 229647 | Failed: 138453 (156.7%)
Progress: 368150 / 234837 | Success: 229647 | Failed: 138503 (156.8%)
Progress: 368200 / 234837 | Success: 229647 | Failed: 138553 (156.8%)
Progress: 368250 / 234837 | Success: 229647 | Failed: 138603 (156.8%)
Progress: 368300 / 234837 | Success: 229647 | Failed: 138653 (156.8%)
Progress: 368350 / 234837 | Success: 229647 | Failed: 138703 (156.9%)
Progress: 368400 / 234837 | Success: 229647 | Failed: 138753 (156.9%)
Progress: 368450 / 234837 | Success: 229647 | Failed: 138803 (156.9%)
Progress: 368500 / 234837 | Success: 229647 | Failed: 138853 (156.9%)
Progress: 368550 / 234837 | Success: 229647 | Failed: 138903 (156.9%)
Progress: 368600 / 234837 | Success: 229647 | Failed: 138953 (157.0%)
Progress: 368650 / 234837 | Success: 229647 | Failed: 139003 (157.0%)
Progress: 368700 / 234837 | Success: 229647 | Failed: 139053 (157.0%)
Progress: 368750 / 234837 | Success: 229647 | Failed: 139103 (157.0%)
Progress: 368800 / 234837 | Success: 229647 | Failed: 139153 (157.0%)
Progress: 368850 / 234837 | Success: 229647 | Failed: 139203 (157.1%)
Progress: 368900 / 234837 | Success: 229647 | Failed: 139253 (157.1%)
Progress: 368950 / 234837 | Success: 229647 | Failed: 139303 (157.1%)
Progress: 369000 / 234837 | Success: 229647 | Failed: 139353 (157.1%)
Progress: 369050 / 234837 | Success: 229647 | Failed: 139403 (157.2%)
Progress: 369100 / 234837 | Success: 229647 | Failed: 139453 (157.2%)
Progress: 369150 / 234837 | Success: 229647 | Failed: 139503 (157.2%)
Progress: 369200 / 234837 | Success: 229647 | Failed: 139553 (157.2%)
Progress: 369250 / 234837 | Success: 229647 | Failed: 139603 (157.2%)
Progress: 369300 / 234837 | Success: 229647 | Failed: 139653 (157.3%)
Progress: 369350 / 234837 | Success: 229647 | Failed: 139703 (157.3%)
Progress: 369400 / 234837 | Success: 229647 | Failed: 139753 (157.3%)
Progress: 369450 / 234837 | Success: 229647 | Failed: 139803 (157.3%)
Progress: 369500 / 234837 | Success: 229647 | Failed: 139853 (157.3%)
Progress: 369550 / 234837 | Success: 229647 | Failed: 139903 (157.4%)
Progress: 369600 / 234837 | Success: 229647 | Failed: 139953 (157.4%)
Progress: 369650 / 234837 | Success: 229647 | Failed: 140003 (157.4%)
Progress: 369700 / 234837 | Success: 229647 | Failed: 140053 (157.4%)
Progress: 369750 / 234837 | Success: 229647 | Failed: 140103 (157.4%)
Progress: 369800 / 234837 | Success: 229647 | Failed: 140153 (157.5%)
Progress: 369850 / 234837 | Success: 229647 | Failed: 140203 (157.5%)
Progress: 369900 / 234837 | Success: 229647 | Failed: 140253 (157.5%)
Progress: 369950 / 234837 | Success: 229647 | Failed: 140303 (157.5%)
Progress: 370000 / 234837 | Success: 229647 | Failed: 140353 (157.6%)
Progress: 370050 / 234837 | Success: 229647 | Failed: 140403 (157.6%)
Progress: 370100 / 234837 | Success: 229647 | Failed: 140453 (157.6%)
Progress: 370150 / 234837 | Success: 229647 | Failed: 140503 (157.6%)
Progress: 370200 / 234837 | Success: 229647 | Failed: 140553 (157.6%)
Progress: 370250 / 234837 | Success: 229647 | Failed: 140603 (157.7%)
Progress: 370300 / 234837 | Success: 229647 | Failed: 140653 (157.7%)
Progress: 370350 / 234837 | Success: 229647 | Failed: 140703 (157.7%)
Progress: 370400 / 234837 | Success: 229647 | Failed: 140753 (157.7%)
Progress: 370450 / 234837 | Success: 229647 | Failed: 140803 (157.7%)
Progress: 370500 / 234837 | Success: 229647 | Failed: 140853 (157.8%)
Progress: 370550 / 234837 | Success: 229647 | Failed: 140903 (157.8%)
Progress: 370600 / 234837 | Success: 229647 | Failed: 140953 (157.8%)
Progress: 370650 / 234837 | Success: 229647 | Failed: 141003 (157.8%)
Progress: 370700 / 234837 | Success: 229647 | Failed: 141053 (157.9%)
Progress: 370750 / 234837 | Success: 229647 | Failed: 141103 (157.9%)
Progress: 370800 / 234837 | Success: 229647 | Failed: 141153 (157.9%)
Progress: 370850 / 234837 | Success: 229647 | Failed: 141203 (157.9%)
Progress: 370900 / 234837 | Success: 229647 | Failed: 141253 (157.9%)
Progress: 370950 / 234837 | Success: 229647 | Failed: 141303 (158.0%)
Progress: 371000 / 234837 | Success: 229647 | Failed: 141353 (158.0%)
Progress: 371050 / 234837 | Success: 229647 | Failed: 141403 (158.0%)
Progress: 371100 / 234837 | Success: 229647 | Failed: 141453 (158.0%)
Progress: 371150 / 234837 | Success: 229647 | Failed: 141503 (158.0%)
Progress: 371200 / 234837 | Success: 229647 | Failed: 141553 (158.1%)
Progress: 371250 / 234837 | Success: 229647 | Failed: 141603 (158.1%)
Progress: 371300 / 234837 | Success: 229647 | Failed: 141653 (158.1%)
Progress: 371350 / 234837 | Success: 229647 | Failed: 141703 (158.1%)
Progress: 371400 / 234837 | Success: 229647 | Failed: 141753 (158.2%)
Progress: 371450 / 234837 | Success: 229647 | Failed: 141803 (158.2%)
Progress: 371500 / 234837 | Success: 229647 | Failed: 141853 (158.2%)
Progress: 371550 / 234837 | Success: 229647 | Failed: 141903 (158.2%)
Progress: 371600 / 234837 | Success: 229647 | Failed: 141953 (158.2%)
Progress: 371650 / 234837 | Success: 229647 | Failed: 142003 (158.3%)
Progress: 371700 / 234837 | Success: 229647 | Failed: 142053 (158.3%)
Progress: 371750 / 234837 | Success: 229647 | Failed: 142103 (158.3%)
Progress: 371800 / 234837 | Success: 229647 | Failed: 142153 (158.3%)
Progress: 371850 / 234837 | Success: 229647 | Failed: 142203 (158.3%)
Progress: 371900 / 234837 | Success: 229647 | Failed: 142253 (158.4%)
Progress: 371950 / 234837 | Success: 229647 | Failed: 142303 (158.4%)
Progress: 372000 / 234837 | Success: 229647 | Failed: 142353 (158.4%)
Progress: 372050 / 234837 | Success: 229647 | Failed: 142403 (158.4%)
Progress: 372100 / 234837 | Success: 229647 | Failed: 142453 (158.5%)
Progress: 372150 / 234837 | Success: 229647 | Failed: 142503 (158.5%)
Progress: 372200 / 234837 | Success: 229647 | Failed: 142553 (158.5%)
Progress: 372250 / 234837 | Success: 229647 | Failed: 142603 (158.5%)
Progress: 372300 / 234837 | Success: 229647 | Failed: 142653 (158.5%)
Progress: 372350 / 234837 | Success: 229647 | Failed: 142703 (158.6%)
Progress: 372400 / 234837 | Success: 229647 | Failed: 142753 (158.6%)
Progress: 372450 / 234837 | Success: 229647 | Failed: 142803 (158.6%)
Progress: 372500 / 234837 | Success: 229647 | Failed: 142853 (158.6%)
Progress: 372550 / 234837 | Success: 229647 | Failed: 142903 (158.6%)
Progress: 372600 / 234837 | Success: 229647 | Failed: 142953 (158.7%)
Progress: 372650 / 234837 | Success: 229647 | Failed: 143003 (158.7%)
Progress: 372700 / 234837 | Success: 229647 | Failed: 143053 (158.7%)
Progress: 372750 / 234837 | Success: 229647 | Failed: 143103 (158.7%)
Progress: 372800 / 234837 | Success: 229647 | Failed: 143153 (158.7%)
Progress: 372850 / 234837 | Success: 229647 | Failed: 143203 (158.8%)
Progress: 372900 / 234837 | Success: 229647 | Failed: 143253 (158.8%)
Progress: 372950 / 234837 | Success: 229647 | Failed: 143303 (158.8%)
Progress: 373000 / 234837 | Success: 229647 | Failed: 143353 (158.8%)
Progress: 373050 / 234837 | Success: 229647 | Failed: 143403 (158.9%)
Progress: 373100 / 234837 | Success: 229647 | Failed: 143453 (158.9%)
Progress: 373150 / 234837 | Success: 229647 | Failed: 143503 (158.9%)
Progress: 373200 / 234837 | Success: 229647 | Failed: 143553 (158.9%)
Progress: 373250 / 234837 | Success: 229647 | Failed: 143603 (158.9%)
Progress: 373300 / 234837 | Success: 229647 | Failed: 143653 (159.0%)
Progress: 373350 / 234837 | Success: 229647 | Failed: 143703 (159.0%)
Progress: 373400 / 234837 | Success: 229647 | Failed: 143753 (159.0%)
Progress: 373450 / 234837 | Success: 229647 | Failed: 143803 (159.0%)
Progress: 373500 / 234837 | Success: 229647 | Failed: 143853 (159.0%)
Progress: 373550 / 234837 | Success: 229647 | Failed: 143903 (159.1%)
Progress: 373600 / 234837 | Success: 229647 | Failed: 143953 (159.1%)
Progress: 373650 / 234837 | Success: 229647 | Failed: 144003 (159.1%)
Progress: 373700 / 234837 | Success: 229647 | Failed: 144053 (159.1%)
Progress: 373750 / 234837 | Success: 229647 | Failed: 144103 (159.2%)
Progress: 373800 / 234837 | Success: 229647 | Failed: 144153 (159.2%)
Progress: 373850 / 234837 | Success: 229647 | Failed: 144203 (159.2%)
Progress: 373900 / 234837 | Success: 229647 | Failed: 144253 (159.2%)
Progress: 373950 / 234837 | Success: 229647 | Failed: 144303 (159.2%)
Progress: 374000 / 234837 | Success: 229647 | Failed: 144353 (159.3%)
Progress: 374050 / 234837 | Success: 229647 | Failed: 144403 (159.3%)
Progress: 374100 / 234837 | Success: 229647 | Failed: 144453 (159.3%)
Progress: 374150 / 234837 | Success: 229647 | Failed: 144503 (159.3%)
Progress: 374200 / 234837 | Success: 229647 | Failed: 144553 (159.3%)
Progress: 374250 / 234837 | Success: 229647 | Failed: 144603 (159.4%)
Progress: 374300 / 234837 | Success: 229647 | Failed: 144653 (159.4%)
Progress: 374350 / 234837 | Success: 229647 | Failed: 144703 (159.4%)
Progress: 374400 / 234837 | Success: 229647 | Failed: 144753 (159.4%)
Progress: 374450 / 234837 | Success: 229647 | Failed: 144803 (159.5%)
Progress: 374500 / 234837 | Success: 229647 | Failed: 144853 (159.5%)
Progress: 374550 / 234837 | Success: 229647 | Failed: 144903 (159.5%)
Progress: 374600 / 234837 | Success: 229647 | Failed: 144953 (159.5%)
Progress: 374650 / 234837 | Success: 229647 | Failed: 145003 (159.5%)
Progress: 374700 / 234837 | Success: 229647 | Failed: 145053 (159.6%)
Progress: 374750 / 234837 | Success: 229647 | Failed: 145103 (159.6%)
Progress: 374800 / 234837 | Success: 229647 | Failed: 145153 (159.6%)
Progress: 374850 / 234837 | Success: 229647 | Failed: 145203 (159.6%)
Progress: 374900 / 234837 | Success: 229647 | Failed: 145253 (159.6%)
Progress: 374950 / 234837 | Success: 229647 | Failed: 145303 (159.7%)
Progress: 375000 / 234837 | Success: 229647 | Failed: 145353 (159.7%)
Progress: 375050 / 234837 | Success: 229647 | Failed: 145403 (159.7%)
Progress: 375100 / 234837 | Success: 229647 | Failed: 145453 (159.7%)
Progress: 375150 / 234837 | Success: 229647 | Failed: 145503 (159.7%)
Progress: 375200 / 234837 | Success: 229647 | Failed: 145553 (159.8%)
Progress: 375250 / 234837 | Success: 229647 | Failed: 145603 (159.8%)
Progress: 375300 / 234837 | Success: 229647 | Failed: 145653 (159.8%)
Progress: 375350 / 234837 | Success: 229647 | Failed: 145703 (159.8%)
Progress: 375400 / 234837 | Success: 229647 | Failed: 145753 (159.9%)
Progress: 375450 / 234837 | Success: 229647 | Failed: 145803 (159.9%)
Progress: 375500 / 234837 | Success: 229647 | Failed: 145853 (159.9%)
Progress: 375550 / 234837 | Success: 229647 | Failed: 145903 (159.9%)
Progress: 375600 / 234837 | Success: 229647 | Failed: 145953 (159.9%)
Progress: 375650 / 234837 | Success: 229647 | Failed: 146003 (160.0%)
Progress: 375700 / 234837 | Success: 229647 | Failed: 146053 (160.0%)
Progress: 375750 / 234837 | Success: 229647 | Failed: 146103 (160.0%)
Progress: 375800 / 234837 | Success: 229647 | Failed: 146153 (160.0%)
Progress: 375850 / 234837 | Success: 229647 | Failed: 146203 (160.0%)
Progress: 375900 / 234837 | Success: 229647 | Failed: 146253 (160.1%)
Progress: 375950 / 234837 | Success: 229647 | Failed: 146303 (160.1%)
Progress: 376000 / 234837 | Success: 229647 | Failed: 146353 (160.1%)
Progress: 376050 / 234837 | Success: 229647 | Failed: 146403 (160.1%)
Progress: 376100 / 234837 | Success: 229647 | Failed: 146453 (160.2%)
Progress: 376150 / 234837 | Success: 229647 | Failed: 146503 (160.2%)
Progress: 376200 / 234837 | Success: 229647 | Failed: 146553 (160.2%)
Progress: 376250 / 234837 | Success: 229647 | Failed: 146603 (160.2%)
Progress: 376300 / 234837 | Success: 229647 | Failed: 146653 (160.2%)
Progress: 376350 / 234837 | Success: 229647 | Failed: 146703 (160.3%)
Progress: 376400 / 234837 | Success: 229647 | Failed: 146753 (160.3%)
Progress: 376450 / 234837 | Success: 229647 | Failed: 146803 (160.3%)
Progress: 376500 / 234837 | Success: 229647 | Failed: 146853 (160.3%)
Progress: 376550 / 234837 | Success: 229647 | Failed: 146903 (160.3%)
Progress: 376600 / 234837 | Success: 229647 | Failed: 146953 (160.4%)
Progress: 376650 / 234837 | Success: 229647 | Failed: 147003 (160.4%)
Progress: 376700 / 234837 | Success: 229647 | Failed: 147053 (160.4%)
Progress: 376750 / 234837 | Success: 229647 | Failed: 147103 (160.4%)
Progress: 376800 / 234837 | Success: 229647 | Failed: 147153 (160.5%)
Progress: 376850 / 234837 | Success: 229647 | Failed: 147203 (160.5%)
Progress: 376900 / 234837 | Success: 229647 | Failed: 147253 (160.5%)
Progress: 376950 / 234837 | Success: 229647 | Failed: 147303 (160.5%)
Progress: 377000 / 234837 | Success: 229647 | Failed: 147353 (160.5%)
Progress: 377050 / 234837 | Success: 229647 | Failed: 147403 (160.6%)
Progress: 377100 / 234837 | Success: 229647 | Failed: 147453 (160.6%)
Progress: 377150 / 234837 | Success: 229647 | Failed: 147503 (160.6%)
Progress: 377200 / 234837 | Success: 229647 | Failed: 147553 (160.6%)
Progress: 377250 / 234837 | Success: 229647 | Failed: 147603 (160.6%)
Progress: 377300 / 234837 | Success: 229647 | Failed: 147653 (160.7%)
Progress: 377350 / 234837 | Success: 229647 | Failed: 147703 (160.7%)
Progress: 377400 / 234837 | Success: 229647 | Failed: 147753 (160.7%)
Progress: 377450 / 234837 | Success: 229647 | Failed: 147803 (160.7%)
Progress: 377500 / 234837 | Success: 229647 | Failed: 147853 (160.7%)
Progress: 377550 / 234837 | Success: 229647 | Failed: 147903 (160.8%)
Progress: 377600 / 234837 | Success: 229647 | Failed: 147953 (160.8%)
Progress: 377650 / 234837 | Success: 229647 | Failed: 148003 (160.8%)
Progress: 377700 / 234837 | Success: 229647 | Failed: 148053 (160.8%)
Progress: 377750 / 234837 | Success: 229647 | Failed: 148103 (160.9%)
Progress: 377800 / 234837 | Success: 229647 | Failed: 148153 (160.9%)
Progress: 377850 / 234837 | Success: 229647 | Failed: 148203 (160.9%)
Progress: 377900 / 234837 | Success: 229647 | Failed: 148253 (160.9%)
Progress: 377950 / 234837 | Success: 229647 | Failed: 148303 (160.9%)
Progress: 378000 / 234837 | Success: 229647 | Failed: 148353 (161.0%)
Progress: 378050 / 234837 | Success: 229647 | Failed: 148403 (161.0%)
Progress: 378100 / 234837 | Success: 229647 | Failed: 148453 (161.0%)
Progress: 378150 / 234837 | Success: 229647 | Failed: 148503 (161.0%)
Progress: 378200 / 234837 | Success: 229647 | Failed: 148553 (161.0%)
Progress: 378250 / 234837 | Success: 229647 | Failed: 148603 (161.1%)
Progress: 378300 / 234837 | Success: 229647 | Failed: 148653 (161.1%)
Progress: 378350 / 234837 | Success: 229647 | Failed: 148703 (161.1%)
Progress: 378400 / 234837 | Success: 229647 | Failed: 148753 (161.1%)
Progress: 378450 / 234837 | Success: 229647 | Failed: 148803 (161.2%)
Progress: 378500 / 234837 | Success: 229647 | Failed: 148853 (161.2%)
Progress: 378550 / 234837 | Success: 229647 | Failed: 148903 (161.2%)
Progress: 378600 / 234837 | Success: 229647 | Failed: 148953 (161.2%)
Progress: 378650 / 234837 | Success: 229647 | Failed: 149003 (161.2%)
Progress: 378700 / 234837 | Success: 229647 | Failed: 149053 (161.3%)
Progress: 378750 / 234837 | Success: 229647 | Failed: 149103 (161.3%)
Progress: 378800 / 234837 | Success: 229647 | Failed: 149153 (161.3%)
Progress: 378850 / 234837 | Success: 229647 | Failed: 149203 (161.3%)
Progress: 378900 / 234837 | Success: 229647 | Failed: 149253 (161.3%)
Progress: 378950 / 234837 | Success: 229647 | Failed: 149303 (161.4%)
Progress: 379000 / 234837 | Success: 229647 | Failed: 149353 (161.4%)
Progress: 379050 / 234837 | Success: 229647 | Failed: 149403 (161.4%)
Progress: 379100 / 234837 | Success: 229647 | Failed: 149453 (161.4%)
Progress: 379150 / 234837 | Success: 229647 | Failed: 149503 (161.5%)
Progress: 379200 / 234837 | Success: 229647 | Failed: 149553 (161.5%)
Progress: 379250 / 234837 | Success: 229647 | Failed: 149603 (161.5%)
Progress: 379300 / 234837 | Success: 229647 | Failed: 149653 (161.5%)
Progress: 379350 / 234837 | Success: 229647 | Failed: 149703 (161.5%)
Progress: 379400 / 234837 | Success: 229647 | Failed: 149753 (161.6%)
Progress: 379450 / 234837 | Success: 229647 | Failed: 149803 (161.6%)
Progress: 379500 / 234837 | Success: 229647 | Failed: 149853 (161.6%)
Progress: 379550 / 234837 | Success: 229647 | Failed: 149903 (161.6%)
Progress: 379600 / 234837 | Success: 229647 | Failed: 149953 (161.6%)
Progress: 379650 / 234837 | Success: 229647 | Failed: 150003 (161.7%)
Progress: 379700 / 234837 | Success: 229647 | Failed: 150053 (161.7%)
Progress: 379750 / 234837 | Success: 229647 | Failed: 150103 (161.7%)
Progress: 379800 / 234837 | Success: 229647 | Failed: 150153 (161.7%)
Progress: 379850 / 234837 | Success: 229647 | Failed: 150203 (161.8%)
Progress: 379900 / 234837 | Success: 229647 | Failed: 150253 (161.8%)
Progress: 379950 / 234837 | Success: 229647 | Failed: 150303 (161.8%)
Progress: 380000 / 234837 | Success: 229647 | Failed: 150353 (161.8%)
Progress: 380050 / 234837 | Success: 229647 | Failed: 150403 (161.8%)
Progress: 380100 / 234837 | Success: 229647 | Failed: 150453 (161.9%)
Progress: 380150 / 234837 | Success: 229647 | Failed: 150503 (161.9%)
Progress: 380200 / 234837 | Success: 229647 | Failed: 150553 (161.9%)
Progress: 380250 / 234837 | Success: 229647 | Failed: 150603 (161.9%)
Progress: 380300 / 234837 | Success: 229647 | Failed: 150653 (161.9%)
Progress: 380350 / 234837 | Success: 229647 | Failed: 150703 (162.0%)
Progress: 380400 / 234837 | Success: 229647 | Failed: 150753 (162.0%)
Progress: 380450 / 234837 | Success: 229647 | Failed: 150803 (162.0%)
Progress: 380500 / 234837 | Success: 229647 | Failed: 150853 (162.0%)
Progress: 380550 / 234837 | Success: 229647 | Failed: 150903 (162.0%)
Progress: 380600 / 234837 | Success: 229647 | Failed: 150953 (162.1%)
Progress: 380650 / 234837 | Success: 229647 | Failed: 151003 (162.1%)
Progress: 380700 / 234837 | Success: 229647 | Failed: 151053 (162.1%)
Progress: 380750 / 234837 | Success: 229647 | Failed: 151103 (162.1%)
Progress: 380800 / 234837 | Success: 229647 | Failed: 151153 (162.2%)
Progress: 380850 / 234837 | Success: 229647 | Failed: 151203 (162.2%)
Progress: 380900 / 234837 | Success: 229647 | Failed: 151253 (162.2%)
Progress: 380950 / 234837 | Success: 229647 | Failed: 151303 (162.2%)
Progress: 381000 / 234837 | Success: 229647 | Failed: 151353 (162.2%)
Progress: 381050 / 234837 | Success: 229647 | Failed: 151403 (162.3%)
Progress: 381100 / 234837 | Success: 229647 | Failed: 151453 (162.3%)
Progress: 381150 / 234837 | Success: 229647 | Failed: 151503 (162.3%)
Progress: 381200 / 234837 | Success: 229647 | Failed: 151553 (162.3%)
Progress: 381250 / 234837 | Success: 229647 | Failed: 151603 (162.3%)
Progress: 381300 / 234837 | Success: 229647 | Failed: 151653 (162.4%)
Progress: 381350 / 234837 | Success: 229647 | Failed: 151703 (162.4%)
Progress: 381400 / 234837 | Success: 229647 | Failed: 151753 (162.4%)
Progress: 381450 / 234837 | Success: 229647 | Failed: 151803 (162.4%)
Progress: 381500 / 234837 | Success: 229647 | Failed: 151853 (162.5%)
Progress: 381550 / 234837 | Success: 229647 | Failed: 151903 (162.5%)
Progress: 381600 / 234837 | Success: 229647 | Failed: 151953 (162.5%)
Progress: 381650 / 234837 | Success: 229647 | Failed: 152003 (162.5%)
Progress: 381700 / 234837 | Success: 229647 | Failed: 152053 (162.5%)
Progress: 381750 / 234837 | Success: 229647 | Failed: 152103 (162.6%)
Progress: 381800 / 234837 | Success: 229647 | Failed: 152153 (162.6%)
Progress: 381850 / 234837 | Success: 229647 | Failed: 152203 (162.6%)
Progress: 381900 / 234837 | Success: 229647 | Failed: 152253 (162.6%)
Progress: 381950 / 234837 | Success: 229647 | Failed: 152303 (162.6%)
Progress: 382000 / 234837 | Success: 229647 | Failed: 152353 (162.7%)
Progress: 382050 / 234837 | Success: 229647 | Failed: 152403 (162.7%)
Progress: 382100 / 234837 | Success: 229647 | Failed: 152453 (162.7%)
Progress: 382150 / 234837 | Success: 229647 | Failed: 152503 (162.7%)
Progress: 382200 / 234837 | Success: 229647 | Failed: 152553 (162.8%)
Progress: 382250 / 234837 | Success: 229647 | Failed: 152603 (162.8%)
Progress: 382300 / 234837 | Success: 229647 | Failed: 152653 (162.8%)
Progress: 382350 / 234837 | Success: 229647 | Failed: 152703 (162.8%)
Progress: 382400 / 234837 | Success: 229647 | Failed: 152753 (162.8%)
Progress: 382450 / 234837 | Success: 229647 | Failed: 152803 (162.9%)
Progress: 382500 / 234837 | Success: 229647 | Failed: 152853 (162.9%)
Progress: 382550 / 234837 | Success: 229647 | Failed: 152903 (162.9%)
Progress: 382600 / 234837 | Success: 229647 | Failed: 152953 (162.9%)
Progress: 382650 / 234837 | Success: 229647 | Failed: 153003 (162.9%)
Progress: 382700 / 234837 | Success: 229647 | Failed: 153053 (163.0%)
Progress: 382750 / 234837 | Success: 229647 | Failed: 153103 (163.0%)
Progress: 382800 / 234837 | Success: 229647 | Failed: 153153 (163.0%)
Progress: 382850 / 234837 | Success: 229647 | Failed: 153203 (163.0%)
Progress: 382900 / 234837 | Success: 229647 | Failed: 153253 (163.0%)
Progress: 382950 / 234837 | Success: 229647 | Failed: 153303 (163.1%)
Progress: 383000 / 234837 | Success: 229647 | Failed: 153353 (163.1%)
Progress: 383050 / 234837 | Success: 229647 | Failed: 153403 (163.1%)
Progress: 383100 / 234837 | Success: 229647 | Failed: 153453 (163.1%)
Progress: 383150 / 234837 | Success: 229647 | Failed: 153503 (163.2%)
Progress: 383200 / 234837 | Success: 229647 | Failed: 153553 (163.2%)
Progress: 383250 / 234837 | Success: 229647 | Failed: 153603 (163.2%)
Progress: 383300 / 234837 | Success: 229647 | Failed: 153653 (163.2%)
Progress: 383350 / 234837 | Success: 229647 | Failed: 153703 (163.2%)
Progress: 383400 / 234837 | Success: 229647 | Failed: 153753 (163.3%)
Progress: 383450 / 234837 | Success: 229647 | Failed: 153803 (163.3%)
Progress: 383500 / 234837 | Success: 229647 | Failed: 153853 (163.3%)
Progress: 383550 / 234837 | Success: 229647 | Failed: 153903 (163.3%)
Progress: 383600 / 234837 | Success: 229647 | Failed: 153953 (163.3%)
Progress: 383650 / 234837 | Success: 229647 | Failed: 154003 (163.4%)
Progress: 383700 / 234837 | Success: 229647 | Failed: 154053 (163.4%)
Progress: 383750 / 234837 | Success: 229647 | Failed: 154103 (163.4%)
Progress: 383800 / 234837 | Success: 229647 | Failed: 154153 (163.4%)
Progress: 383850 / 234837 | Success: 229647 | Failed: 154203 (163.5%)
Progress: 383900 / 234837 | Success: 229647 | Failed: 154253 (163.5%)
Progress: 383950 / 234837 | Success: 229647 | Failed: 154303 (163.5%)
Progress: 384000 / 234837 | Success: 229647 | Failed: 154353 (163.5%)
Progress: 384050 / 234837 | Success: 229647 | Failed: 154403 (163.5%)
Progress: 384100 / 234837 | Success: 229647 | Failed: 154453 (163.6%)
Progress: 384150 / 234837 | Success: 229647 | Failed: 154503 (163.6%)
Progress: 384200 / 234837 | Success: 229647 | Failed: 154553 (163.6%)
Progress: 384250 / 234837 | Success: 229647 | Failed: 154603 (163.6%)
Progress: 384300 / 234837 | Success: 229647 | Failed: 154653 (163.6%)
Progress: 384350 / 234837 | Success: 229647 | Failed: 154703 (163.7%)
Progress: 384400 / 234837 | Success: 229647 | Failed: 154753 (163.7%)
Progress: 384450 / 234837 | Success: 229647 | Failed: 154803 (163.7%)
Progress: 384500 / 234837 | Success: 229647 | Failed: 154853 (163.7%)
Progress: 384550 / 234837 | Success: 229647 | Failed: 154903 (163.8%)
Progress: 384600 / 234837 | Success: 229647 | Failed: 154953 (163.8%)
Progress: 384650 / 234837 | Success: 229647 | Failed: 155003 (163.8%)
Progress: 384700 / 234837 | Success: 229647 | Failed: 155053 (163.8%)
Progress: 384750 / 234837 | Success: 229647 | Failed: 155103 (163.8%)
Progress: 384800 / 234837 | Success: 229647 | Failed: 155153 (163.9%)
Progress: 384850 / 234837 | Success: 229647 | Failed: 155203 (163.9%)
Progress: 384900 / 234837 | Success: 229647 | Failed: 155253 (163.9%)
Progress: 384950 / 234837 | Success: 229647 | Failed: 155303 (163.9%)
Progress: 385000 / 234837 | Success: 229647 | Failed: 155353 (163.9%)
Progress: 385050 / 234837 | Success: 229647 | Failed: 155403 (164.0%)
Progress: 385100 / 234837 | Success: 229647 | Failed: 155453 (164.0%)
Progress: 385150 / 234837 | Success: 229647 | Failed: 155503 (164.0%)
Progress: 385200 / 234837 | Success: 229647 | Failed: 155553 (164.0%)
Progress: 385250 / 234837 | Success: 229647 | Failed: 155603 (164.0%)
Progress: 385300 / 234837 | Success: 229647 | Failed: 155653 (164.1%)
Progress: 385350 / 234837 | Success: 229647 | Failed: 155703 (164.1%)
Progress: 385400 / 234837 | Success: 229647 | Failed: 155753 (164.1%)
Progress: 385450 / 234837 | Success: 229647 | Failed: 155803 (164.1%)
Progress: 385500 / 234837 | Success: 229647 | Failed: 155853 (164.2%)
Progress: 385550 / 234837 | Success: 229647 | Failed: 155903 (164.2%)
Progress: 385600 / 234837 | Success: 229647 | Failed: 155953 (164.2%)
Progress: 385650 / 234837 | Success: 229647 | Failed: 156003 (164.2%)
Progress: 385700 / 234837 | Success: 229647 | Failed: 156053 (164.2%)
Progress: 385750 / 234837 | Success: 229647 | Failed: 156103 (164.3%)
Progress: 385800 / 234837 | Success: 229647 | Failed: 156153 (164.3%)
Progress: 385850 / 234837 | Success: 229647 | Failed: 156203 (164.3%)
Progress: 385900 / 234837 | Success: 229647 | Failed: 156253 (164.3%)
Progress: 385950 / 234837 | Success: 229647 | Failed: 156303 (164.3%)
Progress: 386000 / 234837 | Success: 229647 | Failed: 156353 (164.4%)
Progress: 386050 / 234837 | Success: 229647 | Failed: 156403 (164.4%)
Progress: 386100 / 234837 | Success: 229647 | Failed: 156453 (164.4%)
Progress: 386150 / 234837 | Success: 229647 | Failed: 156503 (164.4%)
Progress: 386200 / 234837 | Success: 229647 | Failed: 156553 (164.5%)
Progress: 386250 / 234837 | Success: 229647 | Failed: 156603 (164.5%)
Progress: 386300 / 234837 | Success: 229647 | Failed: 156653 (164.5%)
Progress: 386350 / 234837 | Success: 229647 | Failed: 156703 (164.5%)
Progress: 386400 / 234837 | Success: 229647 | Failed: 156753 (164.5%)
Progress: 386450 / 234837 | Success: 229647 | Failed: 156803 (164.6%)
Progress: 386500 / 234837 | Success: 229647 | Failed: 156853 (164.6%)
Progress: 386550 / 234837 | Success: 229647 | Failed: 156903 (164.6%)
Progress: 386600 / 234837 | Success: 229647 | Failed: 156953 (164.6%)
Progress: 386650 / 234837 | Success: 229647 | Failed: 157003 (164.6%)
Progress: 386700 / 234837 | Success: 229647 | Failed: 157053 (164.7%)
Progress: 386750 / 234837 | Success: 229647 | Failed: 157103 (164.7%)
Progress: 386800 / 234837 | Success: 229647 | Failed: 157153 (164.7%)
Progress: 386850 / 234837 | Success: 229647 | Failed: 157203 (164.7%)
Progress: 386900 / 234837 | Success: 229647 | Failed: 157253 (164.8%)
Progress: 386950 / 234837 | Success: 229647 | Failed: 157303 (164.8%)
Progress: 387000 / 234837 | Success: 229647 | Failed: 157353 (164.8%)
Progress: 387050 / 234837 | Success: 229647 | Failed: 157403 (164.8%)
Progress: 387100 / 234837 | Success: 229647 | Failed: 157453 (164.8%)
Progress: 387150 / 234837 | Success: 229647 | Failed: 157503 (164.9%)
Progress: 387200 / 234837 | Success: 229647 | Failed: 157553 (164.9%)
Progress: 387250 / 234837 | Success: 229647 | Failed: 157603 (164.9%)
Progress: 387300 / 234837 | Success: 229647 | Failed: 157653 (164.9%)
Progress: 387350 / 234837 | Success: 229647 | Failed: 157703 (164.9%)
Progress: 387400 / 234837 | Success: 229647 | Failed: 157753 (165.0%)
Progress: 387450 / 234837 | Success: 229647 | Failed: 157803 (165.0%)
Progress: 387500 / 234837 | Success: 229647 | Failed: 157853 (165.0%)
Progress: 387550 / 234837 | Success: 229647 | Failed: 157903 (165.0%)
Progress: 387600 / 234837 | Success: 229647 | Failed: 157953 (165.1%)
Progress: 387650 / 234837 | Success: 229647 | Failed: 158003 (165.1%)
Progress: 387700 / 234837 | Success: 229647 | Failed: 158053 (165.1%)
Progress: 387750 / 234837 | Success: 229647 | Failed: 158103 (165.1%)
Progress: 387800 / 234837 | Success: 229647 | Failed: 158153 (165.1%)
Progress: 387850 / 234837 | Success: 229647 | Failed: 158203 (165.2%)
Progress: 387900 / 234837 | Success: 229647 | Failed: 158253 (165.2%)
Progress: 387950 / 234837 | Success: 229647 | Failed: 158303 (165.2%)
Progress: 388000 / 234837 | Success: 229647 | Failed: 158353 (165.2%)
Progress: 388050 / 234837 | Success: 229647 | Failed: 158403 (165.2%)
Progress: 388100 / 234837 | Success: 229647 | Failed: 158453 (165.3%)
Progress: 388150 / 234837 | Success: 229647 | Failed: 158503 (165.3%)
Progress: 388200 / 234837 | Success: 229647 | Failed: 158553 (165.3%)
Progress: 388250 / 234837 | Success: 229647 | Failed: 158603 (165.3%)
Progress: 388300 / 234837 | Success: 229647 | Failed: 158653 (165.3%)
Progress: 388350 / 234837 | Success: 229647 | Failed: 158703 (165.4%)
Progress: 388400 / 234837 | Success: 229647 | Failed: 158753 (165.4%)
Progress: 388450 / 234837 | Success: 229647 | Failed: 158803 (165.4%)
Progress: 388500 / 234837 | Success: 229647 | Failed: 158853 (165.4%)
Progress: 388550 / 234837 | Success: 229647 | Failed: 158903 (165.5%)
Progress: 388600 / 234837 | Success: 229647 | Failed: 158953 (165.5%)
Progress: 388650 / 234837 | Success: 229647 | Failed: 159003 (165.5%)
Progress: 388700 / 234837 | Success: 229647 | Failed: 159053 (165.5%)
Progress: 388750 / 234837 | Success: 229647 | Failed: 159103 (165.5%)
Progress: 388800 / 234837 | Success: 229647 | Failed: 159153 (165.6%)
Progress: 388850 / 234837 | Success: 229647 | Failed: 159203 (165.6%)
Progress: 388900 / 234837 | Success: 229647 | Failed: 159253 (165.6%)
Progress: 388950 / 234837 | Success: 229647 | Failed: 159303 (165.6%)
Progress: 389000 / 234837 | Success: 229647 | Failed: 159353 (165.6%)
Progress: 389050 / 234837 | Success: 229647 | Failed: 159403 (165.7%)
Progress: 389100 / 234837 | Success: 229647 | Failed: 159453 (165.7%)
Progress: 389150 / 234837 | Success: 229647 | Failed: 159503 (165.7%)
Progress: 389200 / 234837 | Success: 229647 | Failed: 159553 (165.7%)
Progress: 389250 / 234837 | Success: 229647 | Failed: 159603 (165.8%)
Progress: 389300 / 234837 | Success: 229647 | Failed: 159653 (165.8%)
Progress: 389350 / 234837 | Success: 229647 | Failed: 159703 (165.8%)
Progress: 389400 / 234837 | Success: 229647 | Failed: 159753 (165.8%)
Progress: 389450 / 234837 | Success: 229647 | Failed: 159803 (165.8%)
Progress: 389500 / 234837 | Success: 229647 | Failed: 159853 (165.9%)
Progress: 389550 / 234837 | Success: 229647 | Failed: 159903 (165.9%)
Progress: 389600 / 234837 | Success: 229647 | Failed: 159953 (165.9%)
Progress: 389650 / 234837 | Success: 229647 | Failed: 160003 (165.9%)
Progress: 389700 / 234837 | Success: 229647 | Failed: 160053 (165.9%)
Progress: 389750 / 234837 | Success: 229647 | Failed: 160103 (166.0%)
Progress: 389800 / 234837 | Success: 229647 | Failed: 160153 (166.0%)
Progress: 389850 / 234837 | Success: 229647 | Failed: 160203 (166.0%)
Progress: 389900 / 234837 | Success: 229647 | Failed: 160253 (166.0%)
Progress: 389950 / 234837 | Success: 229647 | Failed: 160303 (166.1%)
Progress: 390000 / 234837 | Success: 229647 | Failed: 160353 (166.1%)
Progress: 390050 / 234837 | Success: 229647 | Failed: 160403 (166.1%)
Progress: 390100 / 234837 | Success: 229647 | Failed: 160453 (166.1%)
Progress: 390150 / 234837 | Success: 229647 | Failed: 160503 (166.1%)
Progress: 390200 / 234837 | Success: 229647 | Failed: 160553 (166.2%)
Progress: 390250 / 234837 | Success: 229647 | Failed: 160603 (166.2%)
Progress: 390300 / 234837 | Success: 229647 | Failed: 160653 (166.2%)
Progress: 390350 / 234837 | Success: 229647 | Failed: 160703 (166.2%)
Progress: 390400 / 234837 | Success: 229647 | Failed: 160753 (166.2%)
Progress: 390450 / 234837 | Success: 229647 | Failed: 160803 (166.3%)
Progress: 390500 / 234837 | Success: 229647 | Failed: 160853 (166.3%)
Progress: 390550 / 234837 | Success: 229647 | Failed: 160903 (166.3%)
Progress: 390600 / 234837 | Success: 229647 | Failed: 160953 (166.3%)
Progress: 390650 / 234837 | Success: 229647 | Failed: 161003 (166.3%)
Progress: 390700 / 234837 | Success: 229647 | Failed: 161053 (166.4%)
Progress: 390750 / 234837 | Success: 229647 | Failed: 161103 (166.4%)
Progress: 390800 / 234837 | Success: 229647 | Failed: 161153 (166.4%)
Progress: 390850 / 234837 | Success: 229647 | Failed: 161203 (166.4%)
Progress: 390900 / 234837 | Success: 229647 | Failed: 161253 (166.5%)
Progress: 390950 / 234837 | Success: 229647 | Failed: 161303 (166.5%)
Progress: 391000 / 234837 | Success: 229647 | Failed: 161353 (166.5%)
Progress: 391050 / 234837 | Success: 229647 | Failed: 161403 (166.5%)
Progress: 391100 / 234837 | Success: 229647 | Failed: 161453 (166.5%)
Progress: 391150 / 234837 | Success: 229647 | Failed: 161503 (166.6%)
Progress: 391200 / 234837 | Success: 229647 | Failed: 161553 (166.6%)
Progress: 391250 / 234837 | Success: 229647 | Failed: 161603 (166.6%)
Progress: 391300 / 234837 | Success: 229647 | Failed: 161653 (166.6%)
Progress: 391350 / 234837 | Success: 229647 | Failed: 161703 (166.6%)
Progress: 391400 / 234837 | Success: 229647 | Failed: 161753 (166.7%)
Progress: 391450 / 234837 | Success: 229647 | Failed: 161803 (166.7%)
Progress: 391500 / 234837 | Success: 229647 | Failed: 161853 (166.7%)
Progress: 391550 / 234837 | Success: 229647 | Failed: 161903 (166.7%)
Progress: 391600 / 234837 | Success: 229647 | Failed: 161953 (166.8%)
Progress: 391650 / 234837 | Success: 229647 | Failed: 162003 (166.8%)
Progress: 391700 / 234837 | Success: 229647 | Failed: 162053 (166.8%)
Progress: 391750 / 234837 | Success: 229647 | Failed: 162103 (166.8%)
Progress: 391800 / 234837 | Success: 229647 | Failed: 162153 (166.8%)
Progress: 391850 / 234837 | Success: 229647 | Failed: 162203 (166.9%)
Progress: 391900 / 234837 | Success: 229647 | Failed: 162253 (166.9%)
Progress: 391950 / 234837 | Success: 229647 | Failed: 162303 (166.9%)
Progress: 392000 / 234837 | Success: 229647 | Failed: 162353 (166.9%)
Progress: 392050 / 234837 | Success: 229647 | Failed: 162403 (166.9%)
Progress: 392100 / 234837 | Success: 229647 | Failed: 162453 (167.0%)
Progress: 392150 / 234837 | Success: 229647 | Failed: 162503 (167.0%)
Progress: 392200 / 234837 | Success: 229647 | Failed: 162553 (167.0%)
Progress: 392250 / 234837 | Success: 229647 | Failed: 162603 (167.0%)
Progress: 392300 / 234837 | Success: 229647 | Failed: 162653 (167.1%)
Progress: 392350 / 234837 | Success: 229647 | Failed: 162703 (167.1%)
Progress: 392400 / 234837 | Success: 229647 | Failed: 162753 (167.1%)
Progress: 392450 / 234837 | Success: 229647 | Failed: 162803 (167.1%)
Progress: 392500 / 234837 | Success: 229647 | Failed: 162853 (167.1%)
Progress: 392550 / 234837 | Success: 229647 | Failed: 162903 (167.2%)
Progress: 392600 / 234837 | Success: 229647 | Failed: 162953 (167.2%)
Progress: 392650 / 234837 | Success: 229647 | Failed: 163003 (167.2%)
Progress: 392700 / 234837 | Success: 229647 | Failed: 163053 (167.2%)
Progress: 392750 / 234837 | Success: 229647 | Failed: 163103 (167.2%)
Progress: 392800 / 234837 | Success: 229647 | Failed: 163153 (167.3%)
Progress: 392850 / 234837 | Success: 229647 | Failed: 163203 (167.3%)
Progress: 392900 / 234837 | Success: 229647 | Failed: 163253 (167.3%)
Progress: 392950 / 234837 | Success: 229647 | Failed: 163303 (167.3%)
Progress: 393000 / 234837 | Success: 229647 | Failed: 163353 (167.4%)
Progress: 393050 / 234837 | Success: 229647 | Failed: 163403 (167.4%)
Progress: 393100 / 234837 | Success: 229647 | Failed: 163453 (167.4%)
Progress: 393150 / 234837 | Success: 229647 | Failed: 163503 (167.4%)
Progress: 393200 / 234837 | Success: 229647 | Failed: 163553 (167.4%)
Progress: 393250 / 234837 | Success: 229647 | Failed: 163603 (167.5%)
Progress: 393300 / 234837 | Success: 229647 | Failed: 163653 (167.5%)
Progress: 393350 / 234837 | Success: 229647 | Failed: 163703 (167.5%)
Progress: 393400 / 234837 | Success: 229647 | Failed: 163753 (167.5%)
Progress: 393450 / 234837 | Success: 229647 | Failed: 163803 (167.5%)
Progress: 393500 / 234837 | Success: 229647 | Failed: 163853 (167.6%)
Progress: 393550 / 234837 | Success: 229647 | Failed: 163903 (167.6%)
Progress: 393600 / 234837 | Success: 229647 | Failed: 163953 (167.6%)
Progress: 393650 / 234837 | Success: 229647 | Failed: 164003 (167.6%)
Progress: 393700 / 234837 | Success: 229647 | Failed: 164053 (167.6%)
Progress: 393750 / 234837 | Success: 229647 | Failed: 164103 (167.7%)
Progress: 393800 / 234837 | Success: 229647 | Failed: 164153 (167.7%)
Progress: 393850 / 234837 | Success: 229647 | Failed: 164203 (167.7%)
Progress: 393900 / 234837 | Success: 229647 | Failed: 164253 (167.7%)
Progress: 393950 / 234837 | Success: 229647 | Failed: 164303 (167.8%)
Progress: 394000 / 234837 | Success: 229647 | Failed: 164353 (167.8%)
Progress: 394050 / 234837 | Success: 229647 | Failed: 164403 (167.8%)
Progress: 394100 / 234837 | Success: 229647 | Failed: 164453 (167.8%)
Progress: 394150 / 234837 | Success: 229647 | Failed: 164503 (167.8%)
Progress: 394200 / 234837 | Success: 229647 | Failed: 164553 (167.9%)
Progress: 394250 / 234837 | Success: 229647 | Failed: 164603 (167.9%)
Progress: 394300 / 234837 | Success: 229647 | Failed: 164653 (167.9%)
Progress: 394350 / 234837 | Success: 229647 | Failed: 164703 (167.9%)
Progress: 394400 / 234837 | Success: 229647 | Failed: 164753 (167.9%)
Progress: 394450 / 234837 | Success: 229647 | Failed: 164803 (168.0%)
Progress: 394500 / 234837 | Success: 229647 | Failed: 164853 (168.0%)
Progress: 394550 / 234837 | Success: 229647 | Failed: 164903 (168.0%)
Progress: 394600 / 234837 | Success: 229647 | Failed: 164953 (168.0%)
Progress: 394650 / 234837 | Success: 229647 | Failed: 165003 (168.1%)
Progress: 394700 / 234837 | Success: 229647 | Failed: 165053 (168.1%)
Progress: 394750 / 234837 | Success: 229647 | Failed: 165103 (168.1%)
Progress: 394800 / 234837 | Success: 229647 | Failed: 165153 (168.1%)
Progress: 394850 / 234837 | Success: 229647 | Failed: 165203 (168.1%)
Progress: 394900 / 234837 | Success: 229647 | Failed: 165253 (168.2%)
Progress: 394950 / 234837 | Success: 229647 | Failed: 165303 (168.2%)
Progress: 395000 / 234837 | Success: 229647 | Failed: 165353 (168.2%)
Progress: 395050 / 234837 | Success: 229647 | Failed: 165403 (168.2%)
Progress: 395100 / 234837 | Success: 229647 | Failed: 165453 (168.2%)
Progress: 395150 / 234837 | Success: 229647 | Failed: 165503 (168.3%)
Progress: 395200 / 234837 | Success: 229647 | Failed: 165553 (168.3%)
Progress: 395250 / 234837 | Success: 229647 | Failed: 165603 (168.3%)
Progress: 395300 / 234837 | Success: 229647 | Failed: 165653 (168.3%)
Progress: 395350 / 234837 | Success: 229647 | Failed: 165703 (168.4%)
Progress: 395400 / 234837 | Success: 229647 | Failed: 165753 (168.4%)
Progress: 395450 / 234837 | Success: 229647 | Failed: 165803 (168.4%)
Progress: 395500 / 234837 | Success: 229647 | Failed: 165853 (168.4%)
Progress: 395550 / 234837 | Success: 229647 | Failed: 165903 (168.4%)
Progress: 395600 / 234837 | Success: 229647 | Failed: 165953 (168.5%)
Progress: 395650 / 234837 | Success: 229647 | Failed: 166003 (168.5%)
Progress: 395700 / 234837 | Success: 229647 | Failed: 166053 (168.5%)
Progress: 395750 / 234837 | Success: 229647 | Failed: 166103 (168.5%)
Progress: 395800 / 234837 | Success: 229647 | Failed: 166153 (168.5%)
Progress: 395850 / 234837 | Success: 229647 | Failed: 166203 (168.6%)
Progress: 395900 / 234837 | Success: 229647 | Failed: 166253 (168.6%)
Progress: 395950 / 234837 | Success: 229647 | Failed: 166303 (168.6%)
Progress: 396000 / 234837 | Success: 229647 | Failed: 166353 (168.6%)
Progress: 396050 / 234837 | Success: 229647 | Failed: 166403 (168.6%)
Progress: 396100 / 234837 | Success: 229647 | Failed: 166453 (168.7%)
Progress: 396150 / 234837 | Success: 229647 | Failed: 166503 (168.7%)
Progress: 396200 / 234837 | Success: 229647 | Failed: 166553 (168.7%)
Progress: 396250 / 234837 | Success: 229647 | Failed: 166603 (168.7%)
Progress: 396300 / 234837 | Success: 229647 | Failed: 166653 (168.8%)
Progress: 396350 / 234837 | Success: 229647 | Failed: 166703 (168.8%)
Progress: 396400 / 234837 | Success: 229647 | Failed: 166753 (168.8%)
Progress: 396450 / 234837 | Success: 229647 | Failed: 166803 (168.8%)
Progress: 396500 / 234837 | Success: 229647 | Failed: 166853 (168.8%)
Progress: 396550 / 234837 | Success: 229647 | Failed: 166903 (168.9%)
Progress: 396600 / 234837 | Success: 229647 | Failed: 166953 (168.9%)
Progress: 396650 / 234837 | Success: 229647 | Failed: 167003 (168.9%)
Progress: 396700 / 234837 | Success: 229647 | Failed: 167053 (168.9%)
Progress: 396750 / 234837 | Success: 229647 | Failed: 167103 (168.9%)
Progress: 396800 / 234837 | Success: 229647 | Failed: 167153 (169.0%)
Progress: 396850 / 234837 | Success: 229647 | Failed: 167203 (169.0%)
Progress: 396900 / 234837 | Success: 229647 | Failed: 167253 (169.0%)
Progress: 396950 / 234837 | Success: 229647 | Failed: 167303 (169.0%)
Progress: 397000 / 234837 | Success: 229647 | Failed: 167353 (169.1%)
Progress: 397050 / 234837 | Success: 229647 | Failed: 167403 (169.1%)
Progress: 397100 / 234837 | Success: 229647 | Failed: 167453 (169.1%)
Progress: 397150 / 234837 | Success: 229647 | Failed: 167503 (169.1%)
Progress: 397200 / 234837 | Success: 229647 | Failed: 167553 (169.1%)
Progress: 397250 / 234837 | Success: 229647 | Failed: 167603 (169.2%)
Progress: 397300 / 234837 | Success: 229647 | Failed: 167653 (169.2%)
Progress: 397350 / 234837 | Success: 229647 | Failed: 167703 (169.2%)
Progress: 397400 / 234837 | Success: 229647 | Failed: 167753 (169.2%)
Progress: 397450 / 234837 | Success: 229647 | Failed: 167803 (169.2%)
Progress: 397500 / 234837 | Success: 229647 | Failed: 167853 (169.3%)
Progress: 397550 / 234837 | Success: 229647 | Failed: 167903 (169.3%)
Progress: 397600 / 234837 | Success: 229647 | Failed: 167953 (169.3%)
Progress: 397650 / 234837 | Success: 229647 | Failed: 168003 (169.3%)
Progress: 397700 / 234837 | Success: 229647 | Failed: 168053 (169.4%)
Progress: 397750 / 234837 | Success: 229647 | Failed: 168103 (169.4%)
Progress: 397800 / 234837 | Success: 229647 | Failed: 168153 (169.4%)
Progress: 397850 / 234837 | Success: 229647 | Failed: 168203 (169.4%)
Progress: 397900 / 234837 | Success: 229647 | Failed: 168253 (169.4%)
Progress: 397950 / 234837 | Success: 229647 | Failed: 168303 (169.5%)
Progress: 398000 / 234837 | Success: 229647 | Failed: 168353 (169.5%)
Progress: 398050 / 234837 | Success: 229647 | Failed: 168403 (169.5%)
Progress: 398100 / 234837 | Success: 229647 | Failed: 168453 (169.5%)
Progress: 398150 / 234837 | Success: 229647 | Failed: 168503 (169.5%)
Progress: 398200 / 234837 | Success: 229647 | Failed: 168553 (169.6%)
Progress: 398250 / 234837 | Success: 229647 | Failed: 168603 (169.6%)
Progress: 398300 / 234837 | Success: 229647 | Failed: 168653 (169.6%)
Progress: 398350 / 234837 | Success: 229647 | Failed: 168703 (169.6%)
Progress: 398400 / 234837 | Success: 229647 | Failed: 168753 (169.6%)
Progress: 398450 / 234837 | Success: 229647 | Failed: 168803 (169.7%)
Progress: 398500 / 234837 | Success: 229647 | Failed: 168853 (169.7%)
Progress: 398550 / 234837 | Success: 229647 | Failed: 168903 (169.7%)
Progress: 398600 / 234837 | Success: 229647 | Failed: 168953 (169.7%)
Progress: 398650 / 234837 | Success: 229647 | Failed: 169003 (169.8%)
Progress: 398700 / 234837 | Success: 229647 | Failed: 169053 (169.8%)
Progress: 398750 / 234837 | Success: 229647 | Failed: 169103 (169.8%)
Progress: 398800 / 234837 | Success: 229647 | Failed: 169153 (169.8%)
Progress: 398850 / 234837 | Success: 229647 | Failed: 169203 (169.8%)
Progress: 398900 / 234837 | Success: 229647 | Failed: 169253 (169.9%)
Progress: 398950 / 234837 | Success: 229647 | Failed: 169303 (169.9%)
Progress: 399000 / 234837 | Success: 229647 | Failed: 169353 (169.9%)
Progress: 399050 / 234837 | Success: 229647 | Failed: 169403 (169.9%)
Progress: 399100 / 234837 | Success: 229647 | Failed: 169453 (169.9%)
Progress: 399150 / 234837 | Success: 229647 | Failed: 169503 (170.0%)
Progress: 399200 / 234837 | Success: 229647 | Failed: 169553 (170.0%)
Progress: 399250 / 234837 | Success: 229647 | Failed: 169603 (170.0%)
Progress: 399300 / 234837 | Success: 229647 | Failed: 169653 (170.0%)
Progress: 399350 / 234837 | Success: 229647 | Failed: 169703 (170.1%)
Progress: 399400 / 234837 | Success: 229647 | Failed: 169753 (170.1%)
Progress: 399450 / 234837 | Success: 229647 | Failed: 169803 (170.1%)
Progress: 399500 / 234837 | Success: 229647 | Failed: 169853 (170.1%)
Progress: 399550 / 234837 | Success: 229647 | Failed: 169903 (170.1%)
Progress: 399600 / 234837 | Success: 229647 | Failed: 169953 (170.2%)
Progress: 399650 / 234837 | Success: 229647 | Failed: 170003 (170.2%)
Progress: 399700 / 234837 | Success: 229647 | Failed: 170053 (170.2%)
Progress: 399750 / 234837 | Success: 229647 | Failed: 170103 (170.2%)
Progress: 399800 / 234837 | Success: 229647 | Failed: 170153 (170.2%)
Progress: 399850 / 234837 | Success: 229647 | Failed: 170203 (170.3%)
Progress: 399900 / 234837 | Success: 229647 | Failed: 170253 (170.3%)
Progress: 399950 / 234837 | Success: 229647 | Failed: 170303 (170.3%)
Progress: 400000 / 234837 | Success: 229647 | Failed: 170353 (170.3%)
Progress: 400050 / 234837 | Success: 229647 | Failed: 170403 (170.4%)
Progress: 400100 / 234837 | Success: 229647 | Failed: 170453 (170.4%)
Progress: 400150 / 234837 | Success: 229647 | Failed: 170503 (170.4%)
Progress: 400200 / 234837 | Success: 229647 | Failed: 170553 (170.4%)
Progress: 400250 / 234837 | Success: 229647 | Failed: 170603 (170.4%)
Progress: 400300 / 234837 | Success: 229647 | Failed: 170653 (170.5%)
Progress: 400350 / 234837 | Success: 229647 | Failed: 170703 (170.5%)
Progress: 400400 / 234837 | Success: 229647 | Failed: 170753 (170.5%)
Progress: 400450 / 234837 | Success: 229647 | Failed: 170803 (170.5%)
Progress: 400500 / 234837 | Success: 229647 | Failed: 170853 (170.5%)
Progress: 400550 / 234837 | Success: 229647 | Failed: 170903 (170.6%)
Progress: 400600 / 234837 | Success: 229647 | Failed: 170953 (170.6%)
Progress: 400650 / 234837 | Success: 229647 | Failed: 171003 (170.6%)
Progress: 400700 / 234837 | Success: 229647 | Failed: 171053 (170.6%)
Progress: 400750 / 234837 | Success: 229647 | Failed: 171103 (170.7%)
Progress: 400800 / 234837 | Success: 229647 | Failed: 171153 (170.7%)
Progress: 400850 / 234837 | Success: 229647 | Failed: 171203 (170.7%)
Progress: 400900 / 234837 | Success: 229647 | Failed: 171253 (170.7%)
Progress: 400950 / 234837 | Success: 229647 | Failed: 171303 (170.7%)
Progress: 401000 / 234837 | Success: 229647 | Failed: 171353 (170.8%)
Progress: 401050 / 234837 | Success: 229647 | Failed: 171403 (170.8%)
Progress: 401100 / 234837 | Success: 229647 | Failed: 171453 (170.8%)
Progress: 401150 / 234837 | Success: 229647 | Failed: 171503 (170.8%)
Progress: 401200 / 234837 | Success: 229647 | Failed: 171553 (170.8%)
Progress: 401250 / 234837 | Success: 229647 | Failed: 171603 (170.9%)
Progress: 401300 / 234837 | Success: 229647 | Failed: 171653 (170.9%)
Progress: 401350 / 234837 | Success: 229647 | Failed: 171703 (170.9%)
Progress: 401400 / 234837 | Success: 229647 | Failed: 171753 (170.9%)
Progress: 401450 / 234837 | Success: 229647 | Failed: 171803 (170.9%)
Progress: 401500 / 234837 | Success: 229647 | Failed: 171853 (171.0%)
Progress: 401550 / 234837 | Success: 229647 | Failed: 171903 (171.0%)
Progress: 401600 / 234837 | Success: 229647 | Failed: 171953 (171.0%)
Progress: 401650 / 234837 | Success: 229647 | Failed: 172003 (171.0%)
Progress: 401700 / 234837 | Success: 229647 | Failed: 172053 (171.1%)
Progress: 401750 / 234837 | Success: 229647 | Failed: 172103 (171.1%)
Progress: 401800 / 234837 | Success: 229647 | Failed: 172153 (171.1%)
Progress: 401850 / 234837 | Success: 229647 | Failed: 172203 (171.1%)
Progress: 401900 / 234837 | Success: 229647 | Failed: 172253 (171.1%)
Progress: 401950 / 234837 | Success: 229647 | Failed: 172303 (171.2%)
Progress: 402000 / 234837 | Success: 229647 | Failed: 172353 (171.2%)
Progress: 402050 / 234837 | Success: 229647 | Failed: 172403 (171.2%)
Progress: 402100 / 234837 | Success: 229647 | Failed: 172453 (171.2%)
Progress: 402150 / 234837 | Success: 229647 | Failed: 172503 (171.2%)
Progress: 402200 / 234837 | Success: 229647 | Failed: 172553 (171.3%)
Progress: 402250 / 234837 | Success: 229647 | Failed: 172603 (171.3%)
Progress: 402300 / 234837 | Success: 229647 | Failed: 172653 (171.3%)
Progress: 402350 / 234837 | Success: 229647 | Failed: 172703 (171.3%)
Progress: 402400 / 234837 | Success: 229647 | Failed: 172753 (171.4%)
Progress: 402450 / 234837 | Success: 229647 | Failed: 172803 (171.4%)
Progress: 402500 / 234837 | Success: 229647 | Failed: 172853 (171.4%)
Progress: 402550 / 234837 | Success: 229647 | Failed: 172903 (171.4%)
Progress: 402600 / 234837 | Success: 229647 | Failed: 172953 (171.4%)
Progress: 402650 / 234837 | Success: 229647 | Failed: 173003 (171.5%)
Progress: 402700 / 234837 | Success: 229647 | Failed: 173053 (171.5%)
Progress: 402750 / 234837 | Success: 229647 | Failed: 173103 (171.5%)
Progress: 402800 / 234837 | Success: 229647 | Failed: 173153 (171.5%)
Progress: 402850 / 234837 | Success: 229647 | Failed: 173203 (171.5%)
Progress: 402900 / 234837 | Success: 229647 | Failed: 173253 (171.6%)
Progress: 402950 / 234837 | Success: 229647 | Failed: 173303 (171.6%)
Progress: 403000 / 234837 | Success: 229647 | Failed: 173353 (171.6%)
Progress: 403050 / 234837 | Success: 229647 | Failed: 173403 (171.6%)
Progress: 403100 / 234837 | Success: 229647 | Failed: 173453 (171.7%)
Progress: 403150 / 234837 | Success: 229647 | Failed: 173503 (171.7%)
Progress: 403200 / 234837 | Success: 229647 | Failed: 173553 (171.7%)
Progress: 403250 / 234837 | Success: 229647 | Failed: 173603 (171.7%)
Progress: 403300 / 234837 | Success: 229647 | Failed: 173653 (171.7%)
Progress: 403350 / 234837 | Success: 229647 | Failed: 173703 (171.8%)
Progress: 403400 / 234837 | Success: 229647 | Failed: 173753 (171.8%)
Progress: 403450 / 234837 | Success: 229647 | Failed: 173803 (171.8%)
Progress: 403500 / 234837 | Success: 229647 | Failed: 173853 (171.8%)
Progress: 403550 / 234837 | Success: 229647 | Failed: 173903 (171.8%)
Progress: 403600 / 234837 | Success: 229647 | Failed: 173953 (171.9%)
Progress: 403650 / 234837 | Success: 229647 | Failed: 174003 (171.9%)
Progress: 403700 / 234837 | Success: 229647 | Failed: 174053 (171.9%)
Progress: 403750 / 234837 | Success: 229647 | Failed: 174103 (171.9%)
Progress: 403800 / 234837 | Success: 229647 | Failed: 174153 (171.9%)
Progress: 403850 / 234837 | Success: 229647 | Failed: 174203 (172.0%)
Progress: 403900 / 234837 | Success: 229647 | Failed: 174253 (172.0%)
Progress: 403950 / 234837 | Success: 229647 | Failed: 174303 (172.0%)
Progress: 404000 / 234837 | Success: 229647 | Failed: 174353 (172.0%)
Progress: 404050 / 234837 | Success: 229647 | Failed: 174403 (172.1%)
Progress: 404100 / 234837 | Success: 229647 | Failed: 174453 (172.1%)
Progress: 404150 / 234837 | Success: 229647 | Failed: 174503 (172.1%)
Progress: 404200 / 234837 | Success: 229647 | Failed: 174553 (172.1%)
Progress: 404250 / 234837 | Success: 229647 | Failed: 174603 (172.1%)
Progress: 404300 / 234837 | Success: 229647 | Failed: 174653 (172.2%)
Progress: 404350 / 234837 | Success: 229647 | Failed: 174703 (172.2%)
Progress: 404400 / 234837 | Success: 229647 | Failed: 174753 (172.2%)
Progress: 404450 / 234837 | Success: 229647 | Failed: 174803 (172.2%)
Progress: 404500 / 234837 | Success: 229647 | Failed: 174853 (172.2%)
Progress: 404550 / 234837 | Success: 229647 | Failed: 174903 (172.3%)
Progress: 404600 / 234837 | Success: 229647 | Failed: 174953 (172.3%)
Progress: 404650 / 234837 | Success: 229647 | Failed: 175003 (172.3%)
Progress: 404700 / 234837 | Success: 229647 | Failed: 175053 (172.3%)
Progress: 404750 / 234837 | Success: 229647 | Failed: 175103 (172.4%)
Progress: 404800 / 234837 | Success: 229647 | Failed: 175153 (172.4%)
Progress: 404850 / 234837 | Success: 229647 | Failed: 175203 (172.4%)
Progress: 404900 / 234837 | Success: 229647 | Failed: 175253 (172.4%)
Progress: 404950 / 234837 | Success: 229647 | Failed: 175303 (172.4%)
Progress: 405000 / 234837 | Success: 229647 | Failed: 175353 (172.5%)
Progress: 405050 / 234837 | Success: 229647 | Failed: 175403 (172.5%)
Progress: 405100 / 234837 | Success: 229647 | Failed: 175453 (172.5%)
Progress: 405150 / 234837 | Success: 229647 | Failed: 175503 (172.5%)
Progress: 405200 / 234837 | Success: 229647 | Failed: 175553 (172.5%)
Progress: 405250 / 234837 | Success: 229647 | Failed: 175603 (172.6%)
Progress: 405300 / 234837 | Success: 229647 | Failed: 175653 (172.6%)
Progress: 405350 / 234837 | Success: 229647 | Failed: 175703 (172.6%)
Progress: 405400 / 234837 | Success: 229647 | Failed: 175753 (172.6%)
Progress: 405450 / 234837 | Success: 229647 | Failed: 175803 (172.7%)
Progress: 405500 / 234837 | Success: 229647 | Failed: 175853 (172.7%)
Progress: 405550 / 234837 | Success: 229647 | Failed: 175903 (172.7%)
Progress: 405600 / 234837 | Success: 229647 | Failed: 175953 (172.7%)
Progress: 405650 / 234837 | Success: 229647 | Failed: 176003 (172.7%)
Progress: 405700 / 234837 | Success: 229647 | Failed: 176053 (172.8%)
Progress: 405750 / 234837 | Success: 229647 | Failed: 176103 (172.8%)
Progress: 405800 / 234837 | Success: 229647 | Failed: 176153 (172.8%)
Progress: 405850 / 234837 | Success: 229647 | Failed: 176203 (172.8%)
Progress: 405900 / 234837 | Success: 229647 | Failed: 176253 (172.8%)
Progress: 405950 / 234837 | Success: 229647 | Failed: 176303 (172.9%)
Progress: 406000 / 234837 | Success: 229647 | Failed: 176353 (172.9%)
Progress: 406050 / 234837 | Success: 229647 | Failed: 176403 (172.9%)
Progress: 406100 / 234837 | Success: 229647 | Failed: 176453 (172.9%)
Progress: 406150 / 234837 | Success: 229647 | Failed: 176503 (172.9%)
Progress: 406200 / 234837 | Success: 229647 | Failed: 176553 (173.0%)
Progress: 406250 / 234837 | Success: 229647 | Failed: 176603 (173.0%)
Progress: 406300 / 234837 | Success: 229647 | Failed: 176653 (173.0%)
Progress: 406350 / 234837 | Success: 229647 | Failed: 176703 (173.0%)
Progress: 406400 / 234837 | Success: 229647 | Failed: 176753 (173.1%)
Progress: 406450 / 234837 | Success: 229647 | Failed: 176803 (173.1%)
Progress: 406500 / 234837 | Success: 229647 | Failed: 176853 (173.1%)
Progress: 406550 / 234837 | Success: 229647 | Failed: 176903 (173.1%)
Progress: 406600 / 234837 | Success: 229647 | Failed: 176953 (173.1%)
Progress: 406650 / 234837 | Success: 229647 | Failed: 177003 (173.2%)
Progress: 406700 / 234837 | Success: 229647 | Failed: 177053 (173.2%)
Progress: 406750 / 234837 | Success: 229647 | Failed: 177103 (173.2%)
Progress: 406800 / 234837 | Success: 229647 | Failed: 177153 (173.2%)
Progress: 406850 / 234837 | Success: 229647 | Failed: 177203 (173.2%)
Progress: 406900 / 234837 | Success: 229647 | Failed: 177253 (173.3%)
Progress: 406950 / 234837 | Success: 229647 | Failed: 177303 (173.3%)
Progress: 407000 / 234837 | Success: 229647 | Failed: 177353 (173.3%)
Progress: 407050 / 234837 | Success: 229647 | Failed: 177403 (173.3%)
Progress: 407100 / 234837 | Success: 229647 | Failed: 177453 (173.4%)
Progress: 407150 / 234837 | Success: 229647 | Failed: 177503 (173.4%)
Progress: 407200 / 234837 | Success: 229647 | Failed: 177553 (173.4%)
Progress: 407250 / 234837 | Success: 229647 | Failed: 177603 (173.4%)
Progress: 407300 / 234837 | Success: 229647 | Failed: 177653 (173.4%)
Progress: 407350 / 234837 | Success: 229647 | Failed: 177703 (173.5%)
Progress: 407400 / 234837 | Success: 229647 | Failed: 177753 (173.5%)
Progress: 407450 / 234837 | Success: 229647 | Failed: 177803 (173.5%)
Progress: 407500 / 234837 | Success: 229647 | Failed: 177853 (173.5%)
Progress: 407550 / 234837 | Success: 229647 | Failed: 177903 (173.5%)
Progress: 407600 / 234837 | Success: 229647 | Failed: 177953 (173.6%)
Progress: 407650 / 234837 | Success: 229647 | Failed: 178003 (173.6%)
Progress: 407700 / 234837 | Success: 229647 | Failed: 178053 (173.6%)
Progress: 407750 / 234837 | Success: 229647 | Failed: 178103 (173.6%)
Progress: 407800 / 234837 | Success: 229647 | Failed: 178153 (173.7%)
Progress: 407850 / 234837 | Success: 229647 | Failed: 178203 (173.7%)
Progress: 407900 / 234837 | Success: 229647 | Failed: 178253 (173.7%)
Progress: 407950 / 234837 | Success: 229647 | Failed: 178303 (173.7%)
Progress: 408000 / 234837 | Success: 229647 | Failed: 178353 (173.7%)
Progress: 408050 / 234837 | Success: 229647 | Failed: 178403 (173.8%)
Progress: 408100 / 234837 | Success: 229647 | Failed: 178453 (173.8%)
Progress: 408150 / 234837 | Success: 229647 | Failed: 178503 (173.8%)
Progress: 408200 / 234837 | Success: 229647 | Failed: 178553 (173.8%)
Progress: 408250 / 234837 | Success: 229647 | Failed: 178603 (173.8%)
Progress: 408300 / 234837 | Success: 229647 | Failed: 178653 (173.9%)
Progress: 408350 / 234837 | Success: 229647 | Failed: 178703 (173.9%)
Progress: 408400 / 234837 | Success: 229647 | Failed: 178753 (173.9%)
Progress: 408450 / 234837 | Success: 229647 | Failed: 178803 (173.9%)
Progress: 408500 / 234837 | Success: 229647 | Failed: 178853 (174.0%)
Progress: 408550 / 234837 | Success: 229647 | Failed: 178903 (174.0%)
Progress: 408600 / 234837 | Success: 229647 | Failed: 178953 (174.0%)
Progress: 408650 / 234837 | Success: 229647 | Failed: 179003 (174.0%)
Progress: 408700 / 234837 | Success: 229647 | Failed: 179053 (174.0%)
Progress: 408750 / 234837 | Success: 229647 | Failed: 179103 (174.1%)
Progress: 408800 / 234837 | Success: 229647 | Failed: 179153 (174.1%)
Progress: 408850 / 234837 | Success: 229647 | Failed: 179203 (174.1%)
Progress: 408900 / 234837 | Success: 229647 | Failed: 179253 (174.1%)
Progress: 408950 / 234837 | Success: 229647 | Failed: 179303 (174.1%)
Progress: 409000 / 234837 | Success: 229647 | Failed: 179353 (174.2%)
Progress: 409050 / 234837 | Success: 229647 | Failed: 179403 (174.2%)
Progress: 409100 / 234837 | Success: 229647 | Failed: 179453 (174.2%)
Progress: 409150 / 234837 | Success: 229647 | Failed: 179503 (174.2%)
Progress: 409200 / 234837 | Success: 229647 | Failed: 179553 (174.2%)
Progress: 409250 / 234837 | Success: 229647 | Failed: 179603 (174.3%)
Progress: 409300 / 234837 | Success: 229647 | Failed: 179653 (174.3%)
Progress: 409350 / 234837 | Success: 229647 | Failed: 179703 (174.3%)
Progress: 409400 / 234837 | Success: 229647 | Failed: 179753 (174.3%)
Progress: 409450 / 234837 | Success: 229647 | Failed: 179803 (174.4%)
Progress: 409500 / 234837 | Success: 229647 | Failed: 179853 (174.4%)
Progress: 409550 / 234837 | Success: 229647 | Failed: 179903 (174.4%)
Progress: 409600 / 234837 | Success: 229647 | Failed: 179953 (174.4%)
Progress: 409650 / 234837 | Success: 229647 | Failed: 180003 (174.4%)
Progress: 409700 / 234837 | Success: 229647 | Failed: 180053 (174.5%)
Progress: 409750 / 234837 | Success: 229647 | Failed: 180103 (174.5%)
Progress: 409800 / 234837 | Success: 229647 | Failed: 180153 (174.5%)
Progress: 409850 / 234837 | Success: 229647 | Failed: 180203 (174.5%)
Progress: 409900 / 234837 | Success: 229647 | Failed: 180253 (174.5%)
Progress: 409950 / 234837 | Success: 229647 | Failed: 180303 (174.6%)
Progress: 410000 / 234837 | Success: 229647 | Failed: 180353 (174.6%)
Progress: 410050 / 234837 | Success: 229647 | Failed: 180403 (174.6%)
Progress: 410100 / 234837 | Success: 229647 | Failed: 180453 (174.6%)
Progress: 410150 / 234837 | Success: 229647 | Failed: 180503 (174.7%)
Progress: 410200 / 234837 | Success: 229647 | Failed: 180553 (174.7%)
Progress: 410250 / 234837 | Success: 229647 | Failed: 180603 (174.7%)
Progress: 410300 / 234837 | Success: 229647 | Failed: 180653 (174.7%)
Progress: 410350 / 234837 | Success: 229647 | Failed: 180703 (174.7%)
Progress: 410400 / 234837 | Success: 229647 | Failed: 180753 (174.8%)
Progress: 410450 / 234837 | Success: 229647 | Failed: 180803 (174.8%)
Progress: 410500 / 234837 | Success: 229647 | Failed: 180853 (174.8%)
Progress: 410550 / 234837 | Success: 229647 | Failed: 180903 (174.8%)
Progress: 410600 / 234837 | Success: 229647 | Failed: 180953 (174.8%)
Progress: 410650 / 234837 | Success: 229647 | Failed: 181003 (174.9%)
Progress: 410700 / 234837 | Success: 229647 | Failed: 181053 (174.9%)
Progress: 410750 / 234837 | Success: 229647 | Failed: 181103 (174.9%)
Progress: 410800 / 234837 | Success: 229647 | Failed: 181153 (174.9%)
Progress: 410850 / 234837 | Success: 229647 | Failed: 181203 (175.0%)
Progress: 410900 / 234837 | Success: 229647 | Failed: 181253 (175.0%)
Progress: 410950 / 234837 | Success: 229647 | Failed: 181303 (175.0%)
Progress: 411000 / 234837 | Success: 229647 | Failed: 181353 (175.0%)
Progress: 411050 / 234837 | Success: 229647 | Failed: 181403 (175.0%)
Progress: 411100 / 234837 | Success: 229647 | Failed: 181453 (175.1%)
Progress: 411150 / 234837 | Success: 229647 | Failed: 181503 (175.1%)
Progress: 411200 / 234837 | Success: 229647 | Failed: 181553 (175.1%)
Progress: 411250 / 234837 | Success: 229647 | Failed: 181603 (175.1%)
Progress: 411300 / 234837 | Success: 229647 | Failed: 181653 (175.1%)
Progress: 411350 / 234837 | Success: 229647 | Failed: 181703 (175.2%)
Progress: 411400 / 234837 | Success: 229647 | Failed: 181753 (175.2%)
Progress: 411450 / 234837 | Success: 229647 | Failed: 181803 (175.2%)
Progress: 411500 / 234837 | Success: 229647 | Failed: 181853 (175.2%)
Progress: 411550 / 234837 | Success: 229647 | Failed: 181903 (175.2%)
Progress: 411600 / 234837 | Success: 229647 | Failed: 181953 (175.3%)
Progress: 411650 / 234837 | Success: 229647 | Failed: 182003 (175.3%)
Progress: 411700 / 234837 | Success: 229647 | Failed: 182053 (175.3%)
Progress: 411750 / 234837 | Success: 229647 | Failed: 182103 (175.3%)
Progress: 411800 / 234837 | Success: 229647 | Failed: 182153 (175.4%)
Progress: 411850 / 234837 | Success: 229647 | Failed: 182203 (175.4%)
Progress: 411900 / 234837 | Success: 229647 | Failed: 182253 (175.4%)
Progress: 411950 / 234837 | Success: 229647 | Failed: 182303 (175.4%)
Progress: 412000 / 234837 | Success: 229647 | Failed: 182353 (175.4%)
Progress: 412050 / 234837 | Success: 229647 | Failed: 182403 (175.5%)
Progress: 412100 / 234837 | Success: 229647 | Failed: 182453 (175.5%)
Progress: 412150 / 234837 | Success: 229647 | Failed: 182503 (175.5%)
Progress: 412200 / 234837 | Success: 229647 | Failed: 182553 (175.5%)
Progress: 412250 / 234837 | Success: 229647 | Failed: 182603 (175.5%)
Progress: 412300 / 234837 | Success: 229647 | Failed: 182653 (175.6%)
Progress: 412350 / 234837 | Success: 229647 | Failed: 182703 (175.6%)
Progress: 412400 / 234837 | Success: 229647 | Failed: 182753 (175.6%)
Progress: 412450 / 234837 | Success: 229647 | Failed: 182803 (175.6%)
Progress: 412500 / 234837 | Success: 229647 | Failed: 182853 (175.7%)
Progress: 412550 / 234837 | Success: 229647 | Failed: 182903 (175.7%)
Progress: 412600 / 234837 | Success: 229647 | Failed: 182953 (175.7%)
Progress: 412650 / 234837 | Success: 229647 | Failed: 183003 (175.7%)
Progress: 412700 / 234837 | Success: 229647 | Failed: 183053 (175.7%)
Progress: 412750 / 234837 | Success: 229647 | Failed: 183103 (175.8%)
Progress: 412800 / 234837 | Success: 229647 | Failed: 183153 (175.8%)
Progress: 412850 / 234837 | Success: 229647 | Failed: 183203 (175.8%)
Progress: 412900 / 234837 | Success: 229647 | Failed: 183253 (175.8%)
Progress: 412950 / 234837 | Success: 229647 | Failed: 183303 (175.8%)
Progress: 413000 / 234837 | Success: 229647 | Failed: 183353 (175.9%)
Progress: 413050 / 234837 | Success: 229647 | Failed: 183403 (175.9%)
Progress: 413100 / 234837 | Success: 229647 | Failed: 183453 (175.9%)
Progress: 413150 / 234837 | Success: 229647 | Failed: 183503 (175.9%)
Progress: 413200 / 234837 | Success: 229647 | Failed: 183553 (176.0%)
Progress: 413250 / 234837 | Success: 229647 | Failed: 183603 (176.0%)
Progress: 413300 / 234837 | Success: 229647 | Failed: 183653 (176.0%)
Progress: 413350 / 234837 | Success: 229647 | Failed: 183703 (176.0%)
Progress: 413400 / 234837 | Success: 229647 | Failed: 183753 (176.0%)
Progress: 413450 / 234837 | Success: 229647 | Failed: 183803 (176.1%)
Progress: 413500 / 234837 | Success: 229647 | Failed: 183853 (176.1%)
Progress: 413550 / 234837 | Success: 229647 | Failed: 183903 (176.1%)
Progress: 413600 / 234837 | Success: 229647 | Failed: 183953 (176.1%)
Progress: 413650 / 234837 | Success: 229647 | Failed: 184003 (176.1%)
Progress: 413700 / 234837 | Success: 229647 | Failed: 184053 (176.2%)
Progress: 413750 / 234837 | Success: 229647 | Failed: 184103 (176.2%)
Progress: 413800 / 234837 | Success: 229647 | Failed: 184153 (176.2%)
Progress: 413850 / 234837 | Success: 229647 | Failed: 184203 (176.2%)
Progress: 413900 / 234837 | Success: 229647 | Failed: 184253 (176.2%)
Progress: 413950 / 234837 | Success: 229647 | Failed: 184303 (176.3%)
Progress: 414000 / 234837 | Success: 229647 | Failed: 184353 (176.3%)
Progress: 414050 / 234837 | Success: 229647 | Failed: 184403 (176.3%)
Progress: 414100 / 234837 | Success: 229647 | Failed: 184453 (176.3%)
Progress: 414150 / 234837 | Success: 229647 | Failed: 184503 (176.4%)
Progress: 414200 / 234837 | Success: 229647 | Failed: 184553 (176.4%)
Progress: 414250 / 234837 | Success: 229647 | Failed: 184603 (176.4%)
Progress: 414300 / 234837 | Success: 229647 | Failed: 184653 (176.4%)
Progress: 414350 / 234837 | Success: 229647 | Failed: 184703 (176.4%)
Progress: 414400 / 234837 | Success: 229647 | Failed: 184753 (176.5%)
Progress: 414450 / 234837 | Success: 229647 | Failed: 184803 (176.5%)
Progress: 414500 / 234837 | Success: 229647 | Failed: 184853 (176.5%)
Progress: 414550 / 234837 | Success: 229647 | Failed: 184903 (176.5%)
Progress: 414600 / 234837 | Success: 229647 | Failed: 184953 (176.5%)
Progress: 414650 / 234837 | Success: 229647 | Failed: 185003 (176.6%)
Progress: 414700 / 234837 | Success: 229647 | Failed: 185053 (176.6%)
Progress: 414750 / 234837 | Success: 229647 | Failed: 185103 (176.6%)
Progress: 414800 / 234837 | Success: 229647 | Failed: 185153 (176.6%)
Progress: 414850 / 234837 | Success: 229647 | Failed: 185203 (176.7%)
Progress: 414900 / 234837 | Success: 229647 | Failed: 185253 (176.7%)
Progress: 414950 / 234837 | Success: 229647 | Failed: 185303 (176.7%)
Progress: 415000 / 234837 | Success: 229647 | Failed: 185353 (176.7%)
Progress: 415050 / 234837 | Success: 229647 | Failed: 185403 (176.7%)
Progress: 415100 / 234837 | Success: 229647 | Failed: 185453 (176.8%)
Progress: 415150 / 234837 | Success: 229647 | Failed: 185503 (176.8%)
Progress: 415200 / 234837 | Success: 229647 | Failed: 185553 (176.8%)
Progress: 415250 / 234837 | Success: 229647 | Failed: 185603 (176.8%)
Progress: 415300 / 234837 | Success: 229647 | Failed: 185653 (176.8%)
Progress: 415350 / 234837 | Success: 229647 | Failed: 185703 (176.9%)
Progress: 415400 / 234837 | Success: 229647 | Failed: 185753 (176.9%)
Progress: 415450 / 234837 | Success: 229647 | Failed: 185803 (176.9%)
Progress: 415500 / 234837 | Success: 229647 | Failed: 185853 (176.9%)
Progress: 415550 / 234837 | Success: 229647 | Failed: 185903 (177.0%)
Progress: 415600 / 234837 | Success: 229647 | Failed: 185953 (177.0%)
Progress: 415650 / 234837 | Success: 229647 | Failed: 186003 (177.0%)
Progress: 415700 / 234837 | Success: 229647 | Failed: 186053 (177.0%)
Progress: 415750 / 234837 | Success: 229647 | Failed: 186103 (177.0%)
Progress: 415800 / 234837 | Success: 229647 | Failed: 186153 (177.1%)
Progress: 415850 / 234837 | Success: 229647 | Failed: 186203 (177.1%)
Progress: 415900 / 234837 | Success: 229647 | Failed: 186253 (177.1%)
Progress: 415950 / 234837 | Success: 229647 | Failed: 186303 (177.1%)
Progress: 416000 / 234837 | Success: 229647 | Failed: 186353 (177.1%)
Progress: 416050 / 234837 | Success: 229647 | Failed: 186403 (177.2%)
Progress: 416100 / 234837 | Success: 229647 | Failed: 186453 (177.2%)
Progress: 416150 / 234837 | Success: 229647 | Failed: 186503 (177.2%)
Progress: 416200 / 234837 | Success: 229647 | Failed: 186553 (177.2%)
Progress: 416250 / 234837 | Success: 229647 | Failed: 186603 (177.3%)
Progress: 416300 / 234837 | Success: 229647 | Failed: 186653 (177.3%)
Progress: 416350 / 234837 | Success: 229647 | Failed: 186703 (177.3%)
Progress: 416400 / 234837 | Success: 229647 | Failed: 186753 (177.3%)
Progress: 416450 / 234837 | Success: 229647 | Failed: 186803 (177.3%)
Progress: 416500 / 234837 | Success: 229647 | Failed: 186853 (177.4%)
Progress: 416550 / 234837 | Success: 229647 | Failed: 186903 (177.4%)
Progress: 416600 / 234837 | Success: 229647 | Failed: 186953 (177.4%)
Progress: 416650 / 234837 | Success: 229647 | Failed: 187003 (177.4%)
Progress: 416700 / 234837 | Success: 229647 | Failed: 187053 (177.4%)
Progress: 416750 / 234837 | Success: 229647 | Failed: 187103 (177.5%)
Progress: 416800 / 234837 | Success: 229647 | Failed: 187153 (177.5%)
Progress: 416850 / 234837 | Success: 229647 | Failed: 187203 (177.5%)
Progress: 416900 / 234837 | Success: 229647 | Failed: 187253 (177.5%)
Progress: 416950 / 234837 | Success: 229647 | Failed: 187303 (177.5%)
Progress: 417000 / 234837 | Success: 229647 | Failed: 187353 (177.6%)
Progress: 417050 / 234837 | Success: 229647 | Failed: 187403 (177.6%)
Progress: 417100 / 234837 | Success: 229647 | Failed: 187453 (177.6%)
Progress: 417150 / 234837 | Success: 229647 | Failed: 187503 (177.6%)
Progress: 417200 / 234837 | Success: 229647 | Failed: 187553 (177.7%)
Progress: 417250 / 234837 | Success: 229647 | Failed: 187603 (177.7%)
Progress: 417300 / 234837 | Success: 229647 | Failed: 187653 (177.7%)
Progress: 417350 / 234837 | Success: 229647 | Failed: 187703 (177.7%)
Progress: 417400 / 234837 | Success: 229647 | Failed: 187753 (177.7%)
Progress: 417450 / 234837 | Success: 229647 | Failed: 187803 (177.8%)
Progress: 417500 / 234837 | Success: 229647 | Failed: 187853 (177.8%)
Progress: 417550 / 234837 | Success: 229647 | Failed: 187903 (177.8%)
Progress: 417600 / 234837 | Success: 229647 | Failed: 187953 (177.8%)
Progress: 417650 / 234837 | Success: 229647 | Failed: 188003 (177.8%)
Progress: 417700 / 234837 | Success: 229647 | Failed: 188053 (177.9%)
Progress: 417750 / 234837 | Success: 229647 | Failed: 188103 (177.9%)
Progress: 417800 / 234837 | Success: 229647 | Failed: 188153 (177.9%)
Progress: 417850 / 234837 | Success: 229647 | Failed: 188203 (177.9%)
Progress: 417900 / 234837 | Success: 229647 | Failed: 188253 (178.0%)
Progress: 417950 / 234837 | Success: 229647 | Failed: 188303 (178.0%)
Progress: 418000 / 234837 | Success: 229647 | Failed: 188353 (178.0%)
Progress: 418050 / 234837 | Success: 229647 | Failed: 188403 (178.0%)
Progress: 418100 / 234837 | Success: 229647 | Failed: 188453 (178.0%)
Progress: 418150 / 234837 | Success: 229647 | Failed: 188503 (178.1%)
Progress: 418200 / 234837 | Success: 229647 | Failed: 188553 (178.1%)
Progress: 418250 / 234837 | Success: 229647 | Failed: 188603 (178.1%)
Progress: 418300 / 234837 | Success: 229647 | Failed: 188653 (178.1%)
Progress: 418350 / 234837 | Success: 229647 | Failed: 188703 (178.1%)
Progress: 418400 / 234837 | Success: 229647 | Failed: 188753 (178.2%)
Progress: 418450 / 234837 | Success: 229647 | Failed: 188803 (178.2%)
Progress: 418500 / 234837 | Success: 229647 | Failed: 188853 (178.2%)
Progress: 418550 / 234837 | Success: 229647 | Failed: 188903 (178.2%)
Progress: 418600 / 234837 | Success: 229647 | Failed: 188953 (178.3%)
Progress: 418650 / 234837 | Success: 229647 | Failed: 189003 (178.3%)
Progress: 418700 / 234837 | Success: 229647 | Failed: 189053 (178.3%)
Progress: 418750 / 234837 | Success: 229647 | Failed: 189103 (178.3%)
Progress: 418800 / 234837 | Success: 229647 | Failed: 189153 (178.3%)
Progress: 418850 / 234837 | Success: 229647 | Failed: 189203 (178.4%)
Progress: 418900 / 234837 | Success: 229647 | Failed: 189253 (178.4%)
Progress: 418950 / 234837 | Success: 229647 | Failed: 189303 (178.4%)
Progress: 419000 / 234837 | Success: 229647 | Failed: 189353 (178.4%)
Progress: 419050 / 234837 | Success: 229647 | Failed: 189403 (178.4%)
Progress: 419100 / 234837 | Success: 229647 | Failed: 189453 (178.5%)
Progress: 419150 / 234837 | Success: 229647 | Failed: 189503 (178.5%)
Progress: 419200 / 234837 | Success: 229647 | Failed: 189553 (178.5%)
Progress: 419250 / 234837 | Success: 229647 | Failed: 189603 (178.5%)
Progress: 419300 / 234837 | Success: 229647 | Failed: 189653 (178.5%)
Progress: 419350 / 234837 | Success: 229647 | Failed: 189703 (178.6%)
Progress: 419400 / 234837 | Success: 229647 | Failed: 189753 (178.6%)
Progress: 419450 / 234837 | Success: 229647 | Failed: 189803 (178.6%)
Progress: 419500 / 234837 | Success: 229647 | Failed: 189853 (178.6%)
Progress: 419550 / 234837 | Success: 229647 | Failed: 189903 (178.7%)
Progress: 419600 / 234837 | Success: 229647 | Failed: 189953 (178.7%)
Progress: 419650 / 234837 | Success: 229647 | Failed: 190003 (178.7%)
Progress: 419700 / 234837 | Success: 229647 | Failed: 190053 (178.7%)
Progress: 419750 / 234837 | Success: 229647 | Failed: 190103 (178.7%)
Progress: 419800 / 234837 | Success: 229647 | Failed: 190153 (178.8%)
Progress: 419850 / 234837 | Success: 229647 | Failed: 190203 (178.8%)
Progress: 419900 / 234837 | Success: 229647 | Failed: 190253 (178.8%)
Progress: 419950 / 234837 | Success: 229647 | Failed: 190303 (178.8%)
Progress: 420000 / 234837 | Success: 229647 | Failed: 190353 (178.8%)
Progress: 420050 / 234837 | Success: 229647 | Failed: 190403 (178.9%)
Progress: 420100 / 234837 | Success: 229647 | Failed: 190453 (178.9%)
Progress: 420150 / 234837 | Success: 229647 | Failed: 190503 (178.9%)
Progress: 420200 / 234837 | Success: 229647 | Failed: 190553 (178.9%)
Progress: 420250 / 234837 | Success: 229647 | Failed: 190603 (179.0%)
Progress: 420300 / 234837 | Success: 229647 | Failed: 190653 (179.0%)
Progress: 420350 / 234837 | Success: 229647 | Failed: 190703 (179.0%)
Progress: 420400 / 234837 | Success: 229647 | Failed: 190753 (179.0%)
Progress: 420450 / 234837 | Success: 229647 | Failed: 190803 (179.0%)
Progress: 420500 / 234837 | Success: 229647 | Failed: 190853 (179.1%)
Progress: 420550 / 234837 | Success: 229647 | Failed: 190903 (179.1%)
Progress: 420600 / 234837 | Success: 229647 | Failed: 190953 (179.1%)
Progress: 420650 / 234837 | Success: 229647 | Failed: 191003 (179.1%)
Progress: 420700 / 234837 | Success: 229647 | Failed: 191053 (179.1%)
Progress: 420750 / 234837 | Success: 229647 | Failed: 191103 (179.2%)
Progress: 420800 / 234837 | Success: 229647 | Failed: 191153 (179.2%)
Progress: 420850 / 234837 | Success: 229647 | Failed: 191203 (179.2%)
Progress: 420900 / 234837 | Success: 229647 | Failed: 191253 (179.2%)
Progress: 420950 / 234837 | Success: 229647 | Failed: 191303 (179.3%)
Progress: 421000 / 234837 | Success: 229647 | Failed: 191353 (179.3%)
Progress: 421050 / 234837 | Success: 229647 | Failed: 191403 (179.3%)
Progress: 421100 / 234837 | Success: 229647 | Failed: 191453 (179.3%)
Progress: 421150 / 234837 | Success: 229647 | Failed: 191503 (179.3%)
Progress: 421200 / 234837 | Success: 229647 | Failed: 191553 (179.4%)
Progress: 421250 / 234837 | Success: 229647 | Failed: 191603 (179.4%)
Progress: 421300 / 234837 | Success: 229647 | Failed: 191653 (179.4%)
Progress: 421350 / 234837 | Success: 229647 | Failed: 191703 (179.4%)
Progress: 421400 / 234837 | Success: 229647 | Failed: 191753 (179.4%)
Progress: 421450 / 234837 | Success: 229647 | Failed: 191803 (179.5%)
Progress: 421500 / 234837 | Success: 229647 | Failed: 191853 (179.5%)
Progress: 421550 / 234837 | Success: 229647 | Failed: 191903 (179.5%)
Progress: 421600 / 234837 | Success: 229647 | Failed: 191953 (179.5%)
Progress: 421650 / 234837 | Success: 229647 | Failed: 192003 (179.6%)
Progress: 421700 / 234837 | Success: 229647 | Failed: 192053 (179.6%)
Progress: 421750 / 234837 | Success: 229647 | Failed: 192103 (179.6%)
Progress: 421800 / 234837 | Success: 229647 | Failed: 192153 (179.6%)
Progress: 421850 / 234837 | Success: 229647 | Failed: 192203 (179.6%)
Progress: 421900 / 234837 | Success: 229647 | Failed: 192253 (179.7%)
Progress: 421950 / 234837 | Success: 229647 | Failed: 192303 (179.7%)
Progress: 422000 / 234837 | Success: 229647 | Failed: 192353 (179.7%)
Progress: 422050 / 234837 | Success: 229647 | Failed: 192403 (179.7%)
Progress: 422100 / 234837 | Success: 229647 | Failed: 192453 (179.7%)
Progress: 422150 / 234837 | Success: 229647 | Failed: 192503 (179.8%)
Progress: 422200 / 234837 | Success: 229647 | Failed: 192553 (179.8%)
Progress: 422250 / 234837 | Success: 229647 | Failed: 192603 (179.8%)
Progress: 422300 / 234837 | Success: 229647 | Failed: 192653 (179.8%)
Progress: 422350 / 234837 | Success: 229647 | Failed: 192703 (179.8%)
Progress: 422400 / 234837 | Success: 229647 | Failed: 192753 (179.9%)
Progress: 422450 / 234837 | Success: 229647 | Failed: 192803 (179.9%)
Progress: 422500 / 234837 | Success: 229647 | Failed: 192853 (179.9%)
Progress: 422550 / 234837 | Success: 229647 | Failed: 192903 (179.9%)
Progress: 422600 / 234837 | Success: 229647 | Failed: 192953 (180.0%)
Progress: 422650 / 234837 | Success: 229647 | Failed: 193003 (180.0%)
Progress: 422700 / 234837 | Success: 229647 | Failed: 193053 (180.0%)
Progress: 422750 / 234837 | Success: 229647 | Failed: 193103 (180.0%)
Progress: 422800 / 234837 | Success: 229647 | Failed: 193153 (180.0%)
Progress: 422850 / 234837 | Success: 229647 | Failed: 193203 (180.1%)
Progress: 422900 / 234837 | Success: 229647 | Failed: 193253 (180.1%)
Progress: 422950 / 234837 | Success: 229647 | Failed: 193303 (180.1%)
Progress: 423000 / 234837 | Success: 229647 | Failed: 193353 (180.1%)
Progress: 423050 / 234837 | Success: 229647 | Failed: 193403 (180.1%)
Progress: 423100 / 234837 | Success: 229647 | Failed: 193453 (180.2%)
Progress: 423150 / 234837 | Success: 229647 | Failed: 193503 (180.2%)
Progress: 423200 / 234837 | Success: 229647 | Failed: 193553 (180.2%)
Progress: 423250 / 234837 | Success: 229647 | Failed: 193603 (180.2%)
Progress: 423300 / 234837 | Success: 229647 | Failed: 193653 (180.3%)
Progress: 423350 / 234837 | Success: 229647 | Failed: 193703 (180.3%)
Progress: 423400 / 234837 | Success: 229647 | Failed: 193753 (180.3%)
Progress: 423450 / 234837 | Success: 229647 | Failed: 193803 (180.3%)
Progress: 423500 / 234837 | Success: 229647 | Failed: 193853 (180.3%)
Progress: 423550 / 234837 | Success: 229647 | Failed: 193903 (180.4%)
Progress: 423600 / 234837 | Success: 229647 | Failed: 193953 (180.4%)
Progress: 423650 / 234837 | Success: 229647 | Failed: 194003 (180.4%)
Progress: 423700 / 234837 | Success: 229647 | Failed: 194053 (180.4%)
Progress: 423750 / 234837 | Success: 229647 | Failed: 194103 (180.4%)
Progress: 423800 / 234837 | Success: 229647 | Failed: 194153 (180.5%)
Progress: 423850 / 234837 | Success: 229647 | Failed: 194203 (180.5%)
Progress: 423900 / 234837 | Success: 229647 | Failed: 194253 (180.5%)
Progress: 423950 / 234837 | Success: 229647 | Failed: 194303 (180.5%)
Progress: 424000 / 234837 | Success: 229647 | Failed: 194353 (180.6%)
Progress: 424050 / 234837 | Success: 229647 | Failed: 194403 (180.6%)
Progress: 424100 / 234837 | Success: 229647 | Failed: 194453 (180.6%)
Progress: 424150 / 234837 | Success: 229647 | Failed: 194503 (180.6%)
Progress: 424200 / 234837 | Success: 229647 | Failed: 194553 (180.6%)
Progress: 424250 / 234837 | Success: 229647 | Failed: 194603 (180.7%)
Progress: 424300 / 234837 | Success: 229647 | Failed: 194653 (180.7%)
Progress: 424350 / 234837 | Success: 229647 | Failed: 194703 (180.7%)
Progress: 424400 / 234837 | Success: 229647 | Failed: 194753 (180.7%)
Progress: 424450 / 234837 | Success: 229647 | Failed: 194803 (180.7%)
Progress: 424500 / 234837 | Success: 229647 | Failed: 194853 (180.8%)
Progress: 424550 / 234837 | Success: 229647 | Failed: 194903 (180.8%)
Progress: 424600 / 234837 | Success: 229647 | Failed: 194953 (180.8%)
Progress: 424650 / 234837 | Success: 229647 | Failed: 195003 (180.8%)
Progress: 424700 / 234837 | Success: 229647 | Failed: 195053 (180.8%)
Progress: 424750 / 234837 | Success: 229647 | Failed: 195103 (180.9%)
Progress: 424800 / 234837 | Success: 229647 | Failed: 195153 (180.9%)
Progress: 424850 / 234837 | Success: 229647 | Failed: 195203 (180.9%)
Progress: 424900 / 234837 | Success: 229647 | Failed: 195253 (180.9%)
Progress: 424950 / 234837 | Success: 229647 | Failed: 195303 (181.0%)
Progress: 425000 / 234837 | Success: 229647 | Failed: 195353 (181.0%)
Progress: 425050 / 234837 | Success: 229647 | Failed: 195403 (181.0%)
Progress: 425100 / 234837 | Success: 229647 | Failed: 195453 (181.0%)
Progress: 425150 / 234837 | Success: 229647 | Failed: 195503 (181.0%)
Progress: 425200 / 234837 | Success: 229647 | Failed: 195553 (181.1%)
Progress: 425250 / 234837 | Success: 229647 | Failed: 195603 (181.1%)
Progress: 425300 / 234837 | Success: 229647 | Failed: 195653 (181.1%)
Progress: 425350 / 234837 | Success: 229647 | Failed: 195703 (181.1%)
Progress: 425400 / 234837 | Success: 229647 | Failed: 195753 (181.1%)
Progress: 425450 / 234837 | Success: 229647 | Failed: 195803 (181.2%)
Progress: 425500 / 234837 | Success: 229647 | Failed: 195853 (181.2%)
Progress: 425550 / 234837 | Success: 229647 | Failed: 195903 (181.2%)
Progress: 425600 / 234837 | Success: 229647 | Failed: 195953 (181.2%)
Progress: 425650 / 234837 | Success: 229647 | Failed: 196003 (181.3%)
Progress: 425700 / 234837 | Success: 229647 | Failed: 196053 (181.3%)
Progress: 425750 / 234837 | Success: 229647 | Failed: 196103 (181.3%)
Progress: 425800 / 234837 | Success: 229647 | Failed: 196153 (181.3%)
Progress: 425850 / 234837 | Success: 229647 | Failed: 196203 (181.3%)
Progress: 425900 / 234837 | Success: 229647 | Failed: 196253 (181.4%)
Progress: 425950 / 234837 | Success: 229647 | Failed: 196303 (181.4%)
Progress: 426000 / 234837 | Success: 229647 | Failed: 196353 (181.4%)
Progress: 426050 / 234837 | Success: 229647 | Failed: 196403 (181.4%)
Progress: 426100 / 234837 | Success: 229647 | Failed: 196453 (181.4%)
Progress: 426150 / 234837 | Success: 229647 | Failed: 196503 (181.5%)
Progress: 426200 / 234837 | Success: 229647 | Failed: 196553 (181.5%)
Progress: 426250 / 234837 | Success: 229647 | Failed: 196603 (181.5%)
Progress: 426300 / 234837 | Success: 229647 | Failed: 196653 (181.5%)
Progress: 426350 / 234837 | Success: 229647 | Failed: 196703 (181.6%)
Progress: 426400 / 234837 | Success: 229647 | Failed: 196753 (181.6%)
Progress: 426450 / 234837 | Success: 229647 | Failed: 196803 (181.6%)
Progress: 426500 / 234837 | Success: 229647 | Failed: 196853 (181.6%)
Progress: 426550 / 234837 | Success: 229647 | Failed: 196903 (181.6%)
Progress: 426600 / 234837 | Success: 229647 | Failed: 196953 (181.7%)
Progress: 426650 / 234837 | Success: 229647 | Failed: 197003 (181.7%)
Progress: 426700 / 234837 | Success: 229647 | Failed: 197053 (181.7%)
Progress: 426750 / 234837 | Success: 229647 | Failed: 197103 (181.7%)
Progress: 426800 / 234837 | Success: 229647 | Failed: 197153 (181.7%)
Progress: 426850 / 234837 | Success: 229647 | Failed: 197203 (181.8%)
Progress: 426900 / 234837 | Success: 229647 | Failed: 197253 (181.8%)
Progress: 426950 / 234837 | Success: 229647 | Failed: 197303 (181.8%)
Progress: 427000 / 234837 | Success: 229647 | Failed: 197353 (181.8%)
Progress: 427050 / 234837 | Success: 229647 | Failed: 197403 (181.8%)
Progress: 427100 / 234837 | Success: 229647 | Failed: 197453 (181.9%)
Progress: 427150 / 234837 | Success: 229647 | Failed: 197503 (181.9%)
Progress: 427200 / 234837 | Success: 229647 | Failed: 197553 (181.9%)
Progress: 427250 / 234837 | Success: 229647 | Failed: 197603 (181.9%)
Progress: 427300 / 234837 | Success: 229647 | Failed: 197653 (182.0%)
Progress: 427350 / 234837 | Success: 229647 | Failed: 197703 (182.0%)
Progress: 427400 / 234837 | Success: 229647 | Failed: 197753 (182.0%)
Progress: 427450 / 234837 | Success: 229647 | Failed: 197803 (182.0%)
Progress: 427500 / 234837 | Success: 229647 | Failed: 197853 (182.0%)
Progress: 427550 / 234837 | Success: 229647 | Failed: 197903 (182.1%)
Progress: 427600 / 234837 | Success: 229647 | Failed: 197953 (182.1%)
Progress: 427650 / 234837 | Success: 229647 | Failed: 198003 (182.1%)
Progress: 427700 / 234837 | Success: 229647 | Failed: 198053 (182.1%)
Progress: 427750 / 234837 | Success: 229647 | Failed: 198103 (182.1%)
Progress: 427800 / 234837 | Success: 229647 | Failed: 198153 (182.2%)
Progress: 427850 / 234837 | Success: 229647 | Failed: 198203 (182.2%)
Progress: 427900 / 234837 | Success: 229647 | Failed: 198253 (182.2%)
Progress: 427950 / 234837 | Success: 229647 | Failed: 198303 (182.2%)
Progress: 428000 / 234837 | Success: 229647 | Failed: 198353 (182.3%)
Progress: 428050 / 234837 | Success: 229647 | Failed: 198403 (182.3%)
Progress: 428100 / 234837 | Success: 229647 | Failed: 198453 (182.3%)
Progress: 428150 / 234837 | Success: 229647 | Failed: 198503 (182.3%)
Progress: 428200 / 234837 | Success: 229647 | Failed: 198553 (182.3%)
Progress: 428250 / 234837 | Success: 229647 | Failed: 198603 (182.4%)
Progress: 428300 / 234837 | Success: 229647 | Failed: 198653 (182.4%)
Progress: 428350 / 234837 | Success: 229647 | Failed: 198703 (182.4%)
Progress: 428400 / 234837 | Success: 229647 | Failed: 198753 (182.4%)
Progress: 428450 / 234837 | Success: 229647 | Failed: 198803 (182.4%)
Progress: 428500 / 234837 | Success: 229647 | Failed: 198853 (182.5%)
Progress: 428550 / 234837 | Success: 229647 | Failed: 198903 (182.5%)
Progress: 428600 / 234837 | Success: 229647 | Failed: 198953 (182.5%)
Progress: 428650 / 234837 | Success: 229647 | Failed: 199003 (182.5%)
Progress: 428700 / 234837 | Success: 229647 | Failed: 199053 (182.6%)
Progress: 428750 / 234837 | Success: 229647 | Failed: 199103 (182.6%)
Progress: 428800 / 234837 | Success: 229647 | Failed: 199153 (182.6%)
Progress: 428850 / 234837 | Success: 229647 | Failed: 199203 (182.6%)
Progress: 428900 / 234837 | Success: 229647 | Failed: 199253 (182.6%)
Progress: 428950 / 234837 | Success: 229647 | Failed: 199303 (182.7%)
Progress: 429000 / 234837 | Success: 229647 | Failed: 199353 (182.7%)
Progress: 429050 / 234837 | Success: 229647 | Failed: 199403 (182.7%)
Progress: 429100 / 234837 | Success: 229647 | Failed: 199453 (182.7%)
Progress: 429150 / 234837 | Success: 229647 | Failed: 199503 (182.7%)
Progress: 429200 / 234837 | Success: 229647 | Failed: 199553 (182.8%)
Progress: 429250 / 234837 | Success: 229647 | Failed: 199603 (182.8%)
Progress: 429300 / 234837 | Success: 229647 | Failed: 199653 (182.8%)
Progress: 429350 / 234837 | Success: 229647 | Failed: 199703 (182.8%)
Progress: 429400 / 234837 | Success: 229647 | Failed: 199753 (182.9%)
Progress: 429450 / 234837 | Success: 229647 | Failed: 199803 (182.9%)
Progress: 429500 / 234837 | Success: 229647 | Failed: 199853 (182.9%)
Progress: 429550 / 234837 | Success: 229647 | Failed: 199903 (182.9%)
Progress: 429600 / 234837 | Success: 229647 | Failed: 199953 (182.9%)
Progress: 429650 / 234837 | Success: 229647 | Failed: 200003 (183.0%)
Progress: 429700 / 234837 | Success: 229647 | Failed: 200053 (183.0%)
Progress: 429750 / 234837 | Success: 229647 | Failed: 200103 (183.0%)
Progress: 429800 / 234837 | Success: 229647 | Failed: 200153 (183.0%)
Progress: 429850 / 234837 | Success: 229647 | Failed: 200203 (183.0%)
Progress: 429900 / 234837 | Success: 229647 | Failed: 200253 (183.1%)
Progress: 429950 / 234837 | Success: 229647 | Failed: 200303 (183.1%)
Progress: 430000 / 234837 | Success: 229647 | Failed: 200353 (183.1%)
Progress: 430050 / 234837 | Success: 229647 | Failed: 200403 (183.1%)
Progress: 430100 / 234837 | Success: 229647 | Failed: 200453 (183.1%)
Progress: 430150 / 234837 | Success: 229647 | Failed: 200503 (183.2%)
Progress: 430200 / 234837 | Success: 229647 | Failed: 200553 (183.2%)
Progress: 430250 / 234837 | Success: 229647 | Failed: 200603 (183.2%)
Progress: 430300 / 234837 | Success: 229647 | Failed: 200653 (183.2%)
Progress: 430350 / 234837 | Success: 229647 | Failed: 200703 (183.3%)
Progress: 430400 / 234837 | Success: 229647 | Failed: 200753 (183.3%)
Progress: 430450 / 234837 | Success: 229647 | Failed: 200803 (183.3%)
Progress: 430500 / 234837 | Success: 229647 | Failed: 200853 (183.3%)
Progress: 430550 / 234837 | Success: 229647 | Failed: 200903 (183.3%)
Progress: 430600 / 234837 | Success: 229647 | Failed: 200953 (183.4%)
Progress: 430650 / 234837 | Success: 229647 | Failed: 201003 (183.4%)
Progress: 430700 / 234837 | Success: 229647 | Failed: 201053 (183.4%)
Progress: 430750 / 234837 | Success: 229647 | Failed: 201103 (183.4%)
Progress: 430800 / 234837 | Success: 229647 | Failed: 201153 (183.4%)
Progress: 430850 / 234837 | Success: 229647 | Failed: 201203 (183.5%)
Progress: 430900 / 234837 | Success: 229647 | Failed: 201253 (183.5%)
Progress: 430950 / 234837 | Success: 229647 | Failed: 201303 (183.5%)
Progress: 431000 / 234837 | Success: 229647 | Failed: 201353 (183.5%)
Progress: 431050 / 234837 | Success: 229647 | Failed: 201403 (183.6%)
Progress: 431100 / 234837 | Success: 229647 | Failed: 201453 (183.6%)
Progress: 431150 / 234837 | Success: 229647 | Failed: 201503 (183.6%)
Progress: 431200 / 234837 | Success: 229647 | Failed: 201553 (183.6%)
Progress: 431250 / 234837 | Success: 229647 | Failed: 201603 (183.6%)
Progress: 431300 / 234837 | Success: 229647 | Failed: 201653 (183.7%)
Progress: 431350 / 234837 | Success: 229647 | Failed: 201703 (183.7%)
Progress: 431400 / 234837 | Success: 229647 | Failed: 201753 (183.7%)
Progress: 431450 / 234837 | Success: 229647 | Failed: 201803 (183.7%)
Progress: 431500 / 234837 | Success: 229647 | Failed: 201853 (183.7%)
Progress: 431550 / 234837 | Success: 229647 | Failed: 201903 (183.8%)
Progress: 431600 / 234837 | Success: 229647 | Failed: 201953 (183.8%)
Progress: 431650 / 234837 | Success: 229647 | Failed: 202003 (183.8%)
Progress: 431700 / 234837 | Success: 229647 | Failed: 202053 (183.8%)
Progress: 431750 / 234837 | Success: 229647 | Failed: 202103 (183.9%)
Progress: 431800 / 234837 | Success: 229647 | Failed: 202153 (183.9%)
Progress: 431850 / 234837 | Success: 229647 | Failed: 202203 (183.9%)
Progress: 431900 / 234837 | Success: 229647 | Failed: 202253 (183.9%)
Progress: 431950 / 234837 | Success: 229647 | Failed: 202303 (183.9%)
Progress: 432000 / 234837 | Success: 229647 | Failed: 202353 (184.0%)
Progress: 432050 / 234837 | Success: 229647 | Failed: 202403 (184.0%)
Progress: 432100 / 234837 | Success: 229647 | Failed: 202453 (184.0%)
Progress: 432150 / 234837 | Success: 229647 | Failed: 202503 (184.0%)
Progress: 432200 / 234837 | Success: 229647 | Failed: 202553 (184.0%)
Progress: 432250 / 234837 | Success: 229647 | Failed: 202603 (184.1%)
Progress: 432300 / 234837 | Success: 229647 | Failed: 202653 (184.1%)
Progress: 432350 / 234837 | Success: 229647 | Failed: 202703 (184.1%)
Progress: 432400 / 234837 | Success: 229647 | Failed: 202753 (184.1%)
Progress: 432450 / 234837 | Success: 229647 | Failed: 202803 (184.1%)
Progress: 432500 / 234837 | Success: 229647 | Failed: 202853 (184.2%)
Progress: 432550 / 234837 | Success: 229647 | Failed: 202903 (184.2%)
Progress: 432600 / 234837 | Success: 229647 | Failed: 202953 (184.2%)
Progress: 432650 / 234837 | Success: 229647 | Failed: 203003 (184.2%)
Progress: 432700 / 234837 | Success: 229647 | Failed: 203053 (184.3%)
Progress: 432750 / 234837 | Success: 229647 | Failed: 203103 (184.3%)
Progress: 432800 / 234837 | Success: 229647 | Failed: 203153 (184.3%)
Progress: 432850 / 234837 | Success: 229647 | Failed: 203203 (184.3%)
Progress: 432900 / 234837 | Success: 229647 | Failed: 203253 (184.3%)
Progress: 432950 / 234837 | Success: 229647 | Failed: 203303 (184.4%)
Progress: 433000 / 234837 | Success: 229647 | Failed: 203353 (184.4%)
Progress: 433050 / 234837 | Success: 229647 | Failed: 203403 (184.4%)
Progress: 433100 / 234837 | Success: 229647 | Failed: 203453 (184.4%)
Progress: 433150 / 234837 | Success: 229647 | Failed: 203503 (184.4%)
Progress: 433200 / 234837 | Success: 229647 | Failed: 203553 (184.5%)
Progress: 433250 / 234837 | Success: 229647 | Failed: 203603 (184.5%)
Progress: 433300 / 234837 | Success: 229647 | Failed: 203653 (184.5%)
Progress: 433350 / 234837 | Success: 229647 | Failed: 203703 (184.5%)
Progress: 433400 / 234837 | Success: 229647 | Failed: 203753 (184.6%)
Progress: 433450 / 234837 | Success: 229647 | Failed: 203803 (184.6%)
Progress: 433500 / 234837 | Success: 229647 | Failed: 203853 (184.6%)
Progress: 433550 / 234837 | Success: 229647 | Failed: 203903 (184.6%)
Progress: 433600 / 234837 | Success: 229647 | Failed: 203953 (184.6%)
Progress: 433650 / 234837 | Success: 229647 | Failed: 204003 (184.7%)
Progress: 433700 / 234837 | Success: 229647 | Failed: 204053 (184.7%)
Progress: 433750 / 234837 | Success: 229647 | Failed: 204103 (184.7%)
Progress: 433800 / 234837 | Success: 229647 | Failed: 204153 (184.7%)
Progress: 433850 / 234837 | Success: 229647 | Failed: 204203 (184.7%)
Progress: 433900 / 234837 | Success: 229647 | Failed: 204253 (184.8%)
Progress: 433950 / 234837 | Success: 229647 | Failed: 204303 (184.8%)
Progress: 434000 / 234837 | Success: 229647 | Failed: 204353 (184.8%)
Progress: 434050 / 234837 | Success: 229647 | Failed: 204403 (184.8%)
Progress: 434100 / 234837 | Success: 229647 | Failed: 204453 (184.9%)
Progress: 434150 / 234837 | Success: 229647 | Failed: 204503 (184.9%)
Progress: 434200 / 234837 | Success: 229647 | Failed: 204553 (184.9%)
Progress: 434250 / 234837 | Success: 229647 | Failed: 204603 (184.9%)
Progress: 434300 / 234837 | Success: 229647 | Failed: 204653 (184.9%)
Progress: 434350 / 234837 | Success: 229647 | Failed: 204703 (185.0%)
Progress: 434400 / 234837 | Success: 229647 | Failed: 204753 (185.0%)
Progress: 434450 / 234837 | Success: 229647 | Failed: 204803 (185.0%)
Progress: 434500 / 234837 | Success: 229647 | Failed: 204853 (185.0%)
Progress: 434550 / 234837 | Success: 229647 | Failed: 204903 (185.0%)
Progress: 434600 / 234837 | Success: 229647 | Failed: 204953 (185.1%)
Progress: 434650 / 234837 | Success: 229647 | Failed: 205003 (185.1%)
Progress: 434700 / 234837 | Success: 229647 | Failed: 205053 (185.1%)
Progress: 434750 / 234837 | Success: 229647 | Failed: 205103 (185.1%)
Progress: 434800 / 234837 | Success: 229647 | Failed: 205153 (185.1%)
Progress: 434850 / 234837 | Success: 229647 | Failed: 205203 (185.2%)
Progress: 434900 / 234837 | Success: 229647 | Failed: 205253 (185.2%)
Progress: 434950 / 234837 | Success: 229647 | Failed: 205303 (185.2%)
Progress: 435000 / 234837 | Success: 229647 | Failed: 205353 (185.2%)
Progress: 435050 / 234837 | Success: 229647 | Failed: 205403 (185.3%)
Progress: 435100 / 234837 | Success: 229647 | Failed: 205453 (185.3%)
Progress: 435150 / 234837 | Success: 229647 | Failed: 205503 (185.3%)
Progress: 435200 / 234837 | Success: 229647 | Failed: 205553 (185.3%)
Progress: 435250 / 234837 | Success: 229647 | Failed: 205603 (185.3%)
Progress: 435300 / 234837 | Success: 229647 | Failed: 205653 (185.4%)
Progress: 435350 / 234837 | Success: 229647 | Failed: 205703 (185.4%)
Progress: 435400 / 234837 | Success: 229647 | Failed: 205753 (185.4%)
Progress: 435450 / 234837 | Success: 229647 | Failed: 205803 (185.4%)
Progress: 435500 / 234837 | Success: 229647 | Failed: 205853 (185.4%)
Progress: 435550 / 234837 | Success: 229647 | Failed: 205903 (185.5%)
Progress: 435600 / 234837 | Success: 229647 | Failed: 205953 (185.5%)
Progress: 435650 / 234837 | Success: 229647 | Failed: 206003 (185.5%)
Progress: 435700 / 234837 | Success: 229647 | Failed: 206053 (185.5%)
Progress: 435750 / 234837 | Success: 229647 | Failed: 206103 (185.6%)
Progress: 435800 / 234837 | Success: 229647 | Failed: 206153 (185.6%)
Progress: 435850 / 234837 | Success: 229647 | Failed: 206203 (185.6%)
Progress: 435900 / 234837 | Success: 229647 | Failed: 206253 (185.6%)
Progress: 435950 / 234837 | Success: 229647 | Failed: 206303 (185.6%)
Progress: 436000 / 234837 | Success: 229647 | Failed: 206353 (185.7%)
Progress: 436050 / 234837 | Success: 229647 | Failed: 206403 (185.7%)
Progress: 436100 / 234837 | Success: 229647 | Failed: 206453 (185.7%)
Progress: 436150 / 234837 | Success: 229647 | Failed: 206503 (185.7%)
Progress: 436200 / 234837 | Success: 229647 | Failed: 206553 (185.7%)
Progress: 436250 / 234837 | Success: 229647 | Failed: 206603 (185.8%)
Progress: 436300 / 234837 | Success: 229647 | Failed: 206653 (185.8%)
Progress: 436350 / 234837 | Success: 229647 | Failed: 206703 (185.8%)
Progress: 436400 / 234837 | Success: 229647 | Failed: 206753 (185.8%)
Progress: 436450 / 234837 | Success: 229647 | Failed: 206803 (185.9%)
Progress: 436500 / 234837 | Success: 229647 | Failed: 206853 (185.9%)
Progress: 436550 / 234837 | Success: 229647 | Failed: 206903 (185.9%)
Progress: 436600 / 234837 | Success: 229647 | Failed: 206953 (185.9%)
Progress: 436650 / 234837 | Success: 229647 | Failed: 207003 (185.9%)
Progress: 436700 / 234837 | Success: 229647 | Failed: 207053 (186.0%)
Progress: 436750 / 234837 | Success: 229647 | Failed: 207103 (186.0%)
Progress: 436800 / 234837 | Success: 229647 | Failed: 207153 (186.0%)
Progress: 436850 / 234837 | Success: 229647 | Failed: 207203 (186.0%)
Progress: 436900 / 234837 | Success: 229647 | Failed: 207253 (186.0%)
Progress: 436950 / 234837 | Success: 229647 | Failed: 207303 (186.1%)
Progress: 437000 / 234837 | Success: 229647 | Failed: 207353 (186.1%)
Progress: 437050 / 234837 | Success: 229647 | Failed: 207403 (186.1%)
Progress: 437100 / 234837 | Success: 229647 | Failed: 207453 (186.1%)
Progress: 437150 / 234837 | Success: 229647 | Failed: 207503 (186.2%)
Progress: 437200 / 234837 | Success: 229647 | Failed: 207553 (186.2%)
Progress: 437250 / 234837 | Success: 229647 | Failed: 207603 (186.2%)
Progress: 437300 / 234837 | Success: 229647 | Failed: 207653 (186.2%)
Progress: 437350 / 234837 | Success: 229647 | Failed: 207703 (186.2%)
Progress: 437400 / 234837 | Success: 229647 | Failed: 207753 (186.3%)
Progress: 437450 / 234837 | Success: 229647 | Failed: 207803 (186.3%)
Progress: 437500 / 234837 | Success: 229647 | Failed: 207853 (186.3%)
Progress: 437550 / 234837 | Success: 229647 | Failed: 207903 (186.3%)
Progress: 437600 / 234837 | Success: 229647 | Failed: 207953 (186.3%)
Progress: 437650 / 234837 | Success: 229647 | Failed: 208003 (186.4%)
Progress: 437700 / 234837 | Success: 229647 | Failed: 208053 (186.4%)
Progress: 437750 / 234837 | Success: 229647 | Failed: 208103 (186.4%)
Progress: 437800 / 234837 | Success: 229647 | Failed: 208153 (186.4%)
Progress: 437850 / 234837 | Success: 229647 | Failed: 208203 (186.4%)
Progress: 437900 / 234837 | Success: 229647 | Failed: 208253 (186.5%)
Progress: 437950 / 234837 | Success: 229647 | Failed: 208303 (186.5%)
Progress: 438000 / 234837 | Success: 229647 | Failed: 208353 (186.5%)
Progress: 438050 / 234837 | Success: 229647 | Failed: 208403 (186.5%)
Progress: 438100 / 234837 | Success: 229647 | Failed: 208453 (186.6%)
Progress: 438150 / 234837 | Success: 229647 | Failed: 208503 (186.6%)
Progress: 438200 / 234837 | Success: 229647 | Failed: 208553 (186.6%)
Progress: 438250 / 234837 | Success: 229647 | Failed: 208603 (186.6%)
Progress: 438300 / 234837 | Success: 229647 | Failed: 208653 (186.6%)
Progress: 438350 / 234837 | Success: 229647 | Failed: 208703 (186.7%)
Progress: 438400 / 234837 | Success: 229647 | Failed: 208753 (186.7%)
Progress: 438450 / 234837 | Success: 229647 | Failed: 208803 (186.7%)
Progress: 438500 / 234837 | Success: 229647 | Failed: 208853 (186.7%)
Progress: 438550 / 234837 | Success: 229647 | Failed: 208903 (186.7%)
Progress: 438600 / 234837 | Success: 229647 | Failed: 208953 (186.8%)
Progress: 438650 / 234837 | Success: 229647 | Failed: 209003 (186.8%)
Progress: 438700 / 234837 | Success: 229647 | Failed: 209053 (186.8%)
Progress: 438750 / 234837 | Success: 229647 | Failed: 209103 (186.8%)
Progress: 438800 / 234837 | Success: 229647 | Failed: 209153 (186.9%)
Progress: 438850 / 234837 | Success: 229647 | Failed: 209203 (186.9%)
Progress: 438900 / 234837 | Success: 229647 | Failed: 209253 (186.9%)
Progress: 438950 / 234837 | Success: 229647 | Failed: 209303 (186.9%)
Progress: 439000 / 234837 | Success: 229647 | Failed: 209353 (186.9%)
Progress: 439050 / 234837 | Success: 229647 | Failed: 209403 (187.0%)
Progress: 439100 / 234837 | Success: 229647 | Failed: 209453 (187.0%)
Progress: 439150 / 234837 | Success: 229647 | Failed: 209503 (187.0%)
Progress: 439200 / 234837 | Success: 229647 | Failed: 209553 (187.0%)
Progress: 439250 / 234837 | Success: 229647 | Failed: 209603 (187.0%)
Progress: 439300 / 234837 | Success: 229647 | Failed: 209653 (187.1%)
Progress: 439350 / 234837 | Success: 229647 | Failed: 209703 (187.1%)
Progress: 439400 / 234837 | Success: 229647 | Failed: 209753 (187.1%)
Progress: 439450 / 234837 | Success: 229647 | Failed: 209803 (187.1%)
Progress: 439500 / 234837 | Success: 229647 | Failed: 209853 (187.2%)
Progress: 439550 / 234837 | Success: 229647 | Failed: 209903 (187.2%)
Progress: 439600 / 234837 | Success: 229647 | Failed: 209953 (187.2%)
Progress: 439650 / 234837 | Success: 229647 | Failed: 210003 (187.2%)
Progress: 439700 / 234837 | Success: 229647 | Failed: 210053 (187.2%)
Progress: 439750 / 234837 | Success: 229647 | Failed: 210103 (187.3%)
Progress: 439800 / 234837 | Success: 229647 | Failed: 210153 (187.3%)
Progress: 439850 / 234837 | Success: 229647 | Failed: 210203 (187.3%)
Progress: 439900 / 234837 | Success: 229647 | Failed: 210253 (187.3%)
Progress: 439950 / 234837 | Success: 229647 | Failed: 210303 (187.3%)
Progress: 440000 / 234837 | Success: 229647 | Failed: 210353 (187.4%)
Progress: 440050 / 234837 | Success: 229647 | Failed: 210403 (187.4%)
Progress: 440100 / 234837 | Success: 229647 | Failed: 210453 (187.4%)
Progress: 440150 / 234837 | Success: 229647 | Failed: 210503 (187.4%)
Progress: 440200 / 234837 | Success: 229647 | Failed: 210553 (187.4%)
Progress: 440250 / 234837 | Success: 229647 | Failed: 210603 (187.5%)
Progress: 440300 / 234837 | Success: 229647 | Failed: 210653 (187.5%)
Progress: 440350 / 234837 | Success: 229647 | Failed: 210703 (187.5%)
Progress: 440400 / 234837 | Success: 229647 | Failed: 210753 (187.5%)
Progress: 440450 / 234837 | Success: 229647 | Failed: 210803 (187.6%)
Progress: 440500 / 234837 | Success: 229647 | Failed: 210853 (187.6%)
Progress: 440550 / 234837 | Success: 229647 | Failed: 210903 (187.6%)
Progress: 440600 / 234837 | Success: 229647 | Failed: 210953 (187.6%)
Progress: 440650 / 234837 | Success: 229647 | Failed: 211003 (187.6%)
Progress: 440700 / 234837 | Success: 229647 | Failed: 211053 (187.7%)
Progress: 440750 / 234837 | Success: 229647 | Failed: 211103 (187.7%)
Progress: 440800 / 234837 | Success: 229647 | Failed: 211153 (187.7%)
Progress: 440850 / 234837 | Success: 229647 | Failed: 211203 (187.7%)
Progress: 440900 / 234837 | Success: 229647 | Failed: 211253 (187.7%)
Progress: 440950 / 234837 | Success: 229647 | Failed: 211303 (187.8%)
Progress: 441000 / 234837 | Success: 229647 | Failed: 211353 (187.8%)
Progress: 441050 / 234837 | Success: 229647 | Failed: 211403 (187.8%)
Progress: 441100 / 234837 | Success: 229647 | Failed: 211453 (187.8%)
Progress: 441150 / 234837 | Success: 229647 | Failed: 211503 (187.9%)
Progress: 441200 / 234837 | Success: 229647 | Failed: 211553 (187.9%)
Progress: 441250 / 234837 | Success: 229647 | Failed: 211603 (187.9%)
Progress: 441300 / 234837 | Success: 229647 | Failed: 211653 (187.9%)
Progress: 441350 / 234837 | Success: 229647 | Failed: 211703 (187.9%)
Progress: 441400 / 234837 | Success: 229647 | Failed: 211753 (188.0%)
Progress: 441450 / 234837 | Success: 229647 | Failed: 211803 (188.0%)
Progress: 441500 / 234837 | Success: 229647 | Failed: 211853 (188.0%)
Progress: 441550 / 234837 | Success: 229647 | Failed: 211903 (188.0%)
Progress: 441600 / 234837 | Success: 229647 | Failed: 211953 (188.0%)
Progress: 441650 / 234837 | Success: 229647 | Failed: 212003 (188.1%)
Progress: 441700 / 234837 | Success: 229647 | Failed: 212053 (188.1%)
Progress: 441750 / 234837 | Success: 229647 | Failed: 212103 (188.1%)
Progress: 441800 / 234837 | Success: 229647 | Failed: 212153 (188.1%)
Progress: 441850 / 234837 | Success: 229647 | Failed: 212203 (188.2%)
Progress: 441900 / 234837 | Success: 229647 | Failed: 212253 (188.2%)
Progress: 441950 / 234837 | Success: 229647 | Failed: 212303 (188.2%)
Progress: 442000 / 234837 | Success: 229647 | Failed: 212353 (188.2%)
Progress: 442050 / 234837 | Success: 229647 | Failed: 212403 (188.2%)
Progress: 442100 / 234837 | Success: 229647 | Failed: 212453 (188.3%)
Progress: 442150 / 234837 | Success: 229647 | Failed: 212503 (188.3%)
Progress: 442200 / 234837 | Success: 229647 | Failed: 212553 (188.3%)
Progress: 442250 / 234837 | Success: 229647 | Failed: 212603 (188.3%)
Progress: 442300 / 234837 | Success: 229647 | Failed: 212653 (188.3%)
Progress: 442350 / 234837 | Success: 229647 | Failed: 212703 (188.4%)
Progress: 442400 / 234837 | Success: 229647 | Failed: 212753 (188.4%)
Progress: 442450 / 234837 | Success: 229647 | Failed: 212803 (188.4%)
Progress: 442500 / 234837 | Success: 229647 | Failed: 212853 (188.4%)
Progress: 442550 / 234837 | Success: 229647 | Failed: 212903 (188.4%)
Progress: 442600 / 234837 | Success: 229647 | Failed: 212953 (188.5%)
Progress: 442650 / 234837 | Success: 229647 | Failed: 213003 (188.5%)
Progress: 442700 / 234837 | Success: 229647 | Failed: 213053 (188.5%)
Progress: 442750 / 234837 | Success: 229647 | Failed: 213103 (188.5%)
Progress: 442800 / 234837 | Success: 229647 | Failed: 213153 (188.6%)
Progress: 442850 / 234837 | Success: 229647 | Failed: 213203 (188.6%)
Progress: 442900 / 234837 | Success: 229647 | Failed: 213253 (188.6%)
Progress: 442950 / 234837 | Success: 229647 | Failed: 213303 (188.6%)
Progress: 443000 / 234837 | Success: 229647 | Failed: 213353 (188.6%)
Progress: 443050 / 234837 | Success: 229647 | Failed: 213403 (188.7%)
Progress: 443100 / 234837 | Success: 229647 | Failed: 213453 (188.7%)
Progress: 443150 / 234837 | Success: 229647 | Failed: 213503 (188.7%)
Progress: 443200 / 234837 | Success: 229647 | Failed: 213553 (188.7%)
Progress: 443250 / 234837 | Success: 229647 | Failed: 213603 (188.7%)
Progress: 443300 / 234837 | Success: 229647 | Failed: 213653 (188.8%)
Progress: 443350 / 234837 | Success: 229647 | Failed: 213703 (188.8%)
Progress: 443400 / 234837 | Success: 229647 | Failed: 213753 (188.8%)
Progress: 443450 / 234837 | Success: 229647 | Failed: 213803 (188.8%)
Progress: 443500 / 234837 | Success: 229647 | Failed: 213853 (188.9%)
Progress: 443550 / 234837 | Success: 229647 | Failed: 213903 (188.9%)
Progress: 443600 / 234837 | Success: 229647 | Failed: 213953 (188.9%)
Progress: 443650 / 234837 | Success: 229647 | Failed: 214003 (188.9%)
Progress: 443700 / 234837 | Success: 229647 | Failed: 214053 (188.9%)
Progress: 443750 / 234837 | Success: 229647 | Failed: 214103 (189.0%)
Progress: 443800 / 234837 | Success: 229647 | Failed: 214153 (189.0%)
Progress: 443850 / 234837 | Success: 229647 | Failed: 214203 (189.0%)
Progress: 443900 / 234837 | Success: 229647 | Failed: 214253 (189.0%)
Progress: 443950 / 234837 | Success: 229647 | Failed: 214303 (189.0%)
Progress: 444000 / 234837 | Success: 229647 | Failed: 214353 (189.1%)
Progress: 444050 / 234837 | Success: 229647 | Failed: 214403 (189.1%)
Progress: 444100 / 234837 | Success: 229647 | Failed: 214453 (189.1%)
Progress: 444150 / 234837 | Success: 229647 | Failed: 214503 (189.1%)
Progress: 444200 / 234837 | Success: 229647 | Failed: 214553 (189.2%)
Progress: 444250 / 234837 | Success: 229647 | Failed: 214603 (189.2%)
Progress: 444300 / 234837 | Success: 229647 | Failed: 214653 (189.2%)
Progress: 444350 / 234837 | Success: 229647 | Failed: 214703 (189.2%)
Progress: 444400 / 234837 | Success: 229647 | Failed: 214753 (189.2%)
Progress: 444450 / 234837 | Success: 229647 | Failed: 214803 (189.3%)
Progress: 444500 / 234837 | Success: 229647 | Failed: 214853 (189.3%)
Progress: 444550 / 234837 | Success: 229647 | Failed: 214903 (189.3%)
Progress: 444600 / 234837 | Success: 229647 | Failed: 214953 (189.3%)
Progress: 444650 / 234837 | Success: 229647 | Failed: 215003 (189.3%)
Progress: 444700 / 234837 | Success: 229647 | Failed: 215053 (189.4%)
Progress: 444750 / 234837 | Success: 229647 | Failed: 215103 (189.4%)
Progress: 444800 / 234837 | Success: 229647 | Failed: 215153 (189.4%)
Progress: 444850 / 234837 | Success: 229647 | Failed: 215203 (189.4%)
Progress: 444900 / 234837 | Success: 229647 | Failed: 215253 (189.5%)
Progress: 444950 / 234837 | Success: 229647 | Failed: 215303 (189.5%)
Progress: 445000 / 234837 | Success: 229647 | Failed: 215353 (189.5%)
Progress: 445050 / 234837 | Success: 229647 | Failed: 215403 (189.5%)
Progress: 445100 / 234837 | Success: 229647 | Failed: 215453 (189.5%)
Progress: 445150 / 234837 | Success: 229647 | Failed: 215503 (189.6%)
Progress: 445200 / 234837 | Success: 229647 | Failed: 215553 (189.6%)
Progress: 445250 / 234837 | Success: 229647 | Failed: 215603 (189.6%)
Progress: 445300 / 234837 | Success: 229647 | Failed: 215653 (189.6%)
Progress: 445350 / 234837 | Success: 229647 | Failed: 215703 (189.6%)
Progress: 445400 / 234837 | Success: 229647 | Failed: 215753 (189.7%)
Progress: 445450 / 234837 | Success: 229647 | Failed: 215803 (189.7%)
Progress: 445500 / 234837 | Success: 229647 | Failed: 215853 (189.7%)
Progress: 445550 / 234837 | Success: 229647 | Failed: 215903 (189.7%)
Progress: 445600 / 234837 | Success: 229647 | Failed: 215953 (189.7%)
Progress: 445650 / 234837 | Success: 229647 | Failed: 216003 (189.8%)
Progress: 445700 / 234837 | Success: 229647 | Failed: 216053 (189.8%)
Progress: 445750 / 234837 | Success: 229647 | Failed: 216103 (189.8%)
Progress: 445800 / 234837 | Success: 229647 | Failed: 216153 (189.8%)
Progress: 445850 / 234837 | Success: 229647 | Failed: 216203 (189.9%)
Progress: 445900 / 234837 | Success: 229647 | Failed: 216253 (189.9%)
Progress: 445950 / 234837 | Success: 229647 | Failed: 216303 (189.9%)
Progress: 446000 / 234837 | Success: 229647 | Failed: 216353 (189.9%)
Progress: 446050 / 234837 | Success: 229647 | Failed: 216403 (189.9%)
Progress: 446100 / 234837 | Success: 229647 | Failed: 216453 (190.0%)
Progress: 446150 / 234837 | Success: 229647 | Failed: 216503 (190.0%)
Progress: 446200 / 234837 | Success: 229647 | Failed: 216553 (190.0%)
Progress: 446250 / 234837 | Success: 229647 | Failed: 216603 (190.0%)
Progress: 446300 / 234837 | Success: 229647 | Failed: 216653 (190.0%)
Progress: 446350 / 234837 | Success: 229647 | Failed: 216703 (190.1%)
Progress: 446400 / 234837 | Success: 229647 | Failed: 216753 (190.1%)
Progress: 446450 / 234837 | Success: 229647 | Failed: 216803 (190.1%)
Progress: 446500 / 234837 | Success: 229647 | Failed: 216853 (190.1%)
Progress: 446550 / 234837 | Success: 229647 | Failed: 216903 (190.2%)
Progress: 446600 / 234837 | Success: 229647 | Failed: 216953 (190.2%)
Progress: 446650 / 234837 | Success: 229647 | Failed: 217003 (190.2%)
Progress: 446700 / 234837 | Success: 229647 | Failed: 217053 (190.2%)
Progress: 446750 / 234837 | Success: 229647 | Failed: 217103 (190.2%)
Progress: 446800 / 234837 | Success: 229647 | Failed: 217153 (190.3%)
Progress: 446850 / 234837 | Success: 229647 | Failed: 217203 (190.3%)
Progress: 446900 / 234837 | Success: 229647 | Failed: 217253 (190.3%)
Progress: 446950 / 234837 | Success: 229647 | Failed: 217303 (190.3%)
Progress: 447000 / 234837 | Success: 229647 | Failed: 217353 (190.3%)
Progress: 447050 / 234837 | Success: 229647 | Failed: 217403 (190.4%)
Progress: 447100 / 234837 | Success: 229647 | Failed: 217453 (190.4%)
Progress: 447150 / 234837 | Success: 229647 | Failed: 217503 (190.4%)
Progress: 447200 / 234837 | Success: 229647 | Failed: 217553 (190.4%)
Progress: 447250 / 234837 | Success: 229647 | Failed: 217603 (190.5%)
Progress: 447300 / 234837 | Success: 229647 | Failed: 217653 (190.5%)
Progress: 447350 / 234837 | Success: 229647 | Failed: 217703 (190.5%)
Progress: 447400 / 234837 | Success: 229647 | Failed: 217753 (190.5%)
Progress: 447450 / 234837 | Success: 229647 | Failed: 217803 (190.5%)
Progress: 447500 / 234837 | Success: 229647 | Failed: 217853 (190.6%)
Progress: 447550 / 234837 | Success: 229647 | Failed: 217903 (190.6%)
Progress: 447600 / 234837 | Success: 229647 | Failed: 217953 (190.6%)
Progress: 447650 / 234837 | Success: 229647 | Failed: 218003 (190.6%)
Progress: 447700 / 234837 | Success: 229647 | Failed: 218053 (190.6%)
Progress: 447750 / 234837 | Success: 229647 | Failed: 218103 (190.7%)
Progress: 447800 / 234837 | Success: 229647 | Failed: 218153 (190.7%)
Progress: 447850 / 234837 | Success: 229647 | Failed: 218203 (190.7%)
Progress: 447900 / 234837 | Success: 229647 | Failed: 218253 (190.7%)
Progress: 447950 / 234837 | Success: 229647 | Failed: 218303 (190.7%)
Progress: 448000 / 234837 | Success: 229647 | Failed: 218353 (190.8%)
Progress: 448050 / 234837 | Success: 229647 | Failed: 218403 (190.8%)
Progress: 448100 / 234837 | Success: 229647 | Failed: 218453 (190.8%)
Progress: 448150 / 234837 | Success: 229647 | Failed: 218503 (190.8%)
Progress: 448200 / 234837 | Success: 229647 | Failed: 218553 (190.9%)
Progress: 448250 / 234837 | Success: 229647 | Failed: 218603 (190.9%)
Progress: 448300 / 234837 | Success: 229647 | Failed: 218653 (190.9%)
Progress: 448350 / 234837 | Success: 229647 | Failed: 218703 (190.9%)
Progress: 448400 / 234837 | Success: 229647 | Failed: 218753 (190.9%)
Progress: 448450 / 234837 | Success: 229647 | Failed: 218803 (191.0%)
Progress: 448500 / 234837 | Success: 229647 | Failed: 218853 (191.0%)
Progress: 448550 / 234837 | Success: 229647 | Failed: 218903 (191.0%)
Progress: 448600 / 234837 | Success: 229647 | Failed: 218953 (191.0%)
Progress: 448650 / 234837 | Success: 229647 | Failed: 219003 (191.0%)
Progress: 448700 / 234837 | Success: 229647 | Failed: 219053 (191.1%)
Progress: 448750 / 234837 | Success: 229647 | Failed: 219103 (191.1%)
Progress: 448800 / 234837 | Success: 229647 | Failed: 219153 (191.1%)
Progress: 448850 / 234837 | Success: 229647 | Failed: 219203 (191.1%)
Progress: 448900 / 234837 | Success: 229647 | Failed: 219253 (191.2%)
Progress: 448950 / 234837 | Success: 229647 | Failed: 219303 (191.2%)
Progress: 449000 / 234837 | Success: 229647 | Failed: 219353 (191.2%)
Progress: 449050 / 234837 | Success: 229647 | Failed: 219403 (191.2%)
Progress: 449100 / 234837 | Success: 229647 | Failed: 219453 (191.2%)
Progress: 449150 / 234837 | Success: 229647 | Failed: 219503 (191.3%)
Progress: 449200 / 234837 | Success: 229647 | Failed: 219553 (191.3%)
Progress: 449250 / 234837 | Success: 229647 | Failed: 219603 (191.3%)
Progress: 449300 / 234837 | Success: 229647 | Failed: 219653 (191.3%)
Progress: 449350 / 234837 | Success: 229647 | Failed: 219703 (191.3%)
Progress: 449400 / 234837 | Success: 229647 | Failed: 219753 (191.4%)
Progress: 449450 / 234837 | Success: 229647 | Failed: 219803 (191.4%)
Progress: 449500 / 234837 | Success: 229647 | Failed: 219853 (191.4%)
Progress: 449550 / 234837 | Success: 229647 | Failed: 219903 (191.4%)
Progress: 449600 / 234837 | Success: 229647 | Failed: 219953 (191.5%)
Progress: 449650 / 234837 | Success: 229647 | Failed: 220003 (191.5%)
Progress: 449700 / 234837 | Success: 229647 | Failed: 220053 (191.5%)
Progress: 449750 / 234837 | Success: 229647 | Failed: 220103 (191.5%)
Progress: 449800 / 234837 | Success: 229647 | Failed: 220153 (191.5%)
Progress: 449850 / 234837 | Success: 229647 | Failed: 220203 (191.6%)
Progress: 449900 / 234837 | Success: 229647 | Failed: 220253 (191.6%)
Progress: 449950 / 234837 | Success: 229647 | Failed: 220303 (191.6%)
Progress: 450000 / 234837 | Success: 229647 | Failed: 220353 (191.6%)
Progress: 450050 / 234837 | Success: 229647 | Failed: 220403 (191.6%)
Progress: 450100 / 234837 | Success: 229647 | Failed: 220453 (191.7%)
Progress: 450150 / 234837 | Success: 229647 | Failed: 220503 (191.7%)
Progress: 450200 / 234837 | Success: 229647 | Failed: 220553 (191.7%)
Progress: 450250 / 234837 | Success: 229647 | Failed: 220603 (191.7%)
Progress: 450300 / 234837 | Success: 229647 | Failed: 220653 (191.8%)
Progress: 450350 / 234837 | Success: 229647 | Failed: 220703 (191.8%)
Progress: 450400 / 234837 | Success: 229647 | Failed: 220753 (191.8%)
Progress: 450450 / 234837 | Success: 229647 | Failed: 220803 (191.8%)
Progress: 450500 / 234837 | Success: 229647 | Failed: 220853 (191.8%)
Progress: 450550 / 234837 | Success: 229647 | Failed: 220903 (191.9%)
Progress: 450600 / 234837 | Success: 229647 | Failed: 220953 (191.9%)
Progress: 450650 / 234837 | Success: 229647 | Failed: 221003 (191.9%)
Progress: 450700 / 234837 | Success: 229647 | Failed: 221053 (191.9%)
Progress: 450750 / 234837 | Success: 229647 | Failed: 221103 (191.9%)
Progress: 450800 / 234837 | Success: 229647 | Failed: 221153 (192.0%)
Progress: 450850 / 234837 | Success: 229647 | Failed: 221203 (192.0%)
Progress: 450900 / 234837 | Success: 229647 | Failed: 221253 (192.0%)
Progress: 450950 / 234837 | Success: 229647 | Failed: 221303 (192.0%)
Progress: 451000 / 234837 | Success: 229647 | Failed: 221353 (192.0%)
Progress: 451050 / 234837 | Success: 229647 | Failed: 221403 (192.1%)
Progress: 451100 / 234837 | Success: 229647 | Failed: 221453 (192.1%)
Progress: 451150 / 234837 | Success: 229647 | Failed: 221503 (192.1%)
Progress: 451200 / 234837 | Success: 229647 | Failed: 221553 (192.1%)
Progress: 451250 / 234837 | Success: 229647 | Failed: 221603 (192.2%)
Progress: 451300 / 234837 | Success: 229647 | Failed: 221653 (192.2%)
Progress: 451350 / 234837 | Success: 229647 | Failed: 221703 (192.2%)
Progress: 451400 / 234837 | Success: 229647 | Failed: 221753 (192.2%)
Progress: 451450 / 234837 | Success: 229647 | Failed: 221803 (192.2%)
Progress: 451500 / 234837 | Success: 229647 | Failed: 221853 (192.3%)
Progress: 451550 / 234837 | Success: 229647 | Failed: 221903 (192.3%)
Progress: 451600 / 234837 | Success: 229647 | Failed: 221953 (192.3%)
Progress: 451650 / 234837 | Success: 229647 | Failed: 222003 (192.3%)
Progress: 451700 / 234837 | Success: 229647 | Failed: 222053 (192.3%)
Progress: 451750 / 234837 | Success: 229647 | Failed: 222103 (192.4%)
Progress: 451800 / 234837 | Success: 229647 | Failed: 222153 (192.4%)
Progress: 451850 / 234837 | Success: 229647 | Failed: 222203 (192.4%)
Progress: 451900 / 234837 | Success: 229647 | Failed: 222253 (192.4%)
Progress: 451950 / 234837 | Success: 229647 | Failed: 222303 (192.5%)
Progress: 452000 / 234837 | Success: 229647 | Failed: 222353 (192.5%)
Progress: 452050 / 234837 | Success: 229647 | Failed: 222403 (192.5%)
Progress: 452100 / 234837 | Success: 229647 | Failed: 222453 (192.5%)
Progress: 452150 / 234837 | Success: 229647 | Failed: 222503 (192.5%)
Progress: 452200 / 234837 | Success: 229647 | Failed: 222553 (192.6%)
Progress: 452250 / 234837 | Success: 229647 | Failed: 222603 (192.6%)
Progress: 452300 / 234837 | Success: 229647 | Failed: 222653 (192.6%)
Progress: 452350 / 234837 | Success: 229647 | Failed: 222703 (192.6%)
Progress: 452400 / 234837 | Success: 229647 | Failed: 222753 (192.6%)
Progress: 452450 / 234837 | Success: 229647 | Failed: 222803 (192.7%)
Progress: 452500 / 234837 | Success: 229647 | Failed: 222853 (192.7%)
Progress: 452550 / 234837 | Success: 229647 | Failed: 222903 (192.7%)
Progress: 452600 / 234837 | Success: 229647 | Failed: 222953 (192.7%)
Progress: 452650 / 234837 | Success: 229647 | Failed: 223003 (192.8%)
Progress: 452700 / 234837 | Success: 229647 | Failed: 223053 (192.8%)
Progress: 452750 / 234837 | Success: 229647 | Failed: 223103 (192.8%)
Progress: 452800 / 234837 | Success: 229647 | Failed: 223153 (192.8%)
Progress: 452850 / 234837 | Success: 229647 | Failed: 223203 (192.8%)
Progress: 452900 / 234837 | Success: 229647 | Failed: 223253 (192.9%)
Progress: 452950 / 234837 | Success: 229647 | Failed: 223303 (192.9%)
Progress: 453000 / 234837 | Success: 229647 | Failed: 223353 (192.9%)
Progress: 453050 / 234837 | Success: 229647 | Failed: 223403 (192.9%)
Progress: 453100 / 234837 | Success: 229647 | Failed: 223453 (192.9%)
Progress: 453150 / 234837 | Success: 229647 | Failed: 223503 (193.0%)
Progress: 453200 / 234837 | Success: 229647 | Failed: 223553 (193.0%)
Progress: 453250 / 234837 | Success: 229647 | Failed: 223603 (193.0%)
Progress: 453300 / 234837 | Success: 229647 | Failed: 223653 (193.0%)
Progress: 453350 / 234837 | Success: 229647 | Failed: 223703 (193.0%)
Progress: 453400 / 234837 | Success: 229647 | Failed: 223753 (193.1%)
Progress: 453450 / 234837 | Success: 229647 | Failed: 223803 (193.1%)
Progress: 453500 / 234837 | Success: 229647 | Failed: 223853 (193.1%)
Progress: 453550 / 234837 | Success: 229647 | Failed: 223903 (193.1%)
Progress: 453600 / 234837 | Success: 229647 | Failed: 223953 (193.2%)
Progress: 453650 / 234837 | Success: 229647 | Failed: 224003 (193.2%)
Progress: 453700 / 234837 | Success: 229647 | Failed: 224053 (193.2%)
Progress: 453750 / 234837 | Success: 229647 | Failed: 224103 (193.2%)
Progress: 453800 / 234837 | Success: 229647 | Failed: 224153 (193.2%)
Progress: 453850 / 234837 | Success: 229647 | Failed: 224203 (193.3%)
Progress: 453900 / 234837 | Success: 229647 | Failed: 224253 (193.3%)
Progress: 453950 / 234837 | Success: 229647 | Failed: 224303 (193.3%)
Progress: 454000 / 234837 | Success: 229647 | Failed: 224353 (193.3%)
Progress: 454050 / 234837 | Success: 229647 | Failed: 224403 (193.3%)
Progress: 454100 / 234837 | Success: 229647 | Failed: 224453 (193.4%)
Progress: 454150 / 234837 | Success: 229647 | Failed: 224503 (193.4%)
Progress: 454200 / 234837 | Success: 229647 | Failed: 224553 (193.4%)
Progress: 454250 / 234837 | Success: 229647 | Failed: 224603 (193.4%)
Progress: 454300 / 234837 | Success: 229647 | Failed: 224653 (193.5%)
Progress: 454350 / 234837 | Success: 229647 | Failed: 224703 (193.5%)
Progress: 454400 / 234837 | Success: 229647 | Failed: 224753 (193.5%)
Progress: 454450 / 234837 | Success: 229647 | Failed: 224803 (193.5%)
Progress: 454500 / 234837 | Success: 229647 | Failed: 224853 (193.5%)
Progress: 454550 / 234837 | Success: 229647 | Failed: 224903 (193.6%)
Progress: 454600 / 234837 | Success: 229647 | Failed: 224953 (193.6%)
Progress: 454650 / 234837 | Success: 229647 | Failed: 225003 (193.6%)
Progress: 454700 / 234837 | Success: 229647 | Failed: 225053 (193.6%)
Progress: 454750 / 234837 | Success: 229647 | Failed: 225103 (193.6%)
Progress: 454800 / 234837 | Success: 229647 | Failed: 225153 (193.7%)
Progress: 454850 / 234837 | Success: 229647 | Failed: 225203 (193.7%)
Progress: 454900 / 234837 | Success: 229647 | Failed: 225253 (193.7%)
Progress: 454950 / 234837 | Success: 229647 | Failed: 225303 (193.7%)
Progress: 455000 / 234837 | Success: 229647 | Failed: 225353 (193.8%)
Progress: 455050 / 234837 | Success: 229647 | Failed: 225403 (193.8%)
Progress: 455100 / 234837 | Success: 229647 | Failed: 225453 (193.8%)
Progress: 455150 / 234837 | Success: 229647 | Failed: 225503 (193.8%)
Progress: 455200 / 234837 | Success: 229647 | Failed: 225553 (193.8%)
Progress: 455250 / 234837 | Success: 229647 | Failed: 225603 (193.9%)
Progress: 455300 / 234837 | Success: 229647 | Failed: 225653 (193.9%)
Progress: 455350 / 234837 | Success: 229647 | Failed: 225703 (193.9%)
Progress: 455400 / 234837 | Success: 229647 | Failed: 225753 (193.9%)
Progress: 455450 / 234837 | Success: 229647 | Failed: 225803 (193.9%)
Progress: 455500 / 234837 | Success: 229647 | Failed: 225853 (194.0%)
Progress: 455550 / 234837 | Success: 229647 | Failed: 225903 (194.0%)
Progress: 455600 / 234837 | Success: 229647 | Failed: 225953 (194.0%)
Progress: 455650 / 234837 | Success: 229647 | Failed: 226003 (194.0%)
Progress: 455700 / 234837 | Success: 229647 | Failed: 226053 (194.0%)
Progress: 455750 / 234837 | Success: 229647 | Failed: 226103 (194.1%)
Progress: 455800 / 234837 | Success: 229647 | Failed: 226153 (194.1%)
Progress: 455850 / 234837 | Success: 229647 | Failed: 226203 (194.1%)
Progress: 455900 / 234837 | Success: 229647 | Failed: 226253 (194.1%)
Progress: 455950 / 234837 | Success: 229647 | Failed: 226303 (194.2%)
Progress: 456000 / 234837 | Success: 229647 | Failed: 226353 (194.2%)
Progress: 456050 / 234837 | Success: 229647 | Failed: 226403 (194.2%)
Progress: 456100 / 234837 | Success: 229647 | Failed: 226453 (194.2%)
Progress: 456150 / 234837 | Success: 229647 | Failed: 226503 (194.2%)
Progress: 456200 / 234837 | Success: 229647 | Failed: 226553 (194.3%)
Progress: 456250 / 234837 | Success: 229647 | Failed: 226603 (194.3%)
Progress: 456300 / 234837 | Success: 229647 | Failed: 226653 (194.3%)
Progress: 456350 / 234837 | Success: 229647 | Failed: 226703 (194.3%)
Progress: 456400 / 234837 | Success: 229647 | Failed: 226753 (194.3%)
Progress: 456450 / 234837 | Success: 229647 | Failed: 226803 (194.4%)
Progress: 456500 / 234837 | Success: 229647 | Failed: 226853 (194.4%)
Progress: 456550 / 234837 | Success: 229647 | Failed: 226903 (194.4%)
Progress: 456600 / 234837 | Success: 229647 | Failed: 226953 (194.4%)
Progress: 456650 / 234837 | Success: 229647 | Failed: 227003 (194.5%)
Progress: 456700 / 234837 | Success: 229647 | Failed: 227053 (194.5%)
Progress: 456750 / 234837 | Success: 229647 | Failed: 227103 (194.5%)
Progress: 456800 / 234837 | Success: 229647 | Failed: 227153 (194.5%)
Progress: 456850 / 234837 | Success: 229647 | Failed: 227203 (194.5%)
Progress: 456900 / 234837 | Success: 229647 | Failed: 227253 (194.6%)
Progress: 456950 / 234837 | Success: 229647 | Failed: 227303 (194.6%)
Progress: 457000 / 234837 | Success: 229647 | Failed: 227353 (194.6%)
Progress: 457050 / 234837 | Success: 229647 | Failed: 227403 (194.6%)
Progress: 457100 / 234837 | Success: 229647 | Failed: 227453 (194.6%)
Progress: 457150 / 234837 | Success: 229647 | Failed: 227503 (194.7%)
Progress: 457200 / 234837 | Success: 229647 | Failed: 227553 (194.7%)
Progress: 457250 / 234837 | Success: 229647 | Failed: 227603 (194.7%)
Progress: 457300 / 234837 | Success: 229647 | Failed: 227653 (194.7%)
Progress: 457350 / 234837 | Success: 229647 | Failed: 227703 (194.8%)
Progress: 457400 / 234837 | Success: 229647 | Failed: 227753 (194.8%)
Progress: 457450 / 234837 | Success: 229647 | Failed: 227803 (194.8%)
Progress: 457500 / 234837 | Success: 229647 | Failed: 227853 (194.8%)
Progress: 457550 / 234837 | Success: 229647 | Failed: 227903 (194.8%)
Progress: 457600 / 234837 | Success: 229647 | Failed: 227953 (194.9%)
Progress: 457650 / 234837 | Success: 229647 | Failed: 228003 (194.9%)
Progress: 457700 / 234837 | Success: 229647 | Failed: 228053 (194.9%)
Progress: 457750 / 234837 | Success: 229647 | Failed: 228103 (194.9%)
Progress: 457800 / 234837 | Success: 229647 | Failed: 228153 (194.9%)
Progress: 457850 / 234837 | Success: 229647 | Failed: 228203 (195.0%)
Progress: 457900 / 234837 | Success: 229647 | Failed: 228253 (195.0%)
Progress: 457950 / 234837 | Success: 229647 | Failed: 228303 (195.0%)
Progress: 458000 / 234837 | Success: 229647 | Failed: 228353 (195.0%)
Progress: 458050 / 234837 | Success: 229647 | Failed: 228403 (195.1%)
Progress: 458100 / 234837 | Success: 229647 | Failed: 228453 (195.1%)
Progress: 458150 / 234837 | Success: 229647 | Failed: 228503 (195.1%)
Progress: 458200 / 234837 | Success: 229647 | Failed: 228553 (195.1%)
Progress: 458250 / 234837 | Success: 229647 | Failed: 228603 (195.1%)
Progress: 458300 / 234837 | Success: 229647 | Failed: 228653 (195.2%)
Progress: 458350 / 234837 | Success: 229647 | Failed: 228703 (195.2%)
Progress: 458400 / 234837 | Success: 229647 | Failed: 228753 (195.2%)
Progress: 458450 / 234837 | Success: 229647 | Failed: 228803 (195.2%)
Progress: 458500 / 234837 | Success: 229647 | Failed: 228853 (195.2%)
Progress: 458550 / 234837 | Success: 229647 | Failed: 228903 (195.3%)
Progress: 458600 / 234837 | Success: 229647 | Failed: 228953 (195.3%)
Progress: 458650 / 234837 | Success: 229647 | Failed: 229003 (195.3%)
Progress: 458700 / 234837 | Success: 229647 | Failed: 229053 (195.3%)
Progress: 458750 / 234837 | Success: 229647 | Failed: 229103 (195.3%)
Progress: 458800 / 234837 | Success: 229647 | Failed: 229153 (195.4%)
Progress: 458850 / 234837 | Success: 229647 | Failed: 229203 (195.4%)
Progress: 458900 / 234837 | Success: 229647 | Failed: 229253 (195.4%)
Progress: 458950 / 234837 | Success: 229647 | Failed: 229303 (195.4%)
Progress: 459000 / 234837 | Success: 229647 | Failed: 229353 (195.5%)
Progress: 459050 / 234837 | Success: 229647 | Failed: 229403 (195.5%)
Progress: 459100 / 234837 | Success: 229647 | Failed: 229453 (195.5%)
Progress: 459150 / 234837 | Success: 229647 | Failed: 229503 (195.5%)
Progress: 459200 / 234837 | Success: 229647 | Failed: 229553 (195.5%)
Progress: 459250 / 234837 | Success: 229647 | Failed: 229603 (195.6%)
Progress: 459300 / 234837 | Success: 229647 | Failed: 229653 (195.6%)
Progress: 459350 / 234837 | Success: 229647 | Failed: 229703 (195.6%)
Progress: 459400 / 234837 | Success: 229647 | Failed: 229753 (195.6%)
Progress: 459450 / 234837 | Success: 229647 | Failed: 229803 (195.6%)
Progress: 459500 / 234837 | Success: 229647 | Failed: 229853 (195.7%)
Progress: 459550 / 234837 | Success: 229647 | Failed: 229903 (195.7%)
Progress: 459600 / 234837 | Success: 229647 | Failed: 229953 (195.7%)
Progress: 459650 / 234837 | Success: 229647 | Failed: 230003 (195.7%)
Progress: 459700 / 234837 | Success: 229647 | Failed: 230053 (195.8%)
Progress: 459750 / 234837 | Success: 229647 | Failed: 230103 (195.8%)
Progress: 459800 / 234837 | Success: 229647 | Failed: 230153 (195.8%)
Progress: 459850 / 234837 | Success: 229647 | Failed: 230203 (195.8%)
Progress: 459900 / 234837 | Success: 229647 | Failed: 230253 (195.8%)
Progress: 459950 / 234837 | Success: 229647 | Failed: 230303 (195.9%)
Progress: 460000 / 234837 | Success: 229647 | Failed: 230353 (195.9%)
Progress: 460050 / 234837 | Success: 229647 | Failed: 230403 (195.9%)
Progress: 460100 / 234837 | Success: 229647 | Failed: 230453 (195.9%)
Progress: 460150 / 234837 | Success: 229647 | Failed: 230503 (195.9%)
Progress: 460200 / 234837 | Success: 229647 | Failed: 230553 (196.0%)
Progress: 460250 / 234837 | Success: 229647 | Failed: 230603 (196.0%)
Progress: 460300 / 234837 | Success: 229647 | Failed: 230653 (196.0%)
Progress: 460350 / 234837 | Success: 229647 | Failed: 230703 (196.0%)
Progress: 460400 / 234837 | Success: 229647 | Failed: 230753 (196.1%)
Progress: 460450 / 234837 | Success: 229647 | Failed: 230803 (196.1%)
Progress: 460500 / 234837 | Success: 229647 | Failed: 230853 (196.1%)
Progress: 460550 / 234837 | Success: 229647 | Failed: 230903 (196.1%)
Progress: 460600 / 234837 | Success: 229647 | Failed: 230953 (196.1%)
Progress: 460650 / 234837 | Success: 229647 | Failed: 231003 (196.2%)
Progress: 460700 / 234837 | Success: 229647 | Failed: 231053 (196.2%)
Progress: 460750 / 234837 | Success: 229647 | Failed: 231103 (196.2%)
Progress: 460800 / 234837 | Success: 229647 | Failed: 231153 (196.2%)
Progress: 460850 / 234837 | Success: 229647 | Failed: 231203 (196.2%)
Progress: 460900 / 234837 | Success: 229647 | Failed: 231253 (196.3%)
Progress: 460950 / 234837 | Success: 229647 | Failed: 231303 (196.3%)
Progress: 461000 / 234837 | Success: 229647 | Failed: 231353 (196.3%)
Progress: 461050 / 234837 | Success: 229647 | Failed: 231403 (196.3%)
Progress: 461100 / 234837 | Success: 229647 | Failed: 231453 (196.3%)
Progress: 461150 / 234837 | Success: 229647 | Failed: 231503 (196.4%)
Progress: 461200 / 234837 | Success: 229647 | Failed: 231553 (196.4%)
Progress: 461250 / 234837 | Success: 229647 | Failed: 231603 (196.4%)
Progress: 461300 / 234837 | Success: 229647 | Failed: 231653 (196.4%)
Progress: 461350 / 234837 | Success: 229647 | Failed: 231703 (196.5%)
Progress: 461400 / 234837 | Success: 229647 | Failed: 231753 (196.5%)
Progress: 461450 / 234837 | Success: 229647 | Failed: 231803 (196.5%)
Progress: 461500 / 234837 | Success: 229647 | Failed: 231853 (196.5%)
Progress: 461550 / 234837 | Success: 229647 | Failed: 231903 (196.5%)
Progress: 461600 / 234837 | Success: 229647 | Failed: 231953 (196.6%)
Progress: 461650 / 234837 | Success: 229647 | Failed: 232003 (196.6%)
Progress: 461700 / 234837 | Success: 229647 | Failed: 232053 (196.6%)
Progress: 461750 / 234837 | Success: 229647 | Failed: 232103 (196.6%)
Progress: 461800 / 234837 | Success: 229647 | Failed: 232153 (196.6%)
Progress: 461850 / 234837 | Success: 229647 | Failed: 232203 (196.7%)
Progress: 461900 / 234837 | Success: 229647 | Failed: 232253 (196.7%)
Progress: 461950 / 234837 | Success: 229647 | Failed: 232303 (196.7%)
Progress: 462000 / 234837 | Success: 229647 | Failed: 232353 (196.7%)
Progress: 462050 / 234837 | Success: 229647 | Failed: 232403 (196.8%)
Progress: 462100 / 234837 | Success: 229647 | Failed: 232453 (196.8%)
Progress: 462150 / 234837 | Success: 229647 | Failed: 232503 (196.8%)
Progress: 462200 / 234837 | Success: 229647 | Failed: 232553 (196.8%)
Progress: 462250 / 234837 | Success: 229647 | Failed: 232603 (196.8%)
Progress: 462300 / 234837 | Success: 229647 | Failed: 232653 (196.9%)
Progress: 462350 / 234837 | Success: 229647 | Failed: 232703 (196.9%)
Progress: 462400 / 234837 | Success: 229647 | Failed: 232753 (196.9%)
Progress: 462450 / 234837 | Success: 229647 | Failed: 232803 (196.9%)
Progress: 462500 / 234837 | Success: 229647 | Failed: 232853 (196.9%)
Progress: 462550 / 234837 | Success: 229647 | Failed: 232903 (197.0%)
Progress: 462600 / 234837 | Success: 229647 | Failed: 232953 (197.0%)
Progress: 462650 / 234837 | Success: 229647 | Failed: 233003 (197.0%)
Progress: 462700 / 234837 | Success: 229647 | Failed: 233053 (197.0%)
Progress: 462750 / 234837 | Success: 229647 | Failed: 233103 (197.1%)
Progress: 462800 / 234837 | Success: 229647 | Failed: 233153 (197.1%)
Progress: 462850 / 234837 | Success: 229647 | Failed: 233203 (197.1%)
Progress: 462900 / 234837 | Success: 229647 | Failed: 233253 (197.1%)
Progress: 462950 / 234837 | Success: 229647 | Failed: 233303 (197.1%)
Progress: 463000 / 234837 | Success: 229647 | Failed: 233353 (197.2%)
Progress: 463050 / 234837 | Success: 229647 | Failed: 233403 (197.2%)
Progress: 463100 / 234837 | Success: 229647 | Failed: 233453 (197.2%)
Progress: 463150 / 234837 | Success: 229647 | Failed: 233503 (197.2%)
Progress: 463200 / 234837 | Success: 229647 | Failed: 233553 (197.2%)
Progress: 463250 / 234837 | Success: 229647 | Failed: 233603 (197.3%)
Progress: 463300 / 234837 | Success: 229647 | Failed: 233653 (197.3%)
Progress: 463350 / 234837 | Success: 229647 | Failed: 233703 (197.3%)
Progress: 463400 / 234837 | Success: 229647 | Failed: 233753 (197.3%)
Progress: 463450 / 234837 | Success: 229647 | Failed: 233803 (197.3%)
Progress: 463500 / 234837 | Success: 229647 | Failed: 233853 (197.4%)
Progress: 463550 / 234837 | Success: 229647 | Failed: 233903 (197.4%)
Progress: 463600 / 234837 | Success: 229647 | Failed: 233953 (197.4%)
Progress: 463650 / 234837 | Success: 229647 | Failed: 234003 (197.4%)
Progress: 463700 / 234837 | Success: 229647 | Failed: 234053 (197.5%)
Progress: 463750 / 234837 | Success: 229647 | Failed: 234103 (197.5%)
Progress: 463800 / 234837 | Success: 229647 | Failed: 234153 (197.5%)
Progress: 463850 / 234837 | Success: 229647 | Failed: 234203 (197.5%)
Progress: 463900 / 234837 | Success: 229647 | Failed: 234253 (197.5%)
Progress: 463950 / 234837 | Success: 229647 | Failed: 234303 (197.6%)
Progress: 464000 / 234837 | Success: 229647 | Failed: 234353 (197.6%)
Progress: 464050 / 234837 | Success: 229647 | Failed: 234403 (197.6%)
Progress: 464100 / 234837 | Success: 229647 | Failed: 234453 (197.6%)
Progress: 464150 / 234837 | Success: 229647 | Failed: 234503 (197.6%)
Progress: 464200 / 234837 | Success: 229647 | Failed: 234553 (197.7%)
Progress: 464250 / 234837 | Success: 229647 | Failed: 234603 (197.7%)
Progress: 464300 / 234837 | Success: 229647 | Failed: 234653 (197.7%)
Progress: 464350 / 234837 | Success: 229647 | Failed: 234703 (197.7%)
Progress: 464400 / 234837 | Success: 229647 | Failed: 234753 (197.8%)
Progress: 464450 / 234837 | Success: 229647 | Failed: 234803 (197.8%)
Progress: 464500 / 234837 | Success: 229647 | Failed: 234853 (197.8%)
Progress: 464550 / 234837 | Success: 229647 | Failed: 234903 (197.8%)
Progress: 464600 / 234837 | Success: 229647 | Failed: 234953 (197.8%)
Progress: 464650 / 234837 | Success: 229647 | Failed: 235003 (197.9%)
Progress: 464700 / 234837 | Success: 229647 | Failed: 235053 (197.9%)
Progress: 464750 / 234837 | Success: 229647 | Failed: 235103 (197.9%)
Progress: 464800 / 234837 | Success: 229647 | Failed: 235153 (197.9%)
Progress: 464850 / 234837 | Success: 229647 | Failed: 235203 (197.9%)
Progress: 464900 / 234837 | Success: 229647 | Failed: 235253 (198.0%)
Progress: 464950 / 234837 | Success: 229647 | Failed: 235303 (198.0%)
Progress: 465000 / 234837 | Success: 229647 | Failed: 235353 (198.0%)
Progress: 465050 / 234837 | Success: 229647 | Failed: 235403 (198.0%)
Progress: 465100 / 234837 | Success: 229647 | Failed: 235453 (198.1%)
Progress: 465150 / 234837 | Success: 229647 | Failed: 235503 (198.1%)
Progress: 465200 / 234837 | Success: 229647 | Failed: 235553 (198.1%)
Progress: 465250 / 234837 | Success: 229647 | Failed: 235603 (198.1%)
Progress: 465300 / 234837 | Success: 229647 | Failed: 235653 (198.1%)
Progress: 465350 / 234837 | Success: 229647 | Failed: 235703 (198.2%)
Progress: 465400 / 234837 | Success: 229647 | Failed: 235753 (198.2%)
Progress: 465450 / 234837 | Success: 229647 | Failed: 235803 (198.2%)
Progress: 465500 / 234837 | Success: 229647 | Failed: 235853 (198.2%)
Progress: 465550 / 234837 | Success: 229647 | Failed: 235903 (198.2%)
Progress: 465600 / 234837 | Success: 229647 | Failed: 235953 (198.3%)
Progress: 465650 / 234837 | Success: 229647 | Failed: 236003 (198.3%)
Progress: 465700 / 234837 | Success: 229647 | Failed: 236053 (198.3%)
Progress: 465750 / 234837 | Success: 229647 | Failed: 236103 (198.3%)
Progress: 465800 / 234837 | Success: 229647 | Failed: 236153 (198.4%)
Progress: 465850 / 234837 | Success: 229647 | Failed: 236203 (198.4%)
Progress: 465900 / 234837 | Success: 229647 | Failed: 236253 (198.4%)
Progress: 465950 / 234837 | Success: 229647 | Failed: 236303 (198.4%)
Progress: 466000 / 234837 | Success: 229647 | Failed: 236353 (198.4%)
Progress: 466050 / 234837 | Success: 229647 | Failed: 236403 (198.5%)
Progress: 466100 / 234837 | Success: 229647 | Failed: 236453 (198.5%)
Progress: 466150 / 234837 | Success: 229647 | Failed: 236503 (198.5%)
Progress: 466200 / 234837 | Success: 229647 | Failed: 236553 (198.5%)
Progress: 466250 / 234837 | Success: 229647 | Failed: 236603 (198.5%)
Progress: 466300 / 234837 | Success: 229647 | Failed: 236653 (198.6%)
Progress: 466350 / 234837 | Success: 229647 | Failed: 236703 (198.6%)
Progress: 466400 / 234837 | Success: 229647 | Failed: 236753 (198.6%)
Progress: 466450 / 234837 | Success: 229647 | Failed: 236803 (198.6%)
Progress: 466500 / 234837 | Success: 229647 | Failed: 236853 (198.6%)
Progress: 466550 / 234837 | Success: 229647 | Failed: 236903 (198.7%)
Progress: 466600 / 234837 | Success: 229647 | Failed: 236953 (198.7%)
Progress: 466650 / 234837 | Success: 229647 | Failed: 237003 (198.7%)
Progress: 466700 / 234837 | Success: 229647 | Failed: 237053 (198.7%)
Progress: 466750 / 234837 | Success: 229647 | Failed: 237103 (198.8%)
Progress: 466800 / 234837 | Success: 229647 | Failed: 237153 (198.8%)
Progress: 466850 / 234837 | Success: 229647 | Failed: 237203 (198.8%)
Progress: 466900 / 234837 | Success: 229647 | Failed: 237253 (198.8%)
Progress: 466950 / 234837 | Success: 229647 | Failed: 237303 (198.8%)
Progress: 467000 / 234837 | Success: 229647 | Failed: 237353 (198.9%)
Progress: 467050 / 234837 | Success: 229647 | Failed: 237403 (198.9%)
Progress: 467100 / 234837 | Success: 229647 | Failed: 237453 (198.9%)
Progress: 467150 / 234837 | Success: 229647 | Failed: 237503 (198.9%)
Progress: 467200 / 234837 | Success: 229647 | Failed: 237553 (198.9%)
Progress: 467250 / 234837 | Success: 229647 | Failed: 237603 (199.0%)
Progress: 467300 / 234837 | Success: 229647 | Failed: 237653 (199.0%)
Progress: 467350 / 234837 | Success: 229647 | Failed: 237703 (199.0%)
Progress: 467400 / 234837 | Success: 229647 | Failed: 237753 (199.0%)
Progress: 467450 / 234837 | Success: 229647 | Failed: 237803 (199.1%)
Progress: 467500 / 234837 | Success: 229647 | Failed: 237853 (199.1%)
Progress: 467550 / 234837 | Success: 229647 | Failed: 237903 (199.1%)
Progress: 467600 / 234837 | Success: 229647 | Failed: 237953 (199.1%)
Progress: 467650 / 234837 | Success: 229647 | Failed: 238003 (199.1%)
Progress: 467700 / 234837 | Success: 229647 | Failed: 238053 (199.2%)
Progress: 467750 / 234837 | Success: 229647 | Failed: 238103 (199.2%)
Progress: 467800 / 234837 | Success: 229647 | Failed: 238153 (199.2%)
Progress: 467850 / 234837 | Success: 229647 | Failed: 238203 (199.2%)
Progress: 467900 / 234837 | Success: 229647 | Failed: 238253 (199.2%)
Progress: 467950 / 234837 | Success: 229647 | Failed: 238303 (199.3%)
Progress: 468000 / 234837 | Success: 229647 | Failed: 238353 (199.3%)
Progress: 468050 / 234837 | Success: 229647 | Failed: 238403 (199.3%)
Progress: 468100 / 234837 | Success: 229647 | Failed: 238453 (199.3%)
Progress: 468150 / 234837 | Success: 229647 | Failed: 238503 (199.4%)
Progress: 468200 / 234837 | Success: 229647 | Failed: 238553 (199.4%)
Progress: 468250 / 234837 | Success: 229647 | Failed: 238603 (199.4%)
Progress: 468300 / 234837 | Success: 229647 | Failed: 238653 (199.4%)
Progress: 468350 / 234837 | Success: 229647 | Failed: 238703 (199.4%)
Progress: 468400 / 234837 | Success: 229647 | Failed: 238753 (199.5%)
Progress: 468450 / 234837 | Success: 229647 | Failed: 238803 (199.5%)
Progress: 468500 / 234837 | Success: 229647 | Failed: 238853 (199.5%)
Progress: 468550 / 234837 | Success: 229647 | Failed: 238903 (199.5%)
Progress: 468600 / 234837 | Success: 229647 | Failed: 238953 (199.5%)
Progress: 468650 / 234837 | Success: 229647 | Failed: 239003 (199.6%)
Progress: 468700 / 234837 | Success: 229647 | Failed: 239053 (199.6%)
Progress: 468750 / 234837 | Success: 229647 | Failed: 239103 (199.6%)
Progress: 468800 / 234837 | Success: 229647 | Failed: 239153 (199.6%)
Progress: 468850 / 234837 | Success: 229647 | Failed: 239203 (199.6%)
Progress: 468900 / 234837 | Success: 229647 | Failed: 239253 (199.7%)
Progress: 468950 / 234837 | Success: 229647 | Failed: 239303 (199.7%)
Progress: 469000 / 234837 | Success: 229647 | Failed: 239353 (199.7%)
Progress: 469050 / 234837 | Success: 229647 | Failed: 239403 (199.7%)
Progress: 469100 / 234837 | Success: 229647 | Failed: 239453 (199.8%)
Progress: 469150 / 234837 | Success: 229647 | Failed: 239503 (199.8%)
Progress: 469200 / 234837 | Success: 229647 | Failed: 239553 (199.8%)
Progress: 469250 / 234837 | Success: 229647 | Failed: 239603 (199.8%)
Progress: 469300 / 234837 | Success: 229647 | Failed: 239653 (199.8%)
Progress: 469350 / 234837 | Success: 229647 | Failed: 239703 (199.9%)
Progress: 469400 / 234837 | Success: 229647 | Failed: 239753 (199.9%)
Progress: 469450 / 234837 | Success: 229647 | Failed: 239803 (199.9%)
Progress: 469500 / 234837 | Success: 229647 | Failed: 239853 (199.9%)
Progress: 469550 / 234837 | Success: 229647 | Failed: 239903 (199.9%)
Progress: 469600 / 234837 | Success: 229647 | Failed: 239953 (200.0%)
Progress: 469650 / 234837 | Success: 229647 | Failed: 240003 (200.0%)
Progress: 469700 / 234837 | Success: 229647 | Failed: 240053 (200.0%)
Progress: 469750 / 234837 | Success: 229647 | Failed: 240103 (200.0%)
Progress: 469800 / 234837 | Success: 229647 | Failed: 240153 (200.1%)
Progress: 469850 / 234837 | Success: 229647 | Failed: 240203 (200.1%)
Progress: 469900 / 234837 | Success: 229647 | Failed: 240253 (200.1%)
Progress: 469950 / 234837 | Success: 229647 | Failed: 240303 (200.1%)
Progress: 470000 / 234837 | Success: 229647 | Failed: 240353 (200.1%)
Progress: 470050 / 234837 | Success: 229647 | Failed: 240403 (200.2%)
Progress: 470100 / 234837 | Success: 229647 | Failed: 240453 (200.2%)
Progress: 470150 / 234837 | Success: 229647 | Failed: 240503 (200.2%)
Progress: 470200 / 234837 | Success: 229647 | Failed: 240553 (200.2%)
Progress: 470250 / 234837 | Success: 229647 | Failed: 240603 (200.2%)
Progress: 470300 / 234837 | Success: 229647 | Failed: 240653 (200.3%)
Progress: 470350 / 234837 | Success: 229647 | Failed: 240703 (200.3%)
Progress: 470400 / 234837 | Success: 229647 | Failed: 240753 (200.3%)
Progress: 470450 / 234837 | Success: 229647 | Failed: 240803 (200.3%)
Progress: 470500 / 234837 | Success: 229647 | Failed: 240853 (200.4%)
Progress: 470550 / 234837 | Success: 229647 | Failed: 240903 (200.4%)
Progress: 470600 / 234837 | Success: 229647 | Failed: 240953 (200.4%)
Progress: 470650 / 234837 | Success: 229647 | Failed: 241003 (200.4%)
Progress: 470700 / 234837 | Success: 229647 | Failed: 241053 (200.4%)
Progress: 470750 / 234837 | Success: 229647 | Failed: 241103 (200.5%)
Progress: 470800 / 234837 | Success: 229647 | Failed: 241153 (200.5%)
Progress: 470850 / 234837 | Success: 229647 | Failed: 241203 (200.5%)
Progress: 470900 / 234837 | Success: 229647 | Failed: 241253 (200.5%)
Progress: 470950 / 234837 | Success: 229647 | Failed: 241303 (200.5%)
Progress: 471000 / 234837 | Success: 229647 | Failed: 241353 (200.6%)
Progress: 471050 / 234837 | Success: 229647 | Failed: 241403 (200.6%)
Progress: 471100 / 234837 | Success: 229647 | Failed: 241453 (200.6%)
Progress: 471150 / 234837 | Success: 229647 | Failed: 241503 (200.6%)
Progress: 471200 / 234837 | Success: 229647 | Failed: 241553 (200.6%)
Progress: 471250 / 234837 | Success: 229647 | Failed: 241603 (200.7%)
Progress: 471300 / 234837 | Success: 229647 | Failed: 241653 (200.7%)
Progress: 471350 / 234837 | Success: 229647 | Failed: 241703 (200.7%)
Progress: 471400 / 234837 | Success: 229647 | Failed: 241753 (200.7%)
Progress: 471450 / 234837 | Success: 229647 | Failed: 241803 (200.8%)
Progress: 471500 / 234837 | Success: 229647 | Failed: 241853 (200.8%)
Progress: 471550 / 234837 | Success: 229647 | Failed: 241903 (200.8%)
Progress: 471600 / 234837 | Success: 229647 | Failed: 241953 (200.8%)
Progress: 471650 / 234837 | Success: 229647 | Failed: 242003 (200.8%)
Progress: 471700 / 234837 | Success: 229647 | Failed: 242053 (200.9%)
Progress: 471750 / 234837 | Success: 229647 | Failed: 242103 (200.9%)
Progress: 471800 / 234837 | Success: 229647 | Failed: 242153 (200.9%)
Progress: 471850 / 234837 | Success: 229647 | Failed: 242203 (200.9%)
Progress: 471900 / 234837 | Success: 229647 | Failed: 242253 (200.9%)
Progress: 471950 / 234837 | Success: 229647 | Failed: 242303 (201.0%)
Progress: 472000 / 234837 | Success: 229647 | Failed: 242353 (201.0%)
Progress: 472050 / 234837 | Success: 229647 | Failed: 242403 (201.0%)
Progress: 472100 / 234837 | Success: 229647 | Failed: 242453 (201.0%)
Progress: 472150 / 234837 | Success: 229647 | Failed: 242503 (201.1%)
Progress: 472200 / 234837 | Success: 229647 | Failed: 242553 (201.1%)
Progress: 472250 / 234837 | Success: 229647 | Failed: 242603 (201.1%)
Progress: 472300 / 234837 | Success: 229647 | Failed: 242653 (201.1%)
Progress: 472350 / 234837 | Success: 229647 | Failed: 242703 (201.1%)
Progress: 472400 / 234837 | Success: 229647 | Failed: 242753 (201.2%)
Progress: 472450 / 234837 | Success: 229647 | Failed: 242803 (201.2%)
Progress: 472500 / 234837 | Success: 229647 | Failed: 242853 (201.2%)
Progress: 472550 / 234837 | Success: 229647 | Failed: 242903 (201.2%)
Progress: 472600 / 234837 | Success: 229647 | Failed: 242953 (201.2%)
Progress: 472650 / 234837 | Success: 229647 | Failed: 243003 (201.3%)
Progress: 472700 / 234837 | Success: 229647 | Failed: 243053 (201.3%)
Progress: 472750 / 234837 | Success: 229647 | Failed: 243103 (201.3%)
Progress: 472800 / 234837 | Success: 229647 | Failed: 243153 (201.3%)
Progress: 472850 / 234837 | Success: 229647 | Failed: 243203 (201.4%)
Progress: 472900 / 234837 | Success: 229647 | Failed: 243253 (201.4%)
Progress: 472950 / 234837 | Success: 229647 | Failed: 243303 (201.4%)
Progress: 473000 / 234837 | Success: 229647 | Failed: 243353 (201.4%)
Progress: 473050 / 234837 | Success: 229647 | Failed: 243403 (201.4%)
Progress: 473100 / 234837 | Success: 229647 | Failed: 243453 (201.5%)
Progress: 473150 / 234837 | Success: 229647 | Failed: 243503 (201.5%)
Progress: 473200 / 234837 | Success: 229647 | Failed: 243553 (201.5%)
Progress: 473250 / 234837 | Success: 229647 | Failed: 243603 (201.5%)
Progress: 473300 / 234837 | Success: 229647 | Failed: 243653 (201.5%)
Progress: 473350 / 234837 | Success: 229647 | Failed: 243703 (201.6%)
Progress: 473400 / 234837 | Success: 229647 | Failed: 243753 (201.6%)
Progress: 473450 / 234837 | Success: 229647 | Failed: 243803 (201.6%)
Progress: 473500 / 234837 | Success: 229647 | Failed: 243853 (201.6%)
Progress: 473550 / 234837 | Success: 229647 | Failed: 243903 (201.7%)
Progress: 473600 / 234837 | Success: 229647 | Failed: 243953 (201.7%)
Progress: 473650 / 234837 | Success: 229647 | Failed: 244003 (201.7%)
Progress: 473700 / 234837 | Success: 229647 | Failed: 244053 (201.7%)
Progress: 473750 / 234837 | Success: 229647 | Failed: 244103 (201.7%)
Progress: 473800 / 234837 | Success: 229647 | Failed: 244153 (201.8%)
Progress: 473850 / 234837 | Success: 229647 | Failed: 244203 (201.8%)
Progress: 473900 / 234837 | Success: 229647 | Failed: 244253 (201.8%)
Progress: 473950 / 234837 | Success: 229647 | Failed: 244303 (201.8%)
Progress: 474000 / 234837 | Success: 229647 | Failed: 244353 (201.8%)
